[2026-09-05 02:28:21,090] servidor-proyectos/INFO/locust.main: Starting Locust 2.46.4
[2026-09-05 02:28:21,091] servidor-proyectos/INFO/locust.main: Run time limit set to 300 seconds
Type     Name                                                                          # reqs      # fails |    Avg     Min     Max    Med |   req/s  failures/s
--------|----------------------------------------------------------------------------|-------|-------------|-------|-------|-------|-------|--------|-----------
--------|----------------------------------------------------------------------------|-------|-------------|-------|-------|-------|-------|--------|-----------
         Aggregated                                                                         0     0(0.00%) |      0       0       0      0 |    0.00        0.00

[2026-09-05 02:28:21,093] servidor-proyectos/INFO/locust.runners: Ramping to 50 users at a rate of 10.00 per second
Type     Name                                                                          # reqs      # fails |    Avg     Min     Max    Med |   req/s  failures/s
--------|----------------------------------------------------------------------------|-------|-------------|-------|-------|-------|-------|--------|-----------
GET      GET /api/v1/reservas                                                               1     0(0.00%) |     49      49      49     49 |    0.00        0.00
POST     POST /api/v1/auth/login                                                            1     0(0.00%) |   1620    1620    1620   1620 |    0.00        0.00
--------|----------------------------------------------------------------------------|-------|-------------|-------|-------|-------|-------|--------|-----------
         Aggregated                                                                         2     0(0.00%) |    834      49    1620     49 |    0.00        0.00

Type     Name                                                                          # reqs      # fails |    Avg     Min     Max    Med |   req/s  failures/s
--------|----------------------------------------------------------------------------|-------|-------------|-------|-------|-------|-------|--------|-----------
GET      GET /api/v1/reservas                                                               5     0(0.00%) |     67      36     117     49 |    0.00        0.00
POST     POST /api/v1/auth/login                                                            4     0(0.00%) |   2461    1620    3493   2100 |    0.00        0.00
--------|----------------------------------------------------------------------------|-------|-------------|-------|-------|-------|-------|--------|-----------
         Aggregated                                                                         9     0(0.00%) |   1131      36    3493    120 |    0.00        0.00

[2026-09-05 02:28:25,101] servidor-proyectos/INFO/locust.runners: All users spawned: {"ReservasUser": 50} (50 total users)
Type     Name                                                                          # reqs      # fails |    Avg     Min     Max    Med |   req/s  failures/s
--------|----------------------------------------------------------------------------|-------|-------------|-------|-------|-------|-------|--------|-----------
GET      GET /api/v1/reservas                                                              12     0(0.00%) |     92      12     255     49 |    1.00        0.00
POST     POST /api/v1/auth/login                                                            7     0(0.00%) |   3435    1620    5677   3500 |    1.00        0.00
--------|----------------------------------------------------------------------------|-------|-------------|-------|-------|-------|-------|--------|-----------
         Aggregated                                                                        19     0(0.00%) |   1324      12    5677    150 |    2.00        0.00

Type     Name                                                                          # reqs      # fails |    Avg     Min     Max    Med |   req/s  failures/s
--------|----------------------------------------------------------------------------|-------|-------------|-------|-------|-------|-------|--------|-----------
GET      GET /api/v1/reservas                                                              21     0(0.00%) |     97      12     255     82 |    1.20        0.00
POST     POST /api/v1/auth/login                                                            8     0(0.00%) |   3922    1620    7329   3500 |    1.20        0.00
--------|----------------------------------------------------------------------------|-------|-------------|-------|-------|-------|-------|--------|-----------
         Aggregated                                                                        29     0(0.00%) |   1152      12    7329    120 |    2.40        0.00

Type     Name                                                                          # reqs      # fails |    Avg     Min     Max    Med |   req/s  failures/s
--------|----------------------------------------------------------------------------|-------|-------------|-------|-------|-------|-------|--------|-----------
GET      GET /api/v1/reservas                                                              35     0(0.00%) |     89      10     255     74 |    2.14        0.00
POST     POST /api/v1/auth/login                                                           18     0(0.00%) |   5827    1620    8734   6500 |    1.00        0.00
--------|----------------------------------------------------------------------------|-------|-------------|-------|-------|-------|-------|--------|-----------
         Aggregated                                                                        53     0(0.00%) |   2038      10    8734    120 |    3.14        0.00

Type     Name                                                                          # reqs      # fails |    Avg     Min     Max    Med |   req/s  failures/s
--------|----------------------------------------------------------------------------|-------|-------------|-------|-------|-------|-------|--------|-----------
GET      GET /api/v1/reservas                                                              70     0(0.00%) |     59      10     255     42 |    3.50        0.00
POST     POST /api/v1/auth/login                                                           32     0(0.00%) |   7144    1620   10482   7300 |    1.80        0.00
--------|----------------------------------------------------------------------------|-------|-------------|-------|-------|-------|-------|--------|-----------
         Aggregated                                                                       102     0(0.00%) |   2282      10   10482     81 |    5.30        0.00

Type     Name                                                                          # reqs      # fails |    Avg     Min     Max    Med |   req/s  failures/s
--------|----------------------------------------------------------------------------|-------|-------------|-------|-------|-------|-------|--------|-----------
GET      GET /api/v1/reservas                                                             120     0(0.00%) |     42       9     255     21 |    6.50        0.00
POST     POST /api/v1/auth/login                                                           50     0(0.00%) |   8013    1620   11542   8600 |    2.90        0.00
--------|----------------------------------------------------------------------------|-------|-------------|-------|-------|-------|-------|--------|-----------
         Aggregated                                                                       170     0(0.00%) |   2387       9   11542     44 |    9.40        0.00

Type     Name                                                                          # reqs      # fails |    Avg     Min     Max    Med |   req/s  failures/s
--------|----------------------------------------------------------------------------|-------|-------------|-------|-------|-------|-------|--------|-----------
GET      GET /api/v1/reservas                                                             169     0(0.00%) |     34       7     255     16 |   11.30        0.00
POST     POST /api/v1/auth/login                                                           50     0(0.00%) |   8013    1620   11542   8600 |    4.60        0.00
--------|----------------------------------------------------------------------------|-------|-------------|-------|-------|-------|-------|--------|-----------
         Aggregated                                                                       219     0(0.00%) |   1856       7   11542     24 |   15.90        0.00

Type     Name                                                                          # reqs      # fails |    Avg     Min     Max    Med |   req/s  failures/s
--------|----------------------------------------------------------------------------|-------|-------------|-------|-------|-------|-------|--------|-----------
GET      GET /api/v1/reservas                                                             214     0(0.00%) |     29       7     255     13 |   15.60        0.00
POST     POST /api/v1/auth/login                                                           50     0(0.00%) |   8013    1620   11542   8600 |    4.30        0.00
--------|----------------------------------------------------------------------------|-------|-------------|-------|-------|-------|-------|--------|-----------
         Aggregated                                                                       264     0(0.00%) |   1541       7   11542     16 |   19.90        0.00

Type     Name                                                                          # reqs      # fails |    Avg     Min     Max    Med |   req/s  failures/s
--------|----------------------------------------------------------------------------|-------|-------------|-------|-------|-------|-------|--------|-----------
GET      GET /api/v1/reservas                                                             264     0(0.00%) |     26       7     255     12 |   19.10        0.00
POST     POST /api/v1/auth/login                                                           50     0(0.00%) |   8013    1620   11542   8600 |    4.20        0.00
--------|----------------------------------------------------------------------------|-------|-------------|-------|-------|-------|-------|--------|-----------
         Aggregated                                                                       314     0(0.00%) |   1298       7   11542     13 |   23.30        0.00

Type     Name                                                                          # reqs      # fails |    Avg     Min     Max    Med |   req/s  failures/s
--------|----------------------------------------------------------------------------|-------|-------------|-------|-------|-------|-------|--------|-----------
GET      GET /api/v1/reservas                                                             315     0(0.00%) |     23       7     255     12 |   22.60        0.00
POST     POST /api/v1/auth/login                                                           50     0(0.00%) |   8013    1620   11542   8600 |    3.20        0.00
--------|----------------------------------------------------------------------------|-------|-------------|-------|-------|-------|-------|--------|-----------
         Aggregated                                                                       365     0(0.00%) |   1118       7   11542     13 |   25.80        0.00

Type     Name                                                                          # reqs      # fails |    Avg     Min     Max    Med |   req/s  failures/s
--------|----------------------------------------------------------------------------|-------|-------------|-------|-------|-------|-------|--------|-----------
GET      GET /api/v1/reservas                                                             365     0(0.00%) |     22       7     255     12 |   24.60        0.00
POST     POST /api/v1/auth/login                                                           50     0(0.00%) |   8013    1620   11542   8600 |    2.00        0.00
--------|----------------------------------------------------------------------------|-------|-------------|-------|-------|-------|-------|--------|-----------
         Aggregated                                                                       415     0(0.00%) |    985       7   11542     12 |   26.60        0.00

Type     Name                                                                          # reqs      # fails |    Avg     Min     Max    Med |   req/s  failures/s
--------|----------------------------------------------------------------------------|-------|-------------|-------|-------|-------|-------|--------|-----------
GET      GET /api/v1/reservas                                                             413     0(0.00%) |     21       7     255     11 |   24.60        0.00
POST     POST /api/v1/auth/login                                                           50     0(0.00%) |   8013    1620   11542   8600 |    0.00        0.00
--------|----------------------------------------------------------------------------|-------|-------------|-------|-------|-------|-------|--------|-----------
         Aggregated                                                                       463     0(0.00%) |    884       7   11542     12 |   24.60        0.00

Type     Name                                                                          # reqs      # fails |    Avg     Min     Max    Med |   req/s  failures/s
--------|----------------------------------------------------------------------------|-------|-------------|-------|-------|-------|-------|--------|-----------
GET      GET /api/v1/reservas                                                             463     0(0.00%) |     19       7     255     11 |   24.20        0.00
POST     POST /api/v1/auth/login                                                           50     0(0.00%) |   8013    1620   11542   8600 |    0.00        0.00
--------|----------------------------------------------------------------------------|-------|-------------|-------|-------|-------|-------|--------|-----------
         Aggregated                                                                       513     0(0.00%) |    799       7   11542     12 |   24.20        0.00

Type     Name                                                                          # reqs      # fails |    Avg     Min     Max    Med |   req/s  failures/s
--------|----------------------------------------------------------------------------|-------|-------------|-------|-------|-------|-------|--------|-----------
GET      GET /api/v1/reservas                                                             513     0(0.00%) |     19       7     255     11 |   24.90        0.00
POST     POST /api/v1/auth/login                                                           50     0(0.00%) |   8013    1620   11542   8600 |    0.00        0.00
--------|----------------------------------------------------------------------------|-------|-------------|-------|-------|-------|-------|--------|-----------
         Aggregated                                                                       563     0(0.00%) |    729       7   11542     12 |   24.90        0.00

Type     Name                                                                          # reqs      # fails |    Avg     Min     Max    Med |   req/s  failures/s
--------|----------------------------------------------------------------------------|-------|-------------|-------|-------|-------|-------|--------|-----------
GET      GET /api/v1/reservas                                                             566     0(0.00%) |     19       7     255     12 |   25.00        0.00
POST     POST /api/v1/auth/login                                                           50     0(0.00%) |   8013    1620   11542   8600 |    0.00        0.00
--------|----------------------------------------------------------------------------|-------|-------------|-------|-------|-------|-------|--------|-----------
         Aggregated                                                                       616     0(0.00%) |    667       7   11542     12 |   25.00        0.00

Type     Name                                                                          # reqs      # fails |    Avg     Min     Max    Med |   req/s  failures/s
--------|----------------------------------------------------------------------------|-------|-------------|-------|-------|-------|-------|--------|-----------
GET      GET /api/v1/reservas                                                             617     0(0.00%) |     18       7     255     12 |   24.80        0.00
POST     POST /api/v1/auth/login                                                           50     0(0.00%) |   8013    1620   11542   8600 |    0.00        0.00
--------|----------------------------------------------------------------------------|-------|-------------|-------|-------|-------|-------|--------|-----------
         Aggregated                                                                       667     0(0.00%) |    618       7   11542     12 |   24.80        0.00

Type     Name                                                                          # reqs      # fails |    Avg     Min     Max    Med |   req/s  failures/s
--------|----------------------------------------------------------------------------|-------|-------------|-------|-------|-------|-------|--------|-----------
GET      GET /api/v1/reservas                                                             669     0(0.00%) |     18       7     255     12 |   25.20        0.00
POST     POST /api/v1/auth/login                                                           50     0(0.00%) |   8013    1620   11542   8600 |    0.00        0.00
--------|----------------------------------------------------------------------------|-------|-------------|-------|-------|-------|-------|--------|-----------
         Aggregated                                                                       719     0(0.00%) |    574       7   11542     12 |   25.20        0.00

Type     Name                                                                          # reqs      # fails |    Avg     Min     Max    Med |   req/s  failures/s
--------|----------------------------------------------------------------------------|-------|-------------|-------|-------|-------|-------|--------|-----------
GET      GET /api/v1/reservas                                                             716     0(0.00%) |     17       7     255     12 |   25.60        0.00
POST     POST /api/v1/auth/login                                                           50     0(0.00%) |   8013    1620   11542   8600 |    0.00        0.00
--------|----------------------------------------------------------------------------|-------|-------------|-------|-------|-------|-------|--------|-----------
         Aggregated                                                                       766     0(0.00%) |    539       7   11542     12 |   25.60        0.00

Type     Name                                                                          # reqs      # fails |    Avg     Min     Max    Med |   req/s  failures/s
--------|----------------------------------------------------------------------------|-------|-------------|-------|-------|-------|-------|--------|-----------
GET      GET /api/v1/reservas                                                             765     0(0.00%) |     17       7     255     12 |   25.10        0.00
POST     POST /api/v1/auth/login                                                           50     0(0.00%) |   8013    1620   11542   8600 |    0.00        0.00
--------|----------------------------------------------------------------------------|-------|-------------|-------|-------|-------|-------|--------|-----------
         Aggregated                                                                       815     0(0.00%) |    507       7   11542     12 |   25.10        0.00

Type     Name                                                                          # reqs      # fails |    Avg     Min     Max    Med |   req/s  failures/s
--------|----------------------------------------------------------------------------|-------|-------------|-------|-------|-------|-------|--------|-----------
GET      GET /api/v1/reservas                                                             813     0(0.00%) |     17       7     255     12 |   25.10        0.00
POST     POST /api/v1/auth/login                                                           50     0(0.00%) |   8013    1620   11542   8600 |    0.00        0.00
--------|----------------------------------------------------------------------------|-------|-------------|-------|-------|-------|-------|--------|-----------
         Aggregated                                                                       863     0(0.00%) |    480       7   11542     12 |   25.10        0.00

Type     Name                                                                          # reqs      # fails |    Avg     Min     Max    Med |   req/s  failures/s
--------|----------------------------------------------------------------------------|-------|-------------|-------|-------|-------|-------|--------|-----------
GET      GET /api/v1/reservas                                                             859     0(0.00%) |     16       7     255     11 |   24.90        0.00
POST     POST /api/v1/auth/login                                                           50     0(0.00%) |   8013    1620   11542   8600 |    0.00        0.00
--------|----------------------------------------------------------------------------|-------|-------------|-------|-------|-------|-------|--------|-----------
         Aggregated                                                                       909     0(0.00%) |    456       7   11542     12 |   24.90        0.00

Type     Name                                                                          # reqs      # fails |    Avg     Min     Max    Med |   req/s  failures/s
--------|----------------------------------------------------------------------------|-------|-------------|-------|-------|-------|-------|--------|-----------
GET      GET /api/v1/reservas                                                             915     0(0.00%) |     16       7     255     11 |   24.10        0.00
POST     POST /api/v1/auth/login                                                           50     0(0.00%) |   8013    1620   11542   8600 |    0.00        0.00
--------|----------------------------------------------------------------------------|-------|-------------|-------|-------|-------|-------|--------|-----------
         Aggregated                                                                       965     0(0.00%) |    430       7   11542     12 |   24.10        0.00

Type     Name                                                                          # reqs      # fails |    Avg     Min     Max    Med |   req/s  failures/s
--------|----------------------------------------------------------------------------|-------|-------------|-------|-------|-------|-------|--------|-----------
GET      GET /api/v1/reservas                                                             964     0(0.00%) |     16       7     255     11 |   24.30        0.00
POST     POST /api/v1/auth/login                                                           50     0(0.00%) |   8013    1620   11542   8600 |    0.00        0.00
--------|----------------------------------------------------------------------------|-------|-------------|-------|-------|-------|-------|--------|-----------
         Aggregated                                                                      1014     0(0.00%) |    410       7   11542     11 |   24.30        0.00

Type     Name                                                                          # reqs      # fails |    Avg     Min     Max    Med |   req/s  failures/s
--------|----------------------------------------------------------------------------|-------|-------------|-------|-------|-------|-------|--------|-----------
GET      GET /api/v1/reservas                                                            1013     0(0.00%) |     15       7     255     11 |   25.00        0.00
POST     POST /api/v1/auth/login                                                           50     0(0.00%) |   8013    1620   11542   8600 |    0.00        0.00
--------|----------------------------------------------------------------------------|-------|-------------|-------|-------|-------|-------|--------|-----------
         Aggregated                                                                      1063     0(0.00%) |    392       7   11542     11 |   25.00        0.00

Type     Name                                                                          # reqs      # fails |    Avg     Min     Max    Med |   req/s  failures/s
--------|----------------------------------------------------------------------------|-------|-------------|-------|-------|-------|-------|--------|-----------
GET      GET /api/v1/reservas                                                            1066     0(0.00%) |     15       7     255     11 |   24.70        0.00
POST     POST /api/v1/auth/login                                                           50     0(0.00%) |   8013    1620   11542   8600 |    0.00        0.00
--------|----------------------------------------------------------------------------|-------|-------------|-------|-------|-------|-------|--------|-----------
         Aggregated                                                                      1116     0(0.00%) |    374       7   11542     11 |   24.70        0.00

Type     Name                                                                          # reqs      # fails |    Avg     Min     Max    Med |   req/s  failures/s
--------|----------------------------------------------------------------------------|-------|-------------|-------|-------|-------|-------|--------|-----------
GET      GET /api/v1/reservas                                                            1111     0(0.00%) |     15       7     255     11 |   25.50        0.00
POST     POST /api/v1/auth/login                                                           50     0(0.00%) |   8013    1620   11542   8600 |    0.00        0.00
--------|----------------------------------------------------------------------------|-------|-------------|-------|-------|-------|-------|--------|-----------
         Aggregated                                                                      1161     0(0.00%) |    360       7   11542     11 |   25.50        0.00

Type     Name                                                                          # reqs      # fails |    Avg     Min     Max    Med |   req/s  failures/s
--------|----------------------------------------------------------------------------|-------|-------------|-------|-------|-------|-------|--------|-----------
GET      GET /api/v1/reservas                                                            1160     0(0.00%) |     15       7     255     11 |   25.10        0.00
POST     POST /api/v1/auth/login                                                           50     0(0.00%) |   8013    1620   11542   8600 |    0.00        0.00
--------|----------------------------------------------------------------------------|-------|-------------|-------|-------|-------|-------|--------|-----------
         Aggregated                                                                      1210     0(0.00%) |    346       7   11542     12 |   25.10        0.00

Type     Name                                                                          # reqs      # fails |    Avg     Min     Max    Med |   req/s  failures/s
--------|----------------------------------------------------------------------------|-------|-------------|-------|-------|-------|-------|--------|-----------
GET      GET /api/v1/reservas                                                            1210     0(0.00%) |     15       7     255     11 |   24.80        0.00
POST     POST /api/v1/auth/login                                                           50     0(0.00%) |   8013    1620   11542   8600 |    0.00        0.00
--------|----------------------------------------------------------------------------|-------|-------------|-------|-------|-------|-------|--------|-----------
         Aggregated                                                                      1260     0(0.00%) |    332       7   11542     11 |   24.80        0.00

Type     Name                                                                          # reqs      # fails |    Avg     Min     Max    Med |   req/s  failures/s
--------|----------------------------------------------------------------------------|-------|-------------|-------|-------|-------|-------|--------|-----------
GET      GET /api/v1/reservas                                                            1260     0(0.00%) |     15       7     255     11 |   24.30        0.00
POST     POST /api/v1/auth/login                                                           50     0(0.00%) |   8013    1620   11542   8600 |    0.00        0.00
--------|----------------------------------------------------------------------------|-------|-------------|-------|-------|-------|-------|--------|-----------
         Aggregated                                                                      1310     0(0.00%) |    320       7   11542     11 |   24.30        0.00

Type     Name                                                                          # reqs      # fails |    Avg     Min     Max    Med |   req/s  failures/s
--------|----------------------------------------------------------------------------|-------|-------------|-------|-------|-------|-------|--------|-----------
GET      GET /api/v1/reservas                                                            1309     0(0.00%) |     15       7     255     11 |   25.00        0.00
POST     POST /api/v1/auth/login                                                           50     0(0.00%) |   8013    1620   11542   8600 |    0.00        0.00
--------|----------------------------------------------------------------------------|-------|-------------|-------|-------|-------|-------|--------|-----------
         Aggregated                                                                      1359     0(0.00%) |    309       7   11542     11 |   25.00        0.00

Type     Name                                                                          # reqs      # fails |    Avg     Min     Max    Med |   req/s  failures/s
--------|----------------------------------------------------------------------------|-------|-------------|-------|-------|-------|-------|--------|-----------
GET      GET /api/v1/reservas                                                            1360     0(0.00%) |     15       7     255     11 |   24.20        0.00
POST     POST /api/v1/auth/login                                                           50     0(0.00%) |   8013    1620   11542   8600 |    0.00        0.00
--------|----------------------------------------------------------------------------|-------|-------------|-------|-------|-------|-------|--------|-----------
         Aggregated                                                                      1410     0(0.00%) |    298       7   11542     11 |   24.20        0.00

Type     Name                                                                          # reqs      # fails |    Avg     Min     Max    Med |   req/s  failures/s
--------|----------------------------------------------------------------------------|-------|-------------|-------|-------|-------|-------|--------|-----------
GET      GET /api/v1/reservas                                                            1409     0(0.00%) |     14       7     255     11 |   24.80        0.00
POST     POST /api/v1/auth/login                                                           50     0(0.00%) |   8013    1620   11542   8600 |    0.00        0.00
--------|----------------------------------------------------------------------------|-------|-------------|-------|-------|-------|-------|--------|-----------
         Aggregated                                                                      1459     0(0.00%) |    289       7   11542     11 |   24.80        0.00

Type     Name                                                                          # reqs      # fails |    Avg     Min     Max    Med |   req/s  failures/s
--------|----------------------------------------------------------------------------|-------|-------------|-------|-------|-------|-------|--------|-----------
GET      GET /api/v1/reservas                                                            1463     0(0.00%) |     14       7     255     11 |   24.90        0.00
POST     POST /api/v1/auth/login                                                           50     0(0.00%) |   8013    1620   11542   8600 |    0.00        0.00
--------|----------------------------------------------------------------------------|-------|-------------|-------|-------|-------|-------|--------|-----------
         Aggregated                                                                      1513     0(0.00%) |    279       7   11542     11 |   24.90        0.00

Type     Name                                                                          # reqs      # fails |    Avg     Min     Max    Med |   req/s  failures/s
--------|----------------------------------------------------------------------------|-------|-------------|-------|-------|-------|-------|--------|-----------
GET      GET /api/v1/reservas                                                            1508     0(0.00%) |     14       7     255     11 |   25.50        0.00
POST     POST /api/v1/auth/login                                                           50     0(0.00%) |   8013    1620   11542   8600 |    0.00        0.00
--------|----------------------------------------------------------------------------|-------|-------------|-------|-------|-------|-------|--------|-----------
         Aggregated                                                                      1558     0(0.00%) |    271       7   11542     11 |   25.50        0.00

Type     Name                                                                          # reqs      # fails |    Avg     Min     Max    Med |   req/s  failures/s
--------|----------------------------------------------------------------------------|-------|-------------|-------|-------|-------|-------|--------|-----------
GET      GET /api/v1/reservas                                                            1555     0(0.00%) |     14       7     255     11 |   24.50        0.00
POST     POST /api/v1/auth/login                                                           50     0(0.00%) |   8013    1620   11542   8600 |    0.00        0.00
--------|----------------------------------------------------------------------------|-------|-------------|-------|-------|-------|-------|--------|-----------
         Aggregated                                                                      1605     0(0.00%) |    263       7   11542     11 |   24.50        0.00

Type     Name                                                                          # reqs      # fails |    Avg     Min     Max    Med |   req/s  failures/s
--------|----------------------------------------------------------------------------|-------|-------------|-------|-------|-------|-------|--------|-----------
GET      GET /api/v1/reservas                                                            1607     0(0.00%) |     14       7     255     11 |   24.50        0.00
POST     POST /api/v1/auth/login                                                           50     0(0.00%) |   8013    1620   11542   8600 |    0.00        0.00
--------|----------------------------------------------------------------------------|-------|-------------|-------|-------|-------|-------|--------|-----------
         Aggregated                                                                      1657     0(0.00%) |    255       7   11542     11 |   24.50        0.00

Type     Name                                                                          # reqs      # fails |    Avg     Min     Max    Med |   req/s  failures/s
--------|----------------------------------------------------------------------------|-------|-------------|-------|-------|-------|-------|--------|-----------
GET      GET /api/v1/reservas                                                            1655     0(0.00%) |     14       7     255     11 |   24.80        0.00
POST     POST /api/v1/auth/login                                                           50     0(0.00%) |   8013    1620   11542   8600 |    0.00        0.00
--------|----------------------------------------------------------------------------|-------|-------------|-------|-------|-------|-------|--------|-----------
         Aggregated                                                                      1705     0(0.00%) |    249       7   11542     11 |   24.80        0.00

Type     Name                                                                          # reqs      # fails |    Avg     Min     Max    Med |   req/s  failures/s
--------|----------------------------------------------------------------------------|-------|-------------|-------|-------|-------|-------|--------|-----------
GET      GET /api/v1/reservas                                                            1705     0(0.00%) |     14       7     255     11 |   24.40        0.00
POST     POST /api/v1/auth/login                                                           50     0(0.00%) |   8013    1620   11542   8600 |    0.00        0.00
--------|----------------------------------------------------------------------------|-------|-------------|-------|-------|-------|-------|--------|-----------
         Aggregated                                                                      1755     0(0.00%) |    242       7   11542     11 |   24.40        0.00

Type     Name                                                                          # reqs      # fails |    Avg     Min     Max    Med |   req/s  failures/s
--------|----------------------------------------------------------------------------|-------|-------------|-------|-------|-------|-------|--------|-----------
GET      GET /api/v1/reservas                                                            1750     0(0.00%) |     14       7     255     11 |   24.00        0.00
POST     POST /api/v1/auth/login                                                           50     0(0.00%) |   8013    1620   11542   8600 |    0.00        0.00
--------|----------------------------------------------------------------------------|-------|-------------|-------|-------|-------|-------|--------|-----------
         Aggregated                                                                      1800     0(0.00%) |    236       7   11542     11 |   24.00        0.00

Type     Name                                                                          # reqs      # fails |    Avg     Min     Max    Med |   req/s  failures/s
--------|----------------------------------------------------------------------------|-------|-------------|-------|-------|-------|-------|--------|-----------
GET      GET /api/v1/reservas                                                            1800     0(0.00%) |     14       7     255     11 |   24.20        0.00
POST     POST /api/v1/auth/login                                                           50     0(0.00%) |   8013    1620   11542   8600 |    0.00        0.00
--------|----------------------------------------------------------------------------|-------|-------------|-------|-------|-------|-------|--------|-----------
         Aggregated                                                                      1850     0(0.00%) |    230       7   11542     11 |   24.20        0.00

Type     Name                                                                          # reqs      # fails |    Avg     Min     Max    Med |   req/s  failures/s
--------|----------------------------------------------------------------------------|-------|-------------|-------|-------|-------|-------|--------|-----------
GET      GET /api/v1/reservas                                                            1853     0(0.00%) |     14       7     255     11 |   24.30        0.00
POST     POST /api/v1/auth/login                                                           50     0(0.00%) |   8013    1620   11542   8600 |    0.00        0.00
--------|----------------------------------------------------------------------------|-------|-------------|-------|-------|-------|-------|--------|-----------
         Aggregated                                                                      1903     0(0.00%) |    224       7   11542     11 |   24.30        0.00

Type     Name                                                                          # reqs      # fails |    Avg     Min     Max    Med |   req/s  failures/s
--------|----------------------------------------------------------------------------|-------|-------------|-------|-------|-------|-------|--------|-----------
GET      GET /api/v1/reservas                                                            1907     0(0.00%) |     14       7     255     11 |   24.30        0.00
POST     POST /api/v1/auth/login                                                           50     0(0.00%) |   8013    1620   11542   8600 |    0.00        0.00
--------|----------------------------------------------------------------------------|-------|-------------|-------|-------|-------|-------|--------|-----------
         Aggregated                                                                      1957     0(0.00%) |    218       7   11542     11 |   24.30        0.00

Type     Name                                                                          # reqs      # fails |    Avg     Min     Max    Med |   req/s  failures/s
--------|----------------------------------------------------------------------------|-------|-------------|-------|-------|-------|-------|--------|-----------
GET      GET /api/v1/reservas                                                            1950     0(0.00%) |     14       7     255     11 |   25.50        0.00
POST     POST /api/v1/auth/login                                                           50     0(0.00%) |   8013    1620   11542   8600 |    0.00        0.00
--------|----------------------------------------------------------------------------|-------|-------------|-------|-------|-------|-------|--------|-----------
         Aggregated                                                                      2000     0(0.00%) |    214       7   11542     11 |   25.50        0.00

Type     Name                                                                          # reqs      # fails |    Avg     Min     Max    Med |   req/s  failures/s
--------|----------------------------------------------------------------------------|-------|-------------|-------|-------|-------|-------|--------|-----------
GET      GET /api/v1/reservas                                                            2001     0(0.00%) |     14       7     255     11 |   24.50        0.00
POST     POST /api/v1/auth/login                                                           50     0(0.00%) |   8013    1620   11542   8600 |    0.00        0.00
--------|----------------------------------------------------------------------------|-------|-------------|-------|-------|-------|-------|--------|-----------
         Aggregated                                                                      2051     0(0.00%) |    209       7   11542     11 |   24.50        0.00

Type     Name                                                                          # reqs      # fails |    Avg     Min     Max    Med |   req/s  failures/s
--------|----------------------------------------------------------------------------|-------|-------------|-------|-------|-------|-------|--------|-----------
GET      GET /api/v1/reservas                                                            2051     0(0.00%) |     14       7     255     11 |   25.40        0.00
POST     POST /api/v1/auth/login                                                           50     0(0.00%) |   8013    1620   11542   8600 |    0.00        0.00
--------|----------------------------------------------------------------------------|-------|-------------|-------|-------|-------|-------|--------|-----------
         Aggregated                                                                      2101     0(0.00%) |    204       7   11542     11 |   25.40        0.00

Type     Name                                                                          # reqs      # fails |    Avg     Min     Max    Med |   req/s  failures/s
--------|----------------------------------------------------------------------------|-------|-------------|-------|-------|-------|-------|--------|-----------
GET      GET /api/v1/reservas                                                            2095     0(0.00%) |     14       7     255     11 |   25.20        0.00
POST     POST /api/v1/auth/login                                                           50     0(0.00%) |   8013    1620   11542   8600 |    0.00        0.00
--------|----------------------------------------------------------------------------|-------|-------------|-------|-------|-------|-------|--------|-----------
         Aggregated                                                                      2145     0(0.00%) |    200       7   11542     11 |   25.20        0.00

Type     Name                                                                          # reqs      # fails |    Avg     Min     Max    Med |   req/s  failures/s
--------|----------------------------------------------------------------------------|-------|-------------|-------|-------|-------|-------|--------|-----------
GET      GET /api/v1/reservas                                                            2145     0(0.00%) |     13       7     255     11 |   25.20        0.00
POST     POST /api/v1/auth/login                                                           50     0(0.00%) |   8013    1620   11542   8600 |    0.00        0.00
--------|----------------------------------------------------------------------------|-------|-------------|-------|-------|-------|-------|--------|-----------
         Aggregated                                                                      2195     0(0.00%) |    196       7   11542     11 |   25.20        0.00

Type     Name                                                                          # reqs      # fails |    Avg     Min     Max    Med |   req/s  failures/s
--------|----------------------------------------------------------------------------|-------|-------------|-------|-------|-------|-------|--------|-----------
GET      GET /api/v1/reservas                                                            2195     0(0.00%) |     13       7     255     11 |   24.00        0.00
POST     POST /api/v1/auth/login                                                           50     0(0.00%) |   8013    1620   11542   8600 |    0.00        0.00
--------|----------------------------------------------------------------------------|-------|-------------|-------|-------|-------|-------|--------|-----------
         Aggregated                                                                      2245     0(0.00%) |    192       7   11542     11 |   24.00        0.00

Type     Name                                                                          # reqs      # fails |    Avg     Min     Max    Med |   req/s  failures/s
--------|----------------------------------------------------------------------------|-------|-------------|-------|-------|-------|-------|--------|-----------
GET      GET /api/v1/reservas                                                            2247     0(0.00%) |     13       7     255     11 |   24.80        0.00
POST     POST /api/v1/auth/login                                                           50     0(0.00%) |   8013    1620   11542   8600 |    0.00        0.00
--------|----------------------------------------------------------------------------|-------|-------------|-------|-------|-------|-------|--------|-----------
         Aggregated                                                                      2297     0(0.00%) |    188       7   11542     11 |   24.80        0.00

Type     Name                                                                          # reqs      # fails |    Avg     Min     Max    Med |   req/s  failures/s
--------|----------------------------------------------------------------------------|-------|-------------|-------|-------|-------|-------|--------|-----------
GET      GET /api/v1/reservas                                                            2294     0(0.00%) |     13       7     255     11 |   24.00        0.00
POST     POST /api/v1/auth/login                                                           50     0(0.00%) |   8013    1620   11542   8600 |    0.00        0.00
--------|----------------------------------------------------------------------------|-------|-------------|-------|-------|-------|-------|--------|-----------
         Aggregated                                                                      2344     0(0.00%) |    184       7   11542     11 |   24.00        0.00

Type     Name                                                                          # reqs      # fails |    Avg     Min     Max    Med |   req/s  failures/s
--------|----------------------------------------------------------------------------|-------|-------------|-------|-------|-------|-------|--------|-----------
GET      GET /api/v1/reservas                                                            2344     0(0.00%) |     13       7     255     11 |   24.60        0.00
POST     POST /api/v1/auth/login                                                           50     0(0.00%) |   8013    1620   11542   8600 |    0.00        0.00
--------|----------------------------------------------------------------------------|-------|-------------|-------|-------|-------|-------|--------|-----------
         Aggregated                                                                      2394     0(0.00%) |    180       7   11542     11 |   24.60        0.00

Type     Name                                                                          # reqs      # fails |    Avg     Min     Max    Med |   req/s  failures/s
--------|----------------------------------------------------------------------------|-------|-------------|-------|-------|-------|-------|--------|-----------
GET      GET /api/v1/reservas                                                            2397     0(0.00%) |     13       7     255     11 |   24.60        0.00
POST     POST /api/v1/auth/login                                                           50     0(0.00%) |   8013    1620   11542   8600 |    0.00        0.00
--------|----------------------------------------------------------------------------|-------|-------------|-------|-------|-------|-------|--------|-----------
         Aggregated                                                                      2447     0(0.00%) |    177       7   11542     11 |   24.60        0.00

Type     Name                                                                          # reqs      # fails |    Avg     Min     Max    Med |   req/s  failures/s
--------|----------------------------------------------------------------------------|-------|-------------|-------|-------|-------|-------|--------|-----------
GET      GET /api/v1/reservas                                                            2440     0(0.00%) |     13       7     255     11 |   24.40        0.00
POST     POST /api/v1/auth/login                                                           50     0(0.00%) |   8013    1620   11542   8600 |    0.00        0.00
--------|----------------------------------------------------------------------------|-------|-------------|-------|-------|-------|-------|--------|-----------
         Aggregated                                                                      2490     0(0.00%) |    174       7   11542     11 |   24.40        0.00

Type     Name                                                                          # reqs      # fails |    Avg     Min     Max    Med |   req/s  failures/s
--------|----------------------------------------------------------------------------|-------|-------------|-------|-------|-------|-------|--------|-----------
GET      GET /api/v1/reservas                                                            2497     0(0.00%) |     13       7     255     11 |   23.80        0.00
POST     POST /api/v1/auth/login                                                           50     0(0.00%) |   8013    1620   11542   8600 |    0.00        0.00
--------|----------------------------------------------------------------------------|-------|-------------|-------|-------|-------|-------|--------|-----------
         Aggregated                                                                      2547     0(0.00%) |    170       7   11542     11 |   23.80        0.00

Type     Name                                                                          # reqs      # fails |    Avg     Min     Max    Med |   req/s  failures/s
--------|----------------------------------------------------------------------------|-------|-------------|-------|-------|-------|-------|--------|-----------
GET      GET /api/v1/reservas                                                            2542     0(0.00%) |     13       7     255     11 |   24.80        0.00
POST     POST /api/v1/auth/login                                                           50     0(0.00%) |   8013    1620   11542   8600 |    0.00        0.00
--------|----------------------------------------------------------------------------|-------|-------------|-------|-------|-------|-------|--------|-----------
         Aggregated                                                                      2592     0(0.00%) |    168       7   11542     11 |   24.80        0.00

Type     Name                                                                          # reqs      # fails |    Avg     Min     Max    Med |   req/s  failures/s
--------|----------------------------------------------------------------------------|-------|-------------|-------|-------|-------|-------|--------|-----------
GET      GET /api/v1/reservas                                                            2585     0(0.00%) |     13       7     255     11 |   24.50        0.00
POST     POST /api/v1/auth/login                                                           50     0(0.00%) |   8013    1620   11542   8600 |    0.00        0.00
--------|----------------------------------------------------------------------------|-------|-------------|-------|-------|-------|-------|--------|-----------
         Aggregated                                                                      2635     0(0.00%) |    165       7   11542     11 |   24.50        0.00

Type     Name                                                                          # reqs      # fails |    Avg     Min     Max    Med |   req/s  failures/s
--------|----------------------------------------------------------------------------|-------|-------------|-------|-------|-------|-------|--------|-----------
GET      GET /api/v1/reservas                                                            2635     0(0.00%) |     13       7     255     11 |   24.50        0.00
POST     POST /api/v1/auth/login                                                           50     0(0.00%) |   8013    1620   11542   8600 |    0.00        0.00
--------|----------------------------------------------------------------------------|-------|-------------|-------|-------|-------|-------|--------|-----------
         Aggregated                                                                      2685     0(0.00%) |    162       7   11542     11 |   24.50        0.00

Type     Name                                                                          # reqs      # fails |    Avg     Min     Max    Med |   req/s  failures/s
--------|----------------------------------------------------------------------------|-------|-------------|-------|-------|-------|-------|--------|-----------
GET      GET /api/v1/reservas                                                            2688     0(0.00%) |     13       7     255     11 |   24.50        0.00
POST     POST /api/v1/auth/login                                                           50     0(0.00%) |   8013    1620   11542   8600 |    0.00        0.00
--------|----------------------------------------------------------------------------|-------|-------------|-------|-------|-------|-------|--------|-----------
         Aggregated                                                                      2738     0(0.00%) |    159       7   11542     11 |   24.50        0.00

Type     Name                                                                          # reqs      # fails |    Avg     Min     Max    Med |   req/s  failures/s
--------|----------------------------------------------------------------------------|-------|-------------|-------|-------|-------|-------|--------|-----------
GET      GET /api/v1/reservas                                                            2739     0(0.00%) |     13       7     255     11 |   25.10        0.00
POST     POST /api/v1/auth/login                                                           50     0(0.00%) |   8013    1620   11542   8600 |    0.00        0.00
--------|----------------------------------------------------------------------------|-------|-------------|-------|-------|-------|-------|--------|-----------
         Aggregated                                                                      2789     0(0.00%) |    157       7   11542     11 |   25.10        0.00

Type     Name                                                                          # reqs      # fails |    Avg     Min     Max    Med |   req/s  failures/s
--------|----------------------------------------------------------------------------|-------|-------------|-------|-------|-------|-------|--------|-----------
GET      GET /api/v1/reservas                                                            2783     0(0.00%) |     13       7     255     11 |   24.90        0.00
POST     POST /api/v1/auth/login                                                           50     0(0.00%) |   8013    1620   11542   8600 |    0.00        0.00
--------|----------------------------------------------------------------------------|-------|-------------|-------|-------|-------|-------|--------|-----------
         Aggregated                                                                      2833     0(0.00%) |    154       7   11542     11 |   24.90        0.00

Type     Name                                                                          # reqs      # fails |    Avg     Min     Max    Med |   req/s  failures/s
--------|----------------------------------------------------------------------------|-------|-------------|-------|-------|-------|-------|--------|-----------
GET      GET /api/v1/reservas                                                            2833     0(0.00%) |     13       7     255     11 |   24.20        0.00
POST     POST /api/v1/auth/login                                                           50     0(0.00%) |   8013    1620   11542   8600 |    0.00        0.00
--------|----------------------------------------------------------------------------|-------|-------------|-------|-------|-------|-------|--------|-----------
         Aggregated                                                                      2883     0(0.00%) |    152       7   11542     11 |   24.20        0.00

Type     Name                                                                          # reqs      # fails |    Avg     Min     Max    Med |   req/s  failures/s
--------|----------------------------------------------------------------------------|-------|-------------|-------|-------|-------|-------|--------|-----------
GET      GET /api/v1/reservas                                                            2880     0(0.00%) |     14       7     255     11 |   24.30        0.00
POST     POST /api/v1/auth/login                                                           50     0(0.00%) |   8013    1620   11542   8600 |    0.00        0.00
--------|----------------------------------------------------------------------------|-------|-------------|-------|-------|-------|-------|--------|-----------
         Aggregated                                                                      2930     0(0.00%) |    150       7   11542     11 |   24.30        0.00

Type     Name                                                                          # reqs      # fails |    Avg     Min     Max    Med |   req/s  failures/s
--------|----------------------------------------------------------------------------|-------|-------------|-------|-------|-------|-------|--------|-----------
GET      GET /api/v1/reservas                                                            2931     0(0.00%) |     14       7     255     11 |   24.30        0.00
POST     POST /api/v1/auth/login                                                           50     0(0.00%) |   8013    1620   11542   8600 |    0.00        0.00
--------|----------------------------------------------------------------------------|-------|-------------|-------|-------|-------|-------|--------|-----------
         Aggregated                                                                      2981     0(0.00%) |    148       7   11542     12 |   24.30        0.00

Type     Name                                                                          # reqs      # fails |    Avg     Min     Max    Med |   req/s  failures/s
--------|----------------------------------------------------------------------------|-------|-------------|-------|-------|-------|-------|--------|-----------
GET      GET /api/v1/reservas                                                            2977     0(0.00%) |     14       7     255     11 |   24.40        0.00
POST     POST /api/v1/auth/login                                                           50     0(0.00%) |   8013    1620   11542   8600 |    0.00        0.00
--------|----------------------------------------------------------------------------|-------|-------------|-------|-------|-------|-------|--------|-----------
         Aggregated                                                                      3027     0(0.00%) |    146       7   11542     12 |   24.40        0.00

Type     Name                                                                          # reqs      # fails |    Avg     Min     Max    Med |   req/s  failures/s
--------|----------------------------------------------------------------------------|-------|-------------|-------|-------|-------|-------|--------|-----------
GET      GET /api/v1/reservas                                                            3027     0(0.00%) |     14       7     255     11 |   23.90        0.00
POST     POST /api/v1/auth/login                                                           50     0(0.00%) |   8013    1620   11542   8600 |    0.00        0.00
--------|----------------------------------------------------------------------------|-------|-------------|-------|-------|-------|-------|--------|-----------
         Aggregated                                                                      3077     0(0.00%) |    144       7   11542     12 |   23.90        0.00

Type     Name                                                                          # reqs      # fails |    Avg     Min     Max    Med |   req/s  failures/s
--------|----------------------------------------------------------------------------|-------|-------------|-------|-------|-------|-------|--------|-----------
GET      GET /api/v1/reservas                                                            3076     0(0.00%) |     14       7     255     11 |   24.40        0.00
POST     POST /api/v1/auth/login                                                           50     0(0.00%) |   8013    1620   11542   8600 |    0.00        0.00
--------|----------------------------------------------------------------------------|-------|-------------|-------|-------|-------|-------|--------|-----------
         Aggregated                                                                      3126     0(0.00%) |    142       7   11542     12 |   24.40        0.00

Type     Name                                                                          # reqs      # fails |    Avg     Min     Max    Med |   req/s  failures/s
--------|----------------------------------------------------------------------------|-------|-------------|-------|-------|-------|-------|--------|-----------
GET      GET /api/v1/reservas                                                            3126     0(0.00%) |     14       7     255     12 |   24.10        0.00
POST     POST /api/v1/auth/login                                                           50     0(0.00%) |   8013    1620   11542   8600 |    0.00        0.00
--------|----------------------------------------------------------------------------|-------|-------------|-------|-------|-------|-------|--------|-----------
         Aggregated                                                                      3176     0(0.00%) |    140       7   11542     12 |   24.10        0.00

Type     Name                                                                          # reqs      # fails |    Avg     Min     Max    Med |   req/s  failures/s
--------|----------------------------------------------------------------------------|-------|-------------|-------|-------|-------|-------|--------|-----------
GET      GET /api/v1/reservas                                                            3175     0(0.00%) |     14       7     255     11 |   24.40        0.00
POST     POST /api/v1/auth/login                                                           50     0(0.00%) |   8013    1620   11542   8600 |    0.00        0.00
--------|----------------------------------------------------------------------------|-------|-------------|-------|-------|-------|-------|--------|-----------
         Aggregated                                                                      3225     0(0.00%) |    138       7   11542     12 |   24.40        0.00

Type     Name                                                                          # reqs      # fails |    Avg     Min     Max    Med |   req/s  failures/s
--------|----------------------------------------------------------------------------|-------|-------------|-------|-------|-------|-------|--------|-----------
GET      GET /api/v1/reservas                                                            3223     0(0.00%) |     14       7     255     12 |   24.60        0.00
POST     POST /api/v1/auth/login                                                           50     0(0.00%) |   8013    1620   11542   8600 |    0.00        0.00
--------|----------------------------------------------------------------------------|-------|-------------|-------|-------|-------|-------|--------|-----------
         Aggregated                                                                      3273     0(0.00%) |    136       7   11542     12 |   24.60        0.00

Type     Name                                                                          # reqs      # fails |    Avg     Min     Max    Med |   req/s  failures/s
--------|----------------------------------------------------------------------------|-------|-------------|-------|-------|-------|-------|--------|-----------
GET      GET /api/v1/reservas                                                            3271     0(0.00%) |     13       7     255     11 |   24.30        0.00
POST     POST /api/v1/auth/login                                                           50     0(0.00%) |   8013    1620   11542   8600 |    0.00        0.00
--------|----------------------------------------------------------------------------|-------|-------------|-------|-------|-------|-------|--------|-----------
         Aggregated                                                                      3321     0(0.00%) |    134       7   11542     12 |   24.30        0.00

Type     Name                                                                          # reqs      # fails |    Avg     Min     Max    Med |   req/s  failures/s
--------|----------------------------------------------------------------------------|-------|-------------|-------|-------|-------|-------|--------|-----------
GET      GET /api/v1/reservas                                                            3325     0(0.00%) |     13       7     255     11 |   24.30        0.00
POST     POST /api/v1/auth/login                                                           50     0(0.00%) |   8013    1620   11542   8600 |    0.00        0.00
--------|----------------------------------------------------------------------------|-------|-------------|-------|-------|-------|-------|--------|-----------
         Aggregated                                                                      3375     0(0.00%) |    132       7   11542     12 |   24.30        0.00

Type     Name                                                                          # reqs      # fails |    Avg     Min     Max    Med |   req/s  failures/s
--------|----------------------------------------------------------------------------|-------|-------------|-------|-------|-------|-------|--------|-----------
GET      GET /api/v1/reservas                                                            3375     0(0.00%) |     13       7     255     11 |   25.40        0.00
POST     POST /api/v1/auth/login                                                           50     0(0.00%) |   8013    1620   11542   8600 |    0.00        0.00
--------|----------------------------------------------------------------------------|-------|-------------|-------|-------|-------|-------|--------|-----------
         Aggregated                                                                      3425     0(0.00%) |    130       7   11542     12 |   25.40        0.00

Type     Name                                                                          # reqs      # fails |    Avg     Min     Max    Med |   req/s  failures/s
--------|----------------------------------------------------------------------------|-------|-------------|-------|-------|-------|-------|--------|-----------
GET      GET /api/v1/reservas                                                            3426     0(0.00%) |     13       7     255     11 |   25.10        0.00
POST     POST /api/v1/auth/login                                                           50     0(0.00%) |   8013    1620   11542   8600 |    0.00        0.00
--------|----------------------------------------------------------------------------|-------|-------------|-------|-------|-------|-------|--------|-----------
         Aggregated                                                                      3476     0(0.00%) |    128       7   11542     11 |   25.10        0.00

Type     Name                                                                          # reqs      # fails |    Avg     Min     Max    Med |   req/s  failures/s
--------|----------------------------------------------------------------------------|-------|-------------|-------|-------|-------|-------|--------|-----------
GET      GET /api/v1/reservas                                                            3473     0(0.00%) |     13       7     255     11 |   24.60        0.00
POST     POST /api/v1/auth/login                                                           50     0(0.00%) |   8013    1620   11542   8600 |    0.00        0.00
--------|----------------------------------------------------------------------------|-------|-------------|-------|-------|-------|-------|--------|-----------
         Aggregated                                                                      3523     0(0.00%) |    127       7   11542     11 |   24.60        0.00

Type     Name                                                                          # reqs      # fails |    Avg     Min     Max    Med |   req/s  failures/s
--------|----------------------------------------------------------------------------|-------|-------------|-------|-------|-------|-------|--------|-----------
GET      GET /api/v1/reservas                                                            3529     0(0.00%) |     13       7     255     11 |   25.30        0.00
POST     POST /api/v1/auth/login                                                           50     0(0.00%) |   8013    1620   11542   8600 |    0.00        0.00
--------|----------------------------------------------------------------------------|-------|-------------|-------|-------|-------|-------|--------|-----------
         Aggregated                                                                      3579     0(0.00%) |    125       7   11542     11 |   25.30        0.00

Type     Name                                                                          # reqs      # fails |    Avg     Min     Max    Med |   req/s  failures/s
--------|----------------------------------------------------------------------------|-------|-------------|-------|-------|-------|-------|--------|-----------
GET      GET /api/v1/reservas                                                            3587     0(0.00%) |     13       7     255     11 |   25.70        0.00
POST     POST /api/v1/auth/login                                                           50     0(0.00%) |   8013    1620   11542   8600 |    0.00        0.00
--------|----------------------------------------------------------------------------|-------|-------------|-------|-------|-------|-------|--------|-----------
         Aggregated                                                                      3637     0(0.00%) |    123       7   11542     11 |   25.70        0.00

Type     Name                                                                          # reqs      # fails |    Avg     Min     Max    Med |   req/s  failures/s
--------|----------------------------------------------------------------------------|-------|-------------|-------|-------|-------|-------|--------|-----------
GET      GET /api/v1/reservas                                                            3632     0(0.00%) |     13       7     255     11 |   25.20        0.00
POST     POST /api/v1/auth/login                                                           50     0(0.00%) |   8013    1620   11542   8600 |    0.00        0.00
--------|----------------------------------------------------------------------------|-------|-------------|-------|-------|-------|-------|--------|-----------
         Aggregated                                                                      3682     0(0.00%) |    122       7   11542     11 |   25.20        0.00

Type     Name                                                                          # reqs      # fails |    Avg     Min     Max    Med |   req/s  failures/s
--------|----------------------------------------------------------------------------|-------|-------------|-------|-------|-------|-------|--------|-----------
GET      GET /api/v1/reservas                                                            3683     0(0.00%) |     13       7     255     11 |   25.30        0.00
POST     POST /api/v1/auth/login                                                           50     0(0.00%) |   8013    1620   11542   8600 |    0.00        0.00
--------|----------------------------------------------------------------------------|-------|-------------|-------|-------|-------|-------|--------|-----------
         Aggregated                                                                      3733     0(0.00%) |    120       7   11542     11 |   25.30        0.00

Type     Name                                                                          # reqs      # fails |    Avg     Min     Max    Med |   req/s  failures/s
--------|----------------------------------------------------------------------------|-------|-------------|-------|-------|-------|-------|--------|-----------
GET      GET /api/v1/reservas                                                            3732     0(0.00%) |     13       7     255     11 |   25.90        0.00
POST     POST /api/v1/auth/login                                                           50     0(0.00%) |   8013    1620   11542   8600 |    0.00        0.00
--------|----------------------------------------------------------------------------|-------|-------------|-------|-------|-------|-------|--------|-----------
         Aggregated                                                                      3782     0(0.00%) |    119       7   11542     11 |   25.90        0.00

Type     Name                                                                          # reqs      # fails |    Avg     Min     Max    Med |   req/s  failures/s
--------|----------------------------------------------------------------------------|-------|-------------|-------|-------|-------|-------|--------|-----------
GET      GET /api/v1/reservas                                                            3786     0(0.00%) |     13       7     255     11 |   25.80        0.00
POST     POST /api/v1/auth/login                                                           50     0(0.00%) |   8013    1620   11542   8600 |    0.00        0.00
--------|----------------------------------------------------------------------------|-------|-------------|-------|-------|-------|-------|--------|-----------
         Aggregated                                                                      3836     0(0.00%) |    118       7   11542     11 |   25.80        0.00

Type     Name                                                                          # reqs      # fails |    Avg     Min     Max    Med |   req/s  failures/s
--------|----------------------------------------------------------------------------|-------|-------------|-------|-------|-------|-------|--------|-----------
GET      GET /api/v1/reservas                                                            3833     0(0.00%) |     13       7     255     11 |   25.40        0.00
POST     POST /api/v1/auth/login                                                           50     0(0.00%) |   8013    1620   11542   8600 |    0.00        0.00
--------|----------------------------------------------------------------------------|-------|-------------|-------|-------|-------|-------|--------|-----------
         Aggregated                                                                      3883     0(0.00%) |    116       7   11542     11 |   25.40        0.00

Type     Name                                                                          # reqs      # fails |    Avg     Min     Max    Med |   req/s  failures/s
--------|----------------------------------------------------------------------------|-------|-------------|-------|-------|-------|-------|--------|-----------
GET      GET /api/v1/reservas                                                            3882     0(0.00%) |     13       7     255     11 |   25.50        0.00
POST     POST /api/v1/auth/login                                                           50     0(0.00%) |   8013    1620   11542   8600 |    0.00        0.00
--------|----------------------------------------------------------------------------|-------|-------------|-------|-------|-------|-------|--------|-----------
         Aggregated                                                                      3932     0(0.00%) |    115       7   11542     11 |   25.50        0.00

Type     Name                                                                          # reqs      # fails |    Avg     Min     Max    Med |   req/s  failures/s
--------|----------------------------------------------------------------------------|-------|-------------|-------|-------|-------|-------|--------|-----------
GET      GET /api/v1/reservas                                                            3930     0(0.00%) |     13       7     255     11 |   25.00        0.00
POST     POST /api/v1/auth/login                                                           50     0(0.00%) |   8013    1620   11542   8600 |    0.00        0.00
--------|----------------------------------------------------------------------------|-------|-------------|-------|-------|-------|-------|--------|-----------
         Aggregated                                                                      3980     0(0.00%) |    114       7   11542     11 |   25.00        0.00

Type     Name                                                                          # reqs      # fails |    Avg     Min     Max    Med |   req/s  failures/s
--------|----------------------------------------------------------------------------|-------|-------------|-------|-------|-------|-------|--------|-----------
GET      GET /api/v1/reservas                                                            3980     0(0.00%) |     13       7     255     11 |   25.00        0.00
POST     POST /api/v1/auth/login                                                           50     0(0.00%) |   8013    1620   11542   8600 |    0.00        0.00
--------|----------------------------------------------------------------------------|-------|-------------|-------|-------|-------|-------|--------|-----------
         Aggregated                                                                      4030     0(0.00%) |    112       7   11542     11 |   25.00        0.00

Type     Name                                                                          # reqs      # fails |    Avg     Min     Max    Med |   req/s  failures/s
--------|----------------------------------------------------------------------------|-------|-------------|-------|-------|-------|-------|--------|-----------
GET      GET /api/v1/reservas                                                            4033     0(0.00%) |     13       7     255     11 |   24.70        0.00
POST     POST /api/v1/auth/login                                                           50     0(0.00%) |   8013    1620   11542   8600 |    0.00        0.00
--------|----------------------------------------------------------------------------|-------|-------------|-------|-------|-------|-------|--------|-----------
         Aggregated                                                                      4083     0(0.00%) |    111       7   11542     11 |   24.70        0.00

Type     Name                                                                          # reqs      # fails |    Avg     Min     Max    Med |   req/s  failures/s
--------|----------------------------------------------------------------------------|-------|-------------|-------|-------|-------|-------|--------|-----------
GET      GET /api/v1/reservas                                                            4081     0(0.00%) |     13       7     255     11 |   25.30        0.00
POST     POST /api/v1/auth/login                                                           50     0(0.00%) |   8013    1620   11542   8600 |    0.00        0.00
--------|----------------------------------------------------------------------------|-------|-------------|-------|-------|-------|-------|--------|-----------
         Aggregated                                                                      4131     0(0.00%) |    110       7   11542     11 |   25.30        0.00

Type     Name                                                                          # reqs      # fails |    Avg     Min     Max    Med |   req/s  failures/s
--------|----------------------------------------------------------------------------|-------|-------------|-------|-------|-------|-------|--------|-----------
GET      GET /api/v1/reservas                                                            4124     0(0.00%) |     13       7     255     11 |   24.70        0.00
POST     POST /api/v1/auth/login                                                           50     0(0.00%) |   8013    1620   11542   8600 |    0.00        0.00
--------|----------------------------------------------------------------------------|-------|-------------|-------|-------|-------|-------|--------|-----------
         Aggregated                                                                      4174     0(0.00%) |    109       7   11542     11 |   24.70        0.00

Type     Name                                                                          # reqs      # fails |    Avg     Min     Max    Med |   req/s  failures/s
--------|----------------------------------------------------------------------------|-------|-------------|-------|-------|-------|-------|--------|-----------
GET      GET /api/v1/reservas                                                            4177     0(0.00%) |     13       7     255     11 |   24.30        0.00
POST     POST /api/v1/auth/login                                                           50     0(0.00%) |   8013    1620   11542   8600 |    0.00        0.00
--------|----------------------------------------------------------------------------|-------|-------------|-------|-------|-------|-------|--------|-----------
         Aggregated                                                                      4227     0(0.00%) |    108       7   11542     11 |   24.30        0.00

Type     Name                                                                          # reqs      # fails |    Avg     Min     Max    Med |   req/s  failures/s
--------|----------------------------------------------------------------------------|-------|-------------|-------|-------|-------|-------|--------|-----------
GET      GET /api/v1/reservas                                                            4224     0(0.00%) |     13       7     255     11 |   24.00        0.00
POST     POST /api/v1/auth/login                                                           50     0(0.00%) |   8013    1620   11542   8600 |    0.00        0.00
--------|----------------------------------------------------------------------------|-------|-------------|-------|-------|-------|-------|--------|-----------
         Aggregated                                                                      4274     0(0.00%) |    107       7   11542     11 |   24.00        0.00

Type     Name                                                                          # reqs      # fails |    Avg     Min     Max    Med |   req/s  failures/s
--------|----------------------------------------------------------------------------|-------|-------------|-------|-------|-------|-------|--------|-----------
GET      GET /api/v1/reservas                                                            4276     0(0.00%) |     13       7     255     11 |   24.10        0.00
POST     POST /api/v1/auth/login                                                           50     0(0.00%) |   8013    1620   11542   8600 |    0.00        0.00
--------|----------------------------------------------------------------------------|-------|-------------|-------|-------|-------|-------|--------|-----------
         Aggregated                                                                      4326     0(0.00%) |    106       7   11542     11 |   24.10        0.00

Type     Name                                                                          # reqs      # fails |    Avg     Min     Max    Med |   req/s  failures/s
--------|----------------------------------------------------------------------------|-------|-------------|-------|-------|-------|-------|--------|-----------
GET      GET /api/v1/reservas                                                            4321     0(0.00%) |     13       7     255     11 |   23.90        0.00
POST     POST /api/v1/auth/login                                                           50     0(0.00%) |   8013    1620   11542   8600 |    0.00        0.00
--------|----------------------------------------------------------------------------|-------|-------------|-------|-------|-------|-------|--------|-----------
         Aggregated                                                                      4371     0(0.00%) |    105       7   11542     11 |   23.90        0.00

Type     Name                                                                          # reqs      # fails |    Avg     Min     Max    Med |   req/s  failures/s
--------|----------------------------------------------------------------------------|-------|-------------|-------|-------|-------|-------|--------|-----------
GET      GET /api/v1/reservas                                                            4377     0(0.00%) |     13       7     255     11 |   24.00        0.00
POST     POST /api/v1/auth/login                                                           50     0(0.00%) |   8013    1620   11542   8600 |    0.00        0.00
--------|----------------------------------------------------------------------------|-------|-------------|-------|-------|-------|-------|--------|-----------
         Aggregated                                                                      4427     0(0.00%) |    103       7   11542     11 |   24.00        0.00

Type     Name                                                                          # reqs      # fails |    Avg     Min     Max    Med |   req/s  failures/s
--------|----------------------------------------------------------------------------|-------|-------------|-------|-------|-------|-------|--------|-----------
GET      GET /api/v1/reservas                                                            4420     0(0.00%) |     13       7     255     11 |   25.20        0.00
POST     POST /api/v1/auth/login                                                           50     0(0.00%) |   8013    1620   11542   8600 |    0.00        0.00
--------|----------------------------------------------------------------------------|-------|-------------|-------|-------|-------|-------|--------|-----------
         Aggregated                                                                      4470     0(0.00%) |    103       7   11542     11 |   25.20        0.00

Type     Name                                                                          # reqs      # fails |    Avg     Min     Max    Med |   req/s  failures/s
--------|----------------------------------------------------------------------------|-------|-------------|-------|-------|-------|-------|--------|-----------
GET      GET /api/v1/reservas                                                            4462     0(0.00%) |     13       7     255     11 |   24.60        0.00
POST     POST /api/v1/auth/login                                                           50     0(0.00%) |   8013    1620   11542   8600 |    0.00        0.00
--------|----------------------------------------------------------------------------|-------|-------------|-------|-------|-------|-------|--------|-----------
         Aggregated                                                                      4512     0(0.00%) |    102       7   11542     11 |   24.60        0.00

Type     Name                                                                          # reqs      # fails |    Avg     Min     Max    Med |   req/s  failures/s
--------|----------------------------------------------------------------------------|-------|-------------|-------|-------|-------|-------|--------|-----------
GET      GET /api/v1/reservas                                                            4516     0(0.00%) |     13       7     255     11 |   23.90        0.00
POST     POST /api/v1/auth/login                                                           50     0(0.00%) |   8013    1620   11542   8600 |    0.00        0.00
--------|----------------------------------------------------------------------------|-------|-------------|-------|-------|-------|-------|--------|-----------
         Aggregated                                                                      4566     0(0.00%) |    101       7   11542     11 |   23.90        0.00

Type     Name                                                                          # reqs      # fails |    Avg     Min     Max    Med |   req/s  failures/s
--------|----------------------------------------------------------------------------|-------|-------------|-------|-------|-------|-------|--------|-----------
GET      GET /api/v1/reservas                                                            4565     0(0.00%) |     13       7     255     11 |   24.10        0.00
POST     POST /api/v1/auth/login                                                           50     0(0.00%) |   8013    1620   11542   8600 |    0.00        0.00
--------|----------------------------------------------------------------------------|-------|-------------|-------|-------|-------|-------|--------|-----------
         Aggregated                                                                      4615     0(0.00%) |    100       7   11542     11 |   24.10        0.00

Type     Name                                                                          # reqs      # fails |    Avg     Min     Max    Med |   req/s  failures/s
--------|----------------------------------------------------------------------------|-------|-------------|-------|-------|-------|-------|--------|-----------
GET      GET /api/v1/reservas                                                            4615     0(0.00%) |     13       7     255     11 |   24.40        0.00
POST     POST /api/v1/auth/login                                                           50     0(0.00%) |   8013    1620   11542   8600 |    0.00        0.00
--------|----------------------------------------------------------------------------|-------|-------------|-------|-------|-------|-------|--------|-----------
         Aggregated                                                                      4665     0(0.00%) |     99       7   11542     11 |   24.40        0.00

Type     Name                                                                          # reqs      # fails |    Avg     Min     Max    Med |   req/s  failures/s
--------|----------------------------------------------------------------------------|-------|-------------|-------|-------|-------|-------|--------|-----------
GET      GET /api/v1/reservas                                                            4662     0(0.00%) |     13       7     255     11 |   23.80        0.00
POST     POST /api/v1/auth/login                                                           50     0(0.00%) |   8013    1620   11542   8600 |    0.00        0.00
--------|----------------------------------------------------------------------------|-------|-------------|-------|-------|-------|-------|--------|-----------
         Aggregated                                                                      4712     0(0.00%) |     98       7   11542     11 |   23.80        0.00

Type     Name                                                                          # reqs      # fails |    Avg     Min     Max    Med |   req/s  failures/s
--------|----------------------------------------------------------------------------|-------|-------------|-------|-------|-------|-------|--------|-----------
GET      GET /api/v1/reservas                                                            4714     0(0.00%) |     13       7     255     11 |   24.40        0.00
POST     POST /api/v1/auth/login                                                           50     0(0.00%) |   8013    1620   11542   8600 |    0.00        0.00
--------|----------------------------------------------------------------------------|-------|-------------|-------|-------|-------|-------|--------|-----------
         Aggregated                                                                      4764     0(0.00%) |     97       7   11542     11 |   24.40        0.00

Type     Name                                                                          # reqs      # fails |    Avg     Min     Max    Med |   req/s  failures/s
--------|----------------------------------------------------------------------------|-------|-------------|-------|-------|-------|-------|--------|-----------
GET      GET /api/v1/reservas                                                            4764     0(0.00%) |     13       7     255     11 |   25.30        0.00
POST     POST /api/v1/auth/login                                                           50     0(0.00%) |   8013    1620   11542   8600 |    0.00        0.00
--------|----------------------------------------------------------------------------|-------|-------------|-------|-------|-------|-------|--------|-----------
         Aggregated                                                                      4814     0(0.00%) |     96       7   11542     11 |   25.30        0.00

Type     Name                                                                          # reqs      # fails |    Avg     Min     Max    Med |   req/s  failures/s
--------|----------------------------------------------------------------------------|-------|-------------|-------|-------|-------|-------|--------|-----------
GET      GET /api/v1/reservas                                                            4810     0(0.00%) |     13       7     255     11 |   24.50        0.00
POST     POST /api/v1/auth/login                                                           50     0(0.00%) |   8013    1620   11542   8600 |    0.00        0.00
--------|----------------------------------------------------------------------------|-------|-------------|-------|-------|-------|-------|--------|-----------
         Aggregated                                                                      4860     0(0.00%) |     95       7   11542     11 |   24.50        0.00

Type     Name                                                                          # reqs      # fails |    Avg     Min     Max    Med |   req/s  failures/s
--------|----------------------------------------------------------------------------|-------|-------------|-------|-------|-------|-------|--------|-----------
GET      GET /api/v1/reservas                                                            4861     0(0.00%) |     13       7     255     11 |   24.70        0.00
POST     POST /api/v1/auth/login                                                           50     0(0.00%) |   8013    1620   11542   8600 |    0.00        0.00
--------|----------------------------------------------------------------------------|-------|-------------|-------|-------|-------|-------|--------|-----------
         Aggregated                                                                      4911     0(0.00%) |     94       7   11542     11 |   24.70        0.00

Type     Name                                                                          # reqs      # fails |    Avg     Min     Max    Med |   req/s  failures/s
--------|----------------------------------------------------------------------------|-------|-------------|-------|-------|-------|-------|--------|-----------
GET      GET /api/v1/reservas                                                            4911     0(0.00%) |     13       7     255     11 |   24.40        0.00
POST     POST /api/v1/auth/login                                                           50     0(0.00%) |   8013    1620   11542   8600 |    0.00        0.00
--------|----------------------------------------------------------------------------|-------|-------------|-------|-------|-------|-------|--------|-----------
         Aggregated                                                                      4961     0(0.00%) |     94       7   11542     11 |   24.40        0.00

Type     Name                                                                          # reqs      # fails |    Avg     Min     Max    Med |   req/s  failures/s
--------|----------------------------------------------------------------------------|-------|-------------|-------|-------|-------|-------|--------|-----------
GET      GET /api/v1/reservas                                                            4970     0(0.00%) |     13       7     255     11 |   24.80        0.00
POST     POST /api/v1/auth/login                                                           50     0(0.00%) |   8013    1620   11542   8600 |    0.00        0.00
--------|----------------------------------------------------------------------------|-------|-------------|-------|-------|-------|-------|--------|-----------
         Aggregated                                                                      5020     0(0.00%) |     93       7   11542     11 |   24.80        0.00

Type     Name                                                                          # reqs      # fails |    Avg     Min     Max    Med |   req/s  failures/s
--------|----------------------------------------------------------------------------|-------|-------------|-------|-------|-------|-------|--------|-----------
GET      GET /api/v1/reservas                                                            5017     0(0.00%) |     13       7     255     11 |   25.40        0.00
POST     POST /api/v1/auth/login                                                           50     0(0.00%) |   8013    1620   11542   8600 |    0.00        0.00
--------|----------------------------------------------------------------------------|-------|-------------|-------|-------|-------|-------|--------|-----------
         Aggregated                                                                      5067     0(0.00%) |     92       7   11542     11 |   25.40        0.00

Type     Name                                                                          # reqs      # fails |    Avg     Min     Max    Med |   req/s  failures/s
--------|----------------------------------------------------------------------------|-------|-------------|-------|-------|-------|-------|--------|-----------
GET      GET /api/v1/reservas                                                            5064     0(0.00%) |     13       7     255     11 |   25.10        0.00
POST     POST /api/v1/auth/login                                                           50     0(0.00%) |   8013    1620   11542   8600 |    0.00        0.00
--------|----------------------------------------------------------------------------|-------|-------------|-------|-------|-------|-------|--------|-----------
         Aggregated                                                                      5114     0(0.00%) |     91       7   11542     11 |   25.10        0.00

Type     Name                                                                          # reqs      # fails |    Avg     Min     Max    Med |   req/s  failures/s
--------|----------------------------------------------------------------------------|-------|-------------|-------|-------|-------|-------|--------|-----------
GET      GET /api/v1/reservas                                                            5114     0(0.00%) |     13       7     255     11 |   25.40        0.00
POST     POST /api/v1/auth/login                                                           50     0(0.00%) |   8013    1620   11542   8600 |    0.00        0.00
--------|----------------------------------------------------------------------------|-------|-------------|-------|-------|-------|-------|--------|-----------
         Aggregated                                                                      5164     0(0.00%) |     90       7   11542     11 |   25.40        0.00

Type     Name                                                                          # reqs      # fails |    Avg     Min     Max    Med |   req/s  failures/s
--------|----------------------------------------------------------------------------|-------|-------------|-------|-------|-------|-------|--------|-----------
GET      GET /api/v1/reservas                                                            5163     0(0.00%) |     13       7     255     11 |   25.40        0.00
POST     POST /api/v1/auth/login                                                           50     0(0.00%) |   8013    1620   11542   8600 |    0.00        0.00
--------|----------------------------------------------------------------------------|-------|-------------|-------|-------|-------|-------|--------|-----------
         Aggregated                                                                      5213     0(0.00%) |     90       7   11542     11 |   25.40        0.00

Type     Name                                                                          # reqs      # fails |    Avg     Min     Max    Med |   req/s  failures/s
--------|----------------------------------------------------------------------------|-------|-------------|-------|-------|-------|-------|--------|-----------
GET      GET /api/v1/reservas                                                            5215     0(0.00%) |     13       7     255     11 |   25.40        0.00
POST     POST /api/v1/auth/login                                                           50     0(0.00%) |   8013    1620   11542   8600 |    0.00        0.00
--------|----------------------------------------------------------------------------|-------|-------------|-------|-------|-------|-------|--------|-----------
         Aggregated                                                                      5265     0(0.00%) |     89       7   11542     11 |   25.40        0.00

Type     Name                                                                          # reqs      # fails |    Avg     Min     Max    Med |   req/s  failures/s
--------|----------------------------------------------------------------------------|-------|-------------|-------|-------|-------|-------|--------|-----------
GET      GET /api/v1/reservas                                                            5263     0(0.00%) |     13       7     255     11 |   24.40        0.00
POST     POST /api/v1/auth/login                                                           50     0(0.00%) |   8013    1620   11542   8600 |    0.00        0.00
--------|----------------------------------------------------------------------------|-------|-------------|-------|-------|-------|-------|--------|-----------
         Aggregated                                                                      5313     0(0.00%) |     88       7   11542     11 |   24.40        0.00

Type     Name                                                                          # reqs      # fails |    Avg     Min     Max    Med |   req/s  failures/s
--------|----------------------------------------------------------------------------|-------|-------------|-------|-------|-------|-------|--------|-----------
GET      GET /api/v1/reservas                                                            5306     0(0.00%) |     13       7     255     11 |   24.90        0.00
POST     POST /api/v1/auth/login                                                           50     0(0.00%) |   8013    1620   11542   8600 |    0.00        0.00
--------|----------------------------------------------------------------------------|-------|-------------|-------|-------|-------|-------|--------|-----------
         Aggregated                                                                      5356     0(0.00%) |     88       7   11542     11 |   24.90        0.00

Type     Name                                                                          # reqs      # fails |    Avg     Min     Max    Med |   req/s  failures/s
--------|----------------------------------------------------------------------------|-------|-------------|-------|-------|-------|-------|--------|-----------
GET      GET /api/v1/reservas                                                            5354     0(0.00%) |     13       7     255     11 |   23.90        0.00
POST     POST /api/v1/auth/login                                                           50     0(0.00%) |   8013    1620   11542   8600 |    0.00        0.00
--------|----------------------------------------------------------------------------|-------|-------------|-------|-------|-------|-------|--------|-----------
         Aggregated                                                                      5404     0(0.00%) |     87       7   11542     11 |   23.90        0.00

Type     Name                                                                          # reqs      # fails |    Avg     Min     Max    Med |   req/s  failures/s
--------|----------------------------------------------------------------------------|-------|-------------|-------|-------|-------|-------|--------|-----------
GET      GET /api/v1/reservas                                                            5401     0(0.00%) |     13       7     255     11 |   24.30        0.00
POST     POST /api/v1/auth/login                                                           50     0(0.00%) |   8013    1620   11542   8600 |    0.00        0.00
--------|----------------------------------------------------------------------------|-------|-------------|-------|-------|-------|-------|--------|-----------
         Aggregated                                                                      5451     0(0.00%) |     86       7   11542     11 |   24.30        0.00

Type     Name                                                                          # reqs      # fails |    Avg     Min     Max    Med |   req/s  failures/s
--------|----------------------------------------------------------------------------|-------|-------------|-------|-------|-------|-------|--------|-----------
GET      GET /api/v1/reservas                                                            5450     0(0.00%) |     13       7     255     11 |   23.90        0.00
POST     POST /api/v1/auth/login                                                           50     0(0.00%) |   8013    1620   11542   8600 |    0.00        0.00
--------|----------------------------------------------------------------------------|-------|-------------|-------|-------|-------|-------|--------|-----------
         Aggregated                                                                      5500     0(0.00%) |     86       7   11542     11 |   23.90        0.00

Type     Name                                                                          # reqs      # fails |    Avg     Min     Max    Med |   req/s  failures/s
--------|----------------------------------------------------------------------------|-------|-------------|-------|-------|-------|-------|--------|-----------
GET      GET /api/v1/reservas                                                            5494     0(0.00%) |     13       7     255     11 |   23.60        0.00
POST     POST /api/v1/auth/login                                                           50     0(0.00%) |   8013    1620   11542   8600 |    0.00        0.00
--------|----------------------------------------------------------------------------|-------|-------------|-------|-------|-------|-------|--------|-----------
         Aggregated                                                                      5544     0(0.00%) |     85       7   11542     11 |   23.60        0.00

Type     Name                                                                          # reqs      # fails |    Avg     Min     Max    Med |   req/s  failures/s
--------|----------------------------------------------------------------------------|-------|-------------|-------|-------|-------|-------|--------|-----------
GET      GET /api/v1/reservas                                                            5550     0(0.00%) |     13       7     255     11 |   23.50        0.00
POST     POST /api/v1/auth/login                                                           50     0(0.00%) |   8013    1620   11542   8600 |    0.00        0.00
--------|----------------------------------------------------------------------------|-------|-------------|-------|-------|-------|-------|--------|-----------
         Aggregated                                                                      5600     0(0.00%) |     84       7   11542     11 |   23.50        0.00

Type     Name                                                                          # reqs      # fails |    Avg     Min     Max    Med |   req/s  failures/s
--------|----------------------------------------------------------------------------|-------|-------------|-------|-------|-------|-------|--------|-----------
GET      GET /api/v1/reservas                                                            5599     0(0.00%) |     13       7     255     11 |   23.90        0.00
POST     POST /api/v1/auth/login                                                           50     0(0.00%) |   8013    1620   11542   8600 |    0.00        0.00
--------|----------------------------------------------------------------------------|-------|-------------|-------|-------|-------|-------|--------|-----------
         Aggregated                                                                      5649     0(0.00%) |     84       7   11542     11 |   23.90        0.00

Type     Name                                                                          # reqs      # fails |    Avg     Min     Max    Med |   req/s  failures/s
--------|----------------------------------------------------------------------------|-------|-------------|-------|-------|-------|-------|--------|-----------
GET      GET /api/v1/reservas                                                            5646     0(0.00%) |     13       7     255     11 |   24.10        0.00
POST     POST /api/v1/auth/login                                                           50     0(0.00%) |   8013    1620   11542   8600 |    0.00        0.00
--------|----------------------------------------------------------------------------|-------|-------------|-------|-------|-------|-------|--------|-----------
         Aggregated                                                                      5696     0(0.00%) |     83       7   11542     11 |   24.10        0.00

Type     Name                                                                          # reqs      # fails |    Avg     Min     Max    Med |   req/s  failures/s
--------|----------------------------------------------------------------------------|-------|-------------|-------|-------|-------|-------|--------|-----------
GET      GET /api/v1/reservas                                                            5698     0(0.00%) |     13       7     255     11 |   24.60        0.00
POST     POST /api/v1/auth/login                                                           50     0(0.00%) |   8013    1620   11542   8600 |    0.00        0.00
--------|----------------------------------------------------------------------------|-------|-------------|-------|-------|-------|-------|--------|-----------
         Aggregated                                                                      5748     0(0.00%) |     82       7   11542     11 |   24.60        0.00

Type     Name                                                                          # reqs      # fails |    Avg     Min     Max    Med |   req/s  failures/s
--------|----------------------------------------------------------------------------|-------|-------------|-------|-------|-------|-------|--------|-----------
GET      GET /api/v1/reservas                                                            5743     0(0.00%) |     13       7     255     11 |   24.80        0.00
POST     POST /api/v1/auth/login                                                           50     0(0.00%) |   8013    1620   11542   8600 |    0.00        0.00
--------|----------------------------------------------------------------------------|-------|-------------|-------|-------|-------|-------|--------|-----------
         Aggregated                                                                      5793     0(0.00%) |     82       7   11542     11 |   24.80        0.00

Type     Name                                                                          # reqs      # fails |    Avg     Min     Max    Med |   req/s  failures/s
--------|----------------------------------------------------------------------------|-------|-------------|-------|-------|-------|-------|--------|-----------
GET      GET /api/v1/reservas                                                            5796     0(0.00%) |     13       7     255     11 |   24.90        0.00
POST     POST /api/v1/auth/login                                                           50     0(0.00%) |   8013    1620   11542   8600 |    0.00        0.00
--------|----------------------------------------------------------------------------|-------|-------------|-------|-------|-------|-------|--------|-----------
         Aggregated                                                                      5846     0(0.00%) |     81       7   11542     11 |   24.90        0.00

Type     Name                                                                          # reqs      # fails |    Avg     Min     Max    Med |   req/s  failures/s
--------|----------------------------------------------------------------------------|-------|-------------|-------|-------|-------|-------|--------|-----------
GET      GET /api/v1/reservas                                                            5843     0(0.00%) |     13       7     255     11 |   25.10        0.00
POST     POST /api/v1/auth/login                                                           50     0(0.00%) |   8013    1620   11542   8600 |    0.00        0.00
--------|----------------------------------------------------------------------------|-------|-------------|-------|-------|-------|-------|--------|-----------
         Aggregated                                                                      5893     0(0.00%) |     81       7   11542     11 |   25.10        0.00

Type     Name                                                                          # reqs      # fails |    Avg     Min     Max    Med |   req/s  failures/s
--------|----------------------------------------------------------------------------|-------|-------------|-------|-------|-------|-------|--------|-----------
GET      GET /api/v1/reservas                                                            5887     0(0.00%) |     13       7     255     11 |   24.60        0.00
POST     POST /api/v1/auth/login                                                           50     0(0.00%) |   8013    1620   11542   8600 |    0.00        0.00
--------|----------------------------------------------------------------------------|-------|-------------|-------|-------|-------|-------|--------|-----------
         Aggregated                                                                      5937     0(0.00%) |     80       7   11542     11 |   24.60        0.00

Type     Name                                                                          # reqs      # fails |    Avg     Min     Max    Med |   req/s  failures/s
--------|----------------------------------------------------------------------------|-------|-------------|-------|-------|-------|-------|--------|-----------
GET      GET /api/v1/reservas                                                            5943     0(0.00%) |     13       7     255     11 |   23.70        0.00
POST     POST /api/v1/auth/login                                                           50     0(0.00%) |   8013    1620   11542   8600 |    0.00        0.00
--------|----------------------------------------------------------------------------|-------|-------------|-------|-------|-------|-------|--------|-----------
         Aggregated                                                                      5993     0(0.00%) |     80       7   11542     11 |   23.70        0.00

Type     Name                                                                          # reqs      # fails |    Avg     Min     Max    Med |   req/s  failures/s
--------|----------------------------------------------------------------------------|-------|-------------|-------|-------|-------|-------|--------|-----------
GET      GET /api/v1/reservas                                                            5990     0(0.00%) |     13       7     255     11 |   24.20        0.00
POST     POST /api/v1/auth/login                                                           50     0(0.00%) |   8013    1620   11542   8600 |    0.00        0.00
--------|----------------------------------------------------------------------------|-------|-------------|-------|-------|-------|-------|--------|-----------
         Aggregated                                                                      6040     0(0.00%) |     79       7   11542     11 |   24.20        0.00

Type     Name                                                                          # reqs      # fails |    Avg     Min     Max    Med |   req/s  failures/s
--------|----------------------------------------------------------------------------|-------|-------------|-------|-------|-------|-------|--------|-----------
GET      GET /api/v1/reservas                                                            6040     0(0.00%) |     13       7     255     11 |   24.70        0.00
POST     POST /api/v1/auth/login                                                           50     0(0.00%) |   8013    1620   11542   8600 |    0.00        0.00
--------|----------------------------------------------------------------------------|-------|-------------|-------|-------|-------|-------|--------|-----------
         Aggregated                                                                      6090     0(0.00%) |     79       7   11542     11 |   24.70        0.00

Type     Name                                                                          # reqs      # fails |    Avg     Min     Max    Med |   req/s  failures/s
--------|----------------------------------------------------------------------------|-------|-------------|-------|-------|-------|-------|--------|-----------
GET      GET /api/v1/reservas                                                            6090     0(0.00%) |     13       7     259     11 |   24.10        0.00
POST     POST /api/v1/auth/login                                                           50     0(0.00%) |   8013    1620   11542   8600 |    0.00        0.00
--------|----------------------------------------------------------------------------|-------|-------------|-------|-------|-------|-------|--------|-----------
         Aggregated                                                                      6140     0(0.00%) |     79       7   11542     11 |   24.10        0.00

Type     Name                                                                          # reqs      # fails |    Avg     Min     Max    Med |   req/s  failures/s
--------|----------------------------------------------------------------------------|-------|-------------|-------|-------|-------|-------|--------|-----------
GET      GET /api/v1/reservas                                                            6140     3(0.05%) |     14       7     342     11 |   24.60        0.00
POST     POST /api/v1/auth/login                                                           50     0(0.00%) |   8013    1620   11542   8600 |    0.00        0.00
--------|----------------------------------------------------------------------------|-------|-------------|-------|-------|-------|-------|--------|-----------
         Aggregated                                                                      6190     3(0.05%) |     79       7   11542     11 |   24.60        0.00

Type     Name                                                                          # reqs      # fails |    Avg     Min     Max    Med |   req/s  failures/s
--------|----------------------------------------------------------------------------|-------|-------------|-------|-------|-------|-------|--------|-----------
GET      GET /api/v1/reservas                                                            6190     3(0.05%) |     14       7     342     11 |   25.40        0.30
POST     POST /api/v1/auth/login                                                           50     0(0.00%) |   8013    1620   11542   8600 |    0.00        0.00
--------|----------------------------------------------------------------------------|-------|-------------|-------|-------|-------|-------|--------|-----------
         Aggregated                                                                      6240     3(0.05%) |     78       7   11542     11 |   25.40        0.30

Type     Name                                                                          # reqs      # fails |    Avg     Min     Max    Med |   req/s  failures/s
--------|----------------------------------------------------------------------------|-------|-------------|-------|-------|-------|-------|--------|-----------
GET      GET /api/v1/reservas                                                            6242     3(0.05%) |     14       7     342     11 |   24.80        0.30
POST     POST /api/v1/auth/login                                                           50     0(0.00%) |   8013    1620   11542   8600 |    0.00        0.00
--------|----------------------------------------------------------------------------|-------|-------------|-------|-------|-------|-------|--------|-----------
         Aggregated                                                                      6292     3(0.05%) |     78       7   11542     11 |   24.80        0.30

Type     Name                                                                          # reqs      # fails |    Avg     Min     Max    Med |   req/s  failures/s
--------|----------------------------------------------------------------------------|-------|-------------|-------|-------|-------|-------|--------|-----------
GET      GET /api/v1/reservas                                                            6288     3(0.05%) |     14       7     342     11 |   24.70        0.30
POST     POST /api/v1/auth/login                                                           50     0(0.00%) |   8013    1620   11542   8600 |    0.00        0.00
--------|----------------------------------------------------------------------------|-------|-------------|-------|-------|-------|-------|--------|-----------
         Aggregated                                                                      6338     3(0.05%) |     77       7   11542     11 |   24.70        0.30

Type     Name                                                                          # reqs      # fails |    Avg     Min     Max    Med |   req/s  failures/s
--------|----------------------------------------------------------------------------|-------|-------------|-------|-------|-------|-------|--------|-----------
GET      GET /api/v1/reservas                                                            6336     3(0.05%) |     14       7     342     11 |   24.70        0.30
POST     POST /api/v1/auth/login                                                           50     0(0.00%) |   8013    1620   11542   8600 |    0.00        0.00
--------|----------------------------------------------------------------------------|-------|-------------|-------|-------|-------|-------|--------|-----------
         Aggregated                                                                      6386     3(0.05%) |     77       7   11542     11 |   24.70        0.30

Type     Name                                                                          # reqs      # fails |    Avg     Min     Max    Med |   req/s  failures/s
--------|----------------------------------------------------------------------------|-------|-------------|-------|-------|-------|-------|--------|-----------
GET      GET /api/v1/reservas                                                            6388     3(0.05%) |     14       7     342     11 |   24.90        0.30
POST     POST /api/v1/auth/login                                                           50     0(0.00%) |   8013    1620   11542   8600 |    0.00        0.00
--------|----------------------------------------------------------------------------|-------|-------------|-------|-------|-------|-------|--------|-----------
         Aggregated                                                                      6438     3(0.05%) |     76       7   11542     11 |   24.90        0.30

Type     Name                                                                          # reqs      # fails |    Avg     Min     Max    Med |   req/s  failures/s
--------|----------------------------------------------------------------------------|-------|-------------|-------|-------|-------|-------|--------|-----------
GET      GET /api/v1/reservas                                                            6435     3(0.05%) |     14       7     342     11 |   24.20        0.00
POST     POST /api/v1/auth/login                                                           50     0(0.00%) |   8013    1620   11542   8600 |    0.00        0.00
--------|----------------------------------------------------------------------------|-------|-------------|-------|-------|-------|-------|--------|-----------
         Aggregated                                                                      6485     3(0.05%) |     76       7   11542     11 |   24.20        0.00

Type     Name                                                                          # reqs      # fails |    Avg     Min     Max    Med |   req/s  failures/s
--------|----------------------------------------------------------------------------|-------|-------------|-------|-------|-------|-------|--------|-----------
GET      GET /api/v1/reservas                                                            6481     3(0.05%) |     14       7     342     11 |   24.50        0.00
POST     POST /api/v1/auth/login                                                           50     0(0.00%) |   8013    1620   11542   8600 |    0.00        0.00
--------|----------------------------------------------------------------------------|-------|-------------|-------|-------|-------|-------|--------|-----------
         Aggregated                                                                      6531     3(0.05%) |     75       7   11542     11 |   24.50        0.00

Type     Name                                                                          # reqs      # fails |    Avg     Min     Max    Med |   req/s  failures/s
--------|----------------------------------------------------------------------------|-------|-------------|-------|-------|-------|-------|--------|-----------
GET      GET /api/v1/reservas                                                            6532     3(0.05%) |     14       7     342     11 |   24.20        0.00
POST     POST /api/v1/auth/login                                                           50     0(0.00%) |   8013    1620   11542   8600 |    0.00        0.00
--------|----------------------------------------------------------------------------|-------|-------------|-------|-------|-------|-------|--------|-----------
         Aggregated                                                                      6582     3(0.05%) |     75       7   11542     11 |   24.20        0.00

Type     Name                                                                          # reqs      # fails |    Avg     Min     Max    Med |   req/s  failures/s
--------|----------------------------------------------------------------------------|-------|-------------|-------|-------|-------|-------|--------|-----------
GET      GET /api/v1/reservas                                                            6583     3(0.05%) |     14       7     342     11 |   24.60        0.00
POST     POST /api/v1/auth/login                                                           50     0(0.00%) |   8013    1620   11542   8600 |    0.00        0.00
--------|----------------------------------------------------------------------------|-------|-------------|-------|-------|-------|-------|--------|-----------
         Aggregated                                                                      6633     3(0.05%) |     74       7   11542     11 |   24.60        0.00

Type     Name                                                                          # reqs      # fails |    Avg     Min     Max    Med |   req/s  failures/s
--------|----------------------------------------------------------------------------|-------|-------------|-------|-------|-------|-------|--------|-----------
GET      GET /api/v1/reservas                                                            6635     3(0.05%) |     14       7     342     11 |   24.60        0.00
POST     POST /api/v1/auth/login                                                           50     0(0.00%) |   8013    1620   11542   8600 |    0.00        0.00
--------|----------------------------------------------------------------------------|-------|-------------|-------|-------|-------|-------|--------|-----------
         Aggregated                                                                      6685     3(0.04%) |     74       7   11542     11 |   24.60        0.00

Type     Name                                                                          # reqs      # fails |    Avg     Min     Max    Med |   req/s  failures/s
--------|----------------------------------------------------------------------------|-------|-------------|-------|-------|-------|-------|--------|-----------
GET      GET /api/v1/reservas                                                            6681     3(0.04%) |     14       7     342     11 |   25.20        0.00
POST     POST /api/v1/auth/login                                                           50     0(0.00%) |   8013    1620   11542   8600 |    0.00        0.00
--------|----------------------------------------------------------------------------|-------|-------------|-------|-------|-------|-------|--------|-----------
         Aggregated                                                                      6731     3(0.04%) |     73       7   11542     11 |   25.20        0.00

Type     Name                                                                          # reqs      # fails |    Avg     Min     Max    Med |   req/s  failures/s
--------|----------------------------------------------------------------------------|-------|-------------|-------|-------|-------|-------|--------|-----------
GET      GET /api/v1/reservas                                                            6730     3(0.04%) |     14       7     342     11 |   24.60        0.00
POST     POST /api/v1/auth/login                                                           50     0(0.00%) |   8013    1620   11542   8600 |    0.00        0.00
--------|----------------------------------------------------------------------------|-------|-------------|-------|-------|-------|-------|--------|-----------
         Aggregated                                                                      6780     3(0.04%) |     73       7   11542     11 |   24.60        0.00

Type     Name                                                                          # reqs      # fails |    Avg     Min     Max    Med |   req/s  failures/s
--------|----------------------------------------------------------------------------|-------|-------------|-------|-------|-------|-------|--------|-----------
GET      GET /api/v1/reservas                                                            6770     3(0.04%) |     14       7     342     11 |   24.50        0.00
POST     POST /api/v1/auth/login                                                           50     0(0.00%) |   8013    1620   11542   8600 |    0.00        0.00
--------|----------------------------------------------------------------------------|-------|-------------|-------|-------|-------|-------|--------|-----------
         Aggregated                                                                      6820     3(0.04%) |     73       7   11542     11 |   24.50        0.00

Type     Name                                                                          # reqs      # fails |    Avg     Min     Max    Med |   req/s  failures/s
--------|----------------------------------------------------------------------------|-------|-------------|-------|-------|-------|-------|--------|-----------
GET      GET /api/v1/reservas                                                            6825     3(0.04%) |     14       7     342     11 |   24.30        0.00
POST     POST /api/v1/auth/login                                                           50     0(0.00%) |   8013    1620   11542   8600 |    0.00        0.00
--------|----------------------------------------------------------------------------|-------|-------------|-------|-------|-------|-------|--------|-----------
         Aggregated                                                                      6875     3(0.04%) |     72       7   11542     11 |   24.30        0.00

Type     Name                                                                          # reqs      # fails |    Avg     Min     Max    Med |   req/s  failures/s
--------|----------------------------------------------------------------------------|-------|-------------|-------|-------|-------|-------|--------|-----------
GET      GET /api/v1/reservas                                                            6872     3(0.04%) |     14       7     342     11 |   23.90        0.00
POST     POST /api/v1/auth/login                                                           50     0(0.00%) |   8013    1620   11542   8600 |    0.00        0.00
--------|----------------------------------------------------------------------------|-------|-------------|-------|-------|-------|-------|--------|-----------
         Aggregated                                                                      6922     3(0.04%) |     72       7   11542     11 |   23.90        0.00

Type     Name                                                                          # reqs      # fails |    Avg     Min     Max    Med |   req/s  failures/s
--------|----------------------------------------------------------------------------|-------|-------------|-------|-------|-------|-------|--------|-----------
GET      GET /api/v1/reservas                                                            6925     3(0.04%) |     14       7     342     11 |   23.90        0.00
POST     POST /api/v1/auth/login                                                           50     0(0.00%) |   8013    1620   11542   8600 |    0.00        0.00
--------|----------------------------------------------------------------------------|-------|-------------|-------|-------|-------|-------|--------|-----------
         Aggregated                                                                      6975     3(0.04%) |     71       7   11542     11 |   23.90        0.00

Type     Name                                                                          # reqs      # fails |    Avg     Min     Max    Med |   req/s  failures/s
--------|----------------------------------------------------------------------------|-------|-------------|-------|-------|-------|-------|--------|-----------
GET      GET /api/v1/reservas                                                            6971     3(0.04%) |     14       7     342     11 |   24.40        0.00
POST     POST /api/v1/auth/login                                                           50     0(0.00%) |   8013    1620   11542   8600 |    0.00        0.00
--------|----------------------------------------------------------------------------|-------|-------------|-------|-------|-------|-------|--------|-----------
         Aggregated                                                                      7021     3(0.04%) |     71       7   11542     11 |   24.40        0.00

Type     Name                                                                          # reqs      # fails |    Avg     Min     Max    Med |   req/s  failures/s
--------|----------------------------------------------------------------------------|-------|-------------|-------|-------|-------|-------|--------|-----------
GET      GET /api/v1/reservas                                                            7023     3(0.04%) |     14       7     342     11 |   24.50        0.00
POST     POST /api/v1/auth/login                                                           50     0(0.00%) |   8013    1620   11542   8600 |    0.00        0.00
--------|----------------------------------------------------------------------------|-------|-------------|-------|-------|-------|-------|--------|-----------
         Aggregated                                                                      7073     3(0.04%) |     70       7   11542     11 |   24.50        0.00

Type     Name                                                                          # reqs      # fails |    Avg     Min     Max    Med |   req/s  failures/s
--------|----------------------------------------------------------------------------|-------|-------------|-------|-------|-------|-------|--------|-----------
GET      GET /api/v1/reservas                                                            7078     3(0.04%) |     14       7     342     11 |   25.10        0.00
POST     POST /api/v1/auth/login                                                           50     0(0.00%) |   8013    1620   11542   8600 |    0.00        0.00
--------|----------------------------------------------------------------------------|-------|-------------|-------|-------|-------|-------|--------|-----------
         Aggregated                                                                      7128     3(0.04%) |     70       7   11542     11 |   25.10        0.00

Type     Name                                                                          # reqs      # fails |    Avg     Min     Max    Med |   req/s  failures/s
--------|----------------------------------------------------------------------------|-------|-------------|-------|-------|-------|-------|--------|-----------
GET      GET /api/v1/reservas                                                            7124     3(0.04%) |     14       7     342     11 |   25.40        0.00
POST     POST /api/v1/auth/login                                                           50     0(0.00%) |   8013    1620   11542   8600 |    0.00        0.00
--------|----------------------------------------------------------------------------|-------|-------------|-------|-------|-------|-------|--------|-----------
         Aggregated                                                                      7174     3(0.04%) |     70       7   11542     11 |   25.40        0.00

[2026-09-05 02:33:20,801] servidor-proyectos/INFO/locust.main: --run-time limit reached, shutting down
[2026-09-05 02:33:20,925] servidor-proyectos/INFO/locust.main: Shutting down (exit code 1)
Type     Name                                                                          # reqs      # fails |    Avg     Min     Max    Med |   req/s  failures/s
--------|----------------------------------------------------------------------------|-------|-------------|-------|-------|-------|-------|--------|-----------
GET      GET /api/v1/reservas                                                            7159     3(0.04%) |     14       7     342     11 |   23.88        0.01
POST     POST /api/v1/auth/login                                                           50     0(0.00%) |   8013    1620   11542   8600 |    0.17        0.00
--------|----------------------------------------------------------------------------|-------|-------------|-------|-------|-------|-------|--------|-----------
         Aggregated                                                                      7209     3(0.04%) |     69       7   11542     11 |   24.05        0.01

Response time percentiles (approximated)
Type     Name                                                                                  50%    66%    75%    80%    90%    95%    98%    99%  99.9% 99.99%   100% # reqs
--------|--------------------------------------------------------------------------------|--------|------|------|------|------|------|------|------|------|------|------|------
GET      GET /api/v1/reservas                                                                   11     12     13     14     17     23     44     86    250    340    340   7159
POST     POST /api/v1/auth/login                                                              8700   9100   9600  10000  10000  11000  12000  12000  12000  12000  12000     50
--------|--------------------------------------------------------------------------------|--------|------|------|------|------|------|------|------|------|------|------|------
         Aggregated                                                                             11     12     13     14     18     25     66    170  10000  12000  12000   7209

Error report
# occurrences      Error                                                                                               
------------------|---------------------------------------------------------------------------------------------------------------------------------------------
3                  GET GET /api/v1/reservas: HTTP esperado 200, recibido 500                                           
------------------|---------------------------------------------------------------------------------------------------------------------------------------------

