[2026-09-05 02:13:19,678] servidor-proyectos/INFO/locust.main: Starting Locust 2.46.4
[2026-09-05 02:13:19,679] servidor-proyectos/INFO/locust.main: Run time limit set to 300 seconds
Type     Name                                                                          # reqs      # fails |    Avg     Min     Max    Med |   req/s  failures/s
--------|----------------------------------------------------------------------------|-------|-------------|-------|-------|-------|-------|--------|-----------
--------|----------------------------------------------------------------------------|-------|-------------|-------|-------|-------|-------|--------|-----------
         Aggregated                                                                         0     0(0.00%) |      0       0       0      0 |    0.00        0.00

[2026-09-05 02:13:19,680] servidor-proyectos/INFO/locust.runners: Ramping to 50 users at a rate of 10.00 per second
Type     Name                                                                          # reqs      # fails |    Avg     Min     Max    Med |   req/s  failures/s
--------|----------------------------------------------------------------------------|-------|-------------|-------|-------|-------|-------|--------|-----------
GET      GET /api/v1/reservas                                                               7     0(0.00%) |     19      12      40     17 |    0.00        0.00
POST     POST /api/v1/auth/login                                                            7     0(0.00%) |   1453     976    1749   1600 |    0.00        0.00
--------|----------------------------------------------------------------------------|-------|-------------|-------|-------|-------|-------|--------|-----------
         Aggregated                                                                        14     0(0.00%) |    736      12    1749     40 |    0.00        0.00

Type     Name                                                                          # reqs      # fails |    Avg     Min     Max    Med |   req/s  failures/s
--------|----------------------------------------------------------------------------|-------|-------------|-------|-------|-------|-------|--------|-----------
GET      GET /api/v1/reservas                                                              16     0(0.00%) |     21      11      44     17 |    1.00        0.00
POST     POST /api/v1/auth/login                                                           10     0(0.00%) |   1640     976    2150   1600 |    1.00        0.00
--------|----------------------------------------------------------------------------|-------|-------------|-------|-------|-------|-------|--------|-----------
         Aggregated                                                                        26     0(0.00%) |    643      11    2150     27 |    2.00        0.00

[2026-09-05 02:13:23,712] servidor-proyectos/INFO/locust.runners: All users spawned: {"ReservasUser": 50} (50 total users)
Type     Name                                                                          # reqs      # fails |    Avg     Min     Max    Med |   req/s  failures/s
--------|----------------------------------------------------------------------------|-------|-------------|-------|-------|-------|-------|--------|-----------
GET      GET /api/v1/reservas                                                              30     0(0.00%) |     23       9      82     17 |    3.25        0.00
POST     POST /api/v1/auth/login                                                           13     0(0.00%) |   2214     976    4601   1700 |    2.50        0.00
--------|----------------------------------------------------------------------------|-------|-------------|-------|-------|-------|-------|--------|-----------
         Aggregated                                                                        43     0(0.00%) |    685       9    4601     27 |    5.75        0.00

Type     Name                                                                          # reqs      # fails |    Avg     Min     Max    Med |   req/s  failures/s
--------|----------------------------------------------------------------------------|-------|-------------|-------|-------|-------|-------|--------|-----------
GET      GET /api/v1/reservas                                                              56     0(0.00%) |     24       8      94     17 |    4.67        0.00
POST     POST /api/v1/auth/login                                                           25     0(0.00%) |   3741     976    6818   4100 |    2.00        0.00
--------|----------------------------------------------------------------------------|-------|-------------|-------|-------|-------|-------|--------|-----------
         Aggregated                                                                        81     0(0.00%) |   1171       8    6818     27 |    6.67        0.00

Type     Name                                                                          # reqs      # fails |    Avg     Min     Max    Med |   req/s  failures/s
--------|----------------------------------------------------------------------------|-------|-------------|-------|-------|-------|-------|--------|-----------
GET      GET /api/v1/reservas                                                              92     0(0.00%) |     25       8      96     17 |    6.25        0.00
POST     POST /api/v1/auth/login                                                           37     0(0.00%) |   4588     976    7137   5300 |    2.75        0.00
--------|----------------------------------------------------------------------------|-------|-------------|-------|-------|-------|-------|--------|-----------
         Aggregated                                                                       129     0(0.00%) |   1334       8    7137     27 |    9.00        0.00

Type     Name                                                                          # reqs      # fails |    Avg     Min     Max    Med |   req/s  failures/s
--------|----------------------------------------------------------------------------|-------|-------------|-------|-------|-------|-------|--------|-----------
GET      GET /api/v1/reservas                                                             142     0(0.00%) |     22       8      96     14 |    7.90        0.00
POST     POST /api/v1/auth/login                                                           50     0(0.00%) |   5138     976    7277   5800 |    3.20        0.00
--------|----------------------------------------------------------------------------|-------|-------------|-------|-------|-------|-------|--------|-----------
         Aggregated                                                                       192     0(0.00%) |   1354       8    7277     18 |   11.10        0.00

Type     Name                                                                          # reqs      # fails |    Avg     Min     Max    Med |   req/s  failures/s
--------|----------------------------------------------------------------------------|-------|-------------|-------|-------|-------|-------|--------|-----------
GET      GET /api/v1/reservas                                                             194     0(0.00%) |     20       8      96     13 |   12.90        0.00
POST     POST /api/v1/auth/login                                                           50     0(0.00%) |   5138     976    7277   5800 |    4.80        0.00
--------|----------------------------------------------------------------------------|-------|-------------|-------|-------|-------|-------|--------|-----------
         Aggregated                                                                       244     0(0.00%) |   1069       8    7277     17 |   17.70        0.00

Type     Name                                                                          # reqs      # fails |    Avg     Min     Max    Med |   req/s  failures/s
--------|----------------------------------------------------------------------------|-------|-------------|-------|-------|-------|-------|--------|-----------
GET      GET /api/v1/reservas                                                             242     0(0.00%) |     22       8      98     15 |   16.70        0.00
POST     POST /api/v1/auth/login                                                           50     0(0.00%) |   5138     976    7277   5800 |    4.00        0.00
--------|----------------------------------------------------------------------------|-------|-------------|-------|-------|-------|-------|--------|-----------
         Aggregated                                                                       292     0(0.00%) |    898       8    7277     18 |   20.70        0.00

Type     Name                                                                          # reqs      # fails |    Avg     Min     Max    Med |   req/s  failures/s
--------|----------------------------------------------------------------------------|-------|-------------|-------|-------|-------|-------|--------|-----------
GET      GET /api/v1/reservas                                                             292     0(0.00%) |     22       8      98     16 |   19.90        0.00
POST     POST /api/v1/auth/login                                                           50     0(0.00%) |   5138     976    7277   5800 |    3.80        0.00
--------|----------------------------------------------------------------------------|-------|-------------|-------|-------|-------|-------|--------|-----------
         Aggregated                                                                       342     0(0.00%) |    770       8    7277     18 |   23.70        0.00

Type     Name                                                                          # reqs      # fails |    Avg     Min     Max    Med |   req/s  failures/s
--------|----------------------------------------------------------------------------|-------|-------------|-------|-------|-------|-------|--------|-----------
GET      GET /api/v1/reservas                                                             342     0(0.00%) |     20       8      98     15 |   22.60        0.00
POST     POST /api/v1/auth/login                                                           50     0(0.00%) |   5138     976    7277   5800 |    2.80        0.00
--------|----------------------------------------------------------------------------|-------|-------------|-------|-------|-------|-------|--------|-----------
         Aggregated                                                                       392     0(0.00%) |    673       8    7277     16 |   25.40        0.00

Type     Name                                                                          # reqs      # fails |    Avg     Min     Max    Med |   req/s  failures/s
--------|----------------------------------------------------------------------------|-------|-------------|-------|-------|-------|-------|--------|-----------
GET      GET /api/v1/reservas                                                             387     0(0.00%) |     19       8      98     14 |   24.60        0.00
POST     POST /api/v1/auth/login                                                           50     0(0.00%) |   5138     976    7277   5800 |    1.80        0.00
--------|----------------------------------------------------------------------------|-------|-------------|-------|-------|-------|-------|--------|-----------
         Aggregated                                                                       437     0(0.00%) |    605       8    7277     15 |   26.40        0.00

Type     Name                                                                          # reqs      # fails |    Avg     Min     Max    Med |   req/s  failures/s
--------|----------------------------------------------------------------------------|-------|-------------|-------|-------|-------|-------|--------|-----------
GET      GET /api/v1/reservas                                                             439     0(0.00%) |     18       8      98     13 |   23.80        0.00
POST     POST /api/v1/auth/login                                                           50     0(0.00%) |   5138     976    7277   5800 |    0.00        0.00
--------|----------------------------------------------------------------------------|-------|-------------|-------|-------|-------|-------|--------|-----------
         Aggregated                                                                       489     0(0.00%) |    542       8    7277     14 |   23.80        0.00

Type     Name                                                                          # reqs      # fails |    Avg     Min     Max    Med |   req/s  failures/s
--------|----------------------------------------------------------------------------|-------|-------------|-------|-------|-------|-------|--------|-----------
GET      GET /api/v1/reservas                                                             486     0(0.00%) |     20       8     135     14 |   24.40        0.00
POST     POST /api/v1/auth/login                                                           50     0(0.00%) |   5138     976    7277   5800 |    0.00        0.00
--------|----------------------------------------------------------------------------|-------|-------------|-------|-------|-------|-------|--------|-----------
         Aggregated                                                                       536     0(0.00%) |    498       8    7277     15 |   24.40        0.00

Type     Name                                                                          # reqs      # fails |    Avg     Min     Max    Med |   req/s  failures/s
--------|----------------------------------------------------------------------------|-------|-------------|-------|-------|-------|-------|--------|-----------
GET      GET /api/v1/reservas                                                             541     0(0.00%) |     22       8     135     15 |   24.70        0.00
POST     POST /api/v1/auth/login                                                           50     0(0.00%) |   5138     976    7277   5800 |    0.00        0.00
--------|----------------------------------------------------------------------------|-------|-------------|-------|-------|-------|-------|--------|-----------
         Aggregated                                                                       591     0(0.00%) |    454       8    7277     16 |   24.70        0.00

Type     Name                                                                          # reqs      # fails |    Avg     Min     Max    Med |   req/s  failures/s
--------|----------------------------------------------------------------------------|-------|-------------|-------|-------|-------|-------|--------|-----------
GET      GET /api/v1/reservas                                                             585     0(0.00%) |     22       8     135     16 |   24.40        0.00
POST     POST /api/v1/auth/login                                                           50     0(0.00%) |   5138     976    7277   5800 |    0.00        0.00
--------|----------------------------------------------------------------------------|-------|-------------|-------|-------|-------|-------|--------|-----------
         Aggregated                                                                       635     0(0.00%) |    424       8    7277     17 |   24.40        0.00

Type     Name                                                                          # reqs      # fails |    Avg     Min     Max    Med |   req/s  failures/s
--------|----------------------------------------------------------------------------|-------|-------------|-------|-------|-------|-------|--------|-----------
GET      GET /api/v1/reservas                                                             636     0(0.00%) |     22       8     135     17 |   24.00        0.00
POST     POST /api/v1/auth/login                                                           50     0(0.00%) |   5138     976    7277   5800 |    0.00        0.00
--------|----------------------------------------------------------------------------|-------|-------------|-------|-------|-------|-------|--------|-----------
         Aggregated                                                                       686     0(0.00%) |    395       8    7277     18 |   24.00        0.00

Type     Name                                                                          # reqs      # fails |    Avg     Min     Max    Med |   req/s  failures/s
--------|----------------------------------------------------------------------------|-------|-------------|-------|-------|-------|-------|--------|-----------
GET      GET /api/v1/reservas                                                             680     0(0.00%) |     22       8     135     17 |   24.50        0.00
POST     POST /api/v1/auth/login                                                           50     0(0.00%) |   5138     976    7277   5800 |    0.00        0.00
--------|----------------------------------------------------------------------------|-------|-------------|-------|-------|-------|-------|--------|-----------
         Aggregated                                                                       730     0(0.00%) |    372       8    7277     18 |   24.50        0.00

Type     Name                                                                          # reqs      # fails |    Avg     Min     Max    Med |   req/s  failures/s
--------|----------------------------------------------------------------------------|-------|-------------|-------|-------|-------|-------|--------|-----------
GET      GET /api/v1/reservas                                                             727     0(0.00%) |     22       8     135     17 |   24.20        0.00
POST     POST /api/v1/auth/login                                                           50     0(0.00%) |   5138     976    7277   5800 |    0.00        0.00
--------|----------------------------------------------------------------------------|-------|-------------|-------|-------|-------|-------|--------|-----------
         Aggregated                                                                       777     0(0.00%) |    351       8    7277     18 |   24.20        0.00

Type     Name                                                                          # reqs      # fails |    Avg     Min     Max    Med |   req/s  failures/s
--------|----------------------------------------------------------------------------|-------|-------------|-------|-------|-------|-------|--------|-----------
GET      GET /api/v1/reservas                                                             781     0(0.00%) |     21       8     135     17 |   23.80        0.00
POST     POST /api/v1/auth/login                                                           50     0(0.00%) |   5138     976    7277   5800 |    0.00        0.00
--------|----------------------------------------------------------------------------|-------|-------------|-------|-------|-------|-------|--------|-----------
         Aggregated                                                                       831     0(0.00%) |    329       8    7277     17 |   23.80        0.00

Type     Name                                                                          # reqs      # fails |    Avg     Min     Max    Med |   req/s  failures/s
--------|----------------------------------------------------------------------------|-------|-------------|-------|-------|-------|-------|--------|-----------
GET      GET /api/v1/reservas                                                             834     0(0.00%) |     21       8     135     16 |   24.00        0.00
POST     POST /api/v1/auth/login                                                           50     0(0.00%) |   5138     976    7277   5800 |    0.00        0.00
--------|----------------------------------------------------------------------------|-------|-------------|-------|-------|-------|-------|--------|-----------
         Aggregated                                                                       884     0(0.00%) |    310       8    7277     17 |   24.00        0.00

Type     Name                                                                          # reqs      # fails |    Avg     Min     Max    Med |   req/s  failures/s
--------|----------------------------------------------------------------------------|-------|-------------|-------|-------|-------|-------|--------|-----------
GET      GET /api/v1/reservas                                                             877     0(0.00%) |     20       8     135     15 |   24.70        0.00
POST     POST /api/v1/auth/login                                                           50     0(0.00%) |   5138     976    7277   5800 |    0.00        0.00
--------|----------------------------------------------------------------------------|-------|-------------|-------|-------|-------|-------|--------|-----------
         Aggregated                                                                       927     0(0.00%) |    296       8    7277     16 |   24.70        0.00

Type     Name                                                                          # reqs      # fails |    Avg     Min     Max    Med |   req/s  failures/s
--------|----------------------------------------------------------------------------|-------|-------------|-------|-------|-------|-------|--------|-----------
GET      GET /api/v1/reservas                                                             932     0(0.00%) |     20       8     135     15 |   25.00        0.00
POST     POST /api/v1/auth/login                                                           50     0(0.00%) |   5138     976    7277   5800 |    0.00        0.00
--------|----------------------------------------------------------------------------|-------|-------------|-------|-------|-------|-------|--------|-----------
         Aggregated                                                                       982     0(0.00%) |    280       8    7277     16 |   25.00        0.00

Type     Name                                                                          # reqs      # fails |    Avg     Min     Max    Med |   req/s  failures/s
--------|----------------------------------------------------------------------------|-------|-------------|-------|-------|-------|-------|--------|-----------
GET      GET /api/v1/reservas                                                             980     0(0.00%) |     19       8     135     14 |   24.50        0.00
POST     POST /api/v1/auth/login                                                           50     0(0.00%) |   5138     976    7277   5800 |    0.00        0.00
--------|----------------------------------------------------------------------------|-------|-------------|-------|-------|-------|-------|--------|-----------
         Aggregated                                                                      1030     0(0.00%) |    268       8    7277     15 |   24.50        0.00

Type     Name                                                                          # reqs      # fails |    Avg     Min     Max    Med |   req/s  failures/s
--------|----------------------------------------------------------------------------|-------|-------------|-------|-------|-------|-------|--------|-----------
GET      GET /api/v1/reservas                                                            1029     0(0.00%) |     19       8     135     14 |   24.30        0.00
POST     POST /api/v1/auth/login                                                           50     0(0.00%) |   5138     976    7277   5800 |    0.00        0.00
--------|----------------------------------------------------------------------------|-------|-------------|-------|-------|-------|-------|--------|-----------
         Aggregated                                                                      1079     0(0.00%) |    256       8    7277     15 |   24.30        0.00

Type     Name                                                                          # reqs      # fails |    Avg     Min     Max    Med |   req/s  failures/s
--------|----------------------------------------------------------------------------|-------|-------------|-------|-------|-------|-------|--------|-----------
GET      GET /api/v1/reservas                                                            1075     0(0.00%) |     19       8     135     14 |   25.00        0.00
POST     POST /api/v1/auth/login                                                           50     0(0.00%) |   5138     976    7277   5800 |    0.00        0.00
--------|----------------------------------------------------------------------------|-------|-------------|-------|-------|-------|-------|--------|-----------
         Aggregated                                                                      1125     0(0.00%) |    246       8    7277     14 |   25.00        0.00

Type     Name                                                                          # reqs      # fails |    Avg     Min     Max    Med |   req/s  failures/s
--------|----------------------------------------------------------------------------|-------|-------------|-------|-------|-------|-------|--------|-----------
GET      GET /api/v1/reservas                                                            1130     0(0.00%) |     18       7     135     14 |   24.90        0.00
POST     POST /api/v1/auth/login                                                           50     0(0.00%) |   5138     976    7277   5800 |    0.00        0.00
--------|----------------------------------------------------------------------------|-------|-------------|-------|-------|-------|-------|--------|-----------
         Aggregated                                                                      1180     0(0.00%) |    235       7    7277     14 |   24.90        0.00

Type     Name                                                                          # reqs      # fails |    Avg     Min     Max    Med |   req/s  failures/s
--------|----------------------------------------------------------------------------|-------|-------------|-------|-------|-------|-------|--------|-----------
GET      GET /api/v1/reservas                                                            1182     0(0.00%) |     18       7     135     13 |   24.60        0.00
POST     POST /api/v1/auth/login                                                           50     0(0.00%) |   5138     976    7277   5800 |    0.00        0.00
--------|----------------------------------------------------------------------------|-------|-------------|-------|-------|-------|-------|--------|-----------
         Aggregated                                                                      1232     0(0.00%) |    226       7    7277     14 |   24.60        0.00

Type     Name                                                                          # reqs      # fails |    Avg     Min     Max    Med |   req/s  failures/s
--------|----------------------------------------------------------------------------|-------|-------------|-------|-------|-------|-------|--------|-----------
GET      GET /api/v1/reservas                                                            1230     0(0.00%) |     18       7     135     13 |   24.80        0.00
POST     POST /api/v1/auth/login                                                           50     0(0.00%) |   5138     976    7277   5800 |    0.00        0.00
--------|----------------------------------------------------------------------------|-------|-------------|-------|-------|-------|-------|--------|-----------
         Aggregated                                                                      1280     0(0.00%) |    218       7    7277     14 |   24.80        0.00

Type     Name                                                                          # reqs      # fails |    Avg     Min     Max    Med |   req/s  failures/s
--------|----------------------------------------------------------------------------|-------|-------------|-------|-------|-------|-------|--------|-----------
GET      GET /api/v1/reservas                                                            1273     0(0.00%) |     18       7     135     13 |   25.30        0.00
POST     POST /api/v1/auth/login                                                           50     0(0.00%) |   5138     976    7277   5800 |    0.00        0.00
--------|----------------------------------------------------------------------------|-------|-------------|-------|-------|-------|-------|--------|-----------
         Aggregated                                                                      1323     0(0.00%) |    211       7    7277     13 |   25.30        0.00

Type     Name                                                                          # reqs      # fails |    Avg     Min     Max    Med |   req/s  failures/s
--------|----------------------------------------------------------------------------|-------|-------------|-------|-------|-------|-------|--------|-----------
GET      GET /api/v1/reservas                                                            1321     0(0.00%) |     17       7     135     13 |   24.70        0.00
POST     POST /api/v1/auth/login                                                           50     0(0.00%) |   5138     976    7277   5800 |    0.00        0.00
--------|----------------------------------------------------------------------------|-------|-------------|-------|-------|-------|-------|--------|-----------
         Aggregated                                                                      1371     0(0.00%) |    204       7    7277     13 |   24.70        0.00

Type     Name                                                                          # reqs      # fails |    Avg     Min     Max    Med |   req/s  failures/s
--------|----------------------------------------------------------------------------|-------|-------------|-------|-------|-------|-------|--------|-----------
GET      GET /api/v1/reservas                                                            1373     0(0.00%) |     17       7     135     13 |   24.50        0.00
POST     POST /api/v1/auth/login                                                           50     0(0.00%) |   5138     976    7277   5800 |    0.00        0.00
--------|----------------------------------------------------------------------------|-------|-------------|-------|-------|-------|-------|--------|-----------
         Aggregated                                                                      1423     0(0.00%) |    197       7    7277     13 |   24.50        0.00

Type     Name                                                                          # reqs      # fails |    Avg     Min     Max    Med |   req/s  failures/s
--------|----------------------------------------------------------------------------|-------|-------------|-------|-------|-------|-------|--------|-----------
GET      GET /api/v1/reservas                                                            1419     0(0.00%) |     17       7     135     13 |   24.20        0.00
POST     POST /api/v1/auth/login                                                           50     0(0.00%) |   5138     976    7277   5800 |    0.00        0.00
--------|----------------------------------------------------------------------------|-------|-------------|-------|-------|-------|-------|--------|-----------
         Aggregated                                                                      1469     0(0.00%) |    191       7    7277     13 |   24.20        0.00

Type     Name                                                                          # reqs      # fails |    Avg     Min     Max    Med |   req/s  failures/s
--------|----------------------------------------------------------------------------|-------|-------------|-------|-------|-------|-------|--------|-----------
GET      GET /api/v1/reservas                                                            1466     0(0.00%) |     17       7     135     13 |   24.40        0.00
POST     POST /api/v1/auth/login                                                           50     0(0.00%) |   5138     976    7277   5800 |    0.00        0.00
--------|----------------------------------------------------------------------------|-------|-------------|-------|-------|-------|-------|--------|-----------
         Aggregated                                                                      1516     0(0.00%) |    186       7    7277     13 |   24.40        0.00

Type     Name                                                                          # reqs      # fails |    Avg     Min     Max    Med |   req/s  failures/s
--------|----------------------------------------------------------------------------|-------|-------------|-------|-------|-------|-------|--------|-----------
GET      GET /api/v1/reservas                                                            1520     0(0.00%) |     17       7     135     13 |   24.70        0.00
POST     POST /api/v1/auth/login                                                           50     0(0.00%) |   5138     976    7277   5800 |    0.00        0.00
--------|----------------------------------------------------------------------------|-------|-------------|-------|-------|-------|-------|--------|-----------
         Aggregated                                                                      1570     0(0.00%) |    180       7    7277     13 |   24.70        0.00

Type     Name                                                                          # reqs      # fails |    Avg     Min     Max    Med |   req/s  failures/s
--------|----------------------------------------------------------------------------|-------|-------------|-------|-------|-------|-------|--------|-----------
GET      GET /api/v1/reservas                                                            1565     0(0.00%) |     17       7     135     13 |   24.20        0.00
POST     POST /api/v1/auth/login                                                           50     0(0.00%) |   5138     976    7277   5800 |    0.00        0.00
--------|----------------------------------------------------------------------------|-------|-------------|-------|-------|-------|-------|--------|-----------
         Aggregated                                                                      1615     0(0.00%) |    175       7    7277     13 |   24.20        0.00

Type     Name                                                                          # reqs      # fails |    Avg     Min     Max    Med |   req/s  failures/s
--------|----------------------------------------------------------------------------|-------|-------------|-------|-------|-------|-------|--------|-----------
GET      GET /api/v1/reservas                                                            1621     0(0.00%) |     16       7     135     12 |   24.30        0.00
POST     POST /api/v1/auth/login                                                           50     0(0.00%) |   5138     976    7277   5800 |    0.00        0.00
--------|----------------------------------------------------------------------------|-------|-------------|-------|-------|-------|-------|--------|-----------
         Aggregated                                                                      1671     0(0.00%) |    170       7    7277     13 |   24.30        0.00

Type     Name                                                                          # reqs      # fails |    Avg     Min     Max    Med |   req/s  failures/s
--------|----------------------------------------------------------------------------|-------|-------------|-------|-------|-------|-------|--------|-----------
GET      GET /api/v1/reservas                                                            1674     0(0.00%) |     16       7     135     12 |   25.30        0.00
POST     POST /api/v1/auth/login                                                           50     0(0.00%) |   5138     976    7277   5800 |    0.00        0.00
--------|----------------------------------------------------------------------------|-------|-------------|-------|-------|-------|-------|--------|-----------
         Aggregated                                                                      1724     0(0.00%) |    165       7    7277     13 |   25.30        0.00

Type     Name                                                                          # reqs      # fails |    Avg     Min     Max    Med |   req/s  failures/s
--------|----------------------------------------------------------------------------|-------|-------------|-------|-------|-------|-------|--------|-----------
GET      GET /api/v1/reservas                                                            1727     0(0.00%) |     16       7     135     12 |   24.90        0.00
POST     POST /api/v1/auth/login                                                           50     0(0.00%) |   5138     976    7277   5800 |    0.00        0.00
--------|----------------------------------------------------------------------------|-------|-------------|-------|-------|-------|-------|--------|-----------
         Aggregated                                                                      1777     0(0.00%) |    160       7    7277     12 |   24.90        0.00

Type     Name                                                                          # reqs      # fails |    Avg     Min     Max    Med |   req/s  failures/s
--------|----------------------------------------------------------------------------|-------|-------------|-------|-------|-------|-------|--------|-----------
GET      GET /api/v1/reservas                                                            1773     0(0.00%) |     16       7     135     12 |   24.90        0.00
POST     POST /api/v1/auth/login                                                           50     0(0.00%) |   5138     976    7277   5800 |    0.00        0.00
--------|----------------------------------------------------------------------------|-------|-------------|-------|-------|-------|-------|--------|-----------
         Aggregated                                                                      1823     0(0.00%) |    157       7    7277     12 |   24.90        0.00

Type     Name                                                                          # reqs      # fails |    Avg     Min     Max    Med |   req/s  failures/s
--------|----------------------------------------------------------------------------|-------|-------------|-------|-------|-------|-------|--------|-----------
GET      GET /api/v1/reservas                                                            1824     0(0.00%) |     16       7     135     12 |   25.40        0.00
POST     POST /api/v1/auth/login                                                           50     0(0.00%) |   5138     976    7277   5800 |    0.00        0.00
--------|----------------------------------------------------------------------------|-------|-------------|-------|-------|-------|-------|--------|-----------
         Aggregated                                                                      1874     0(0.00%) |    153       7    7277     12 |   25.40        0.00

Type     Name                                                                          # reqs      # fails |    Avg     Min     Max    Med |   req/s  failures/s
--------|----------------------------------------------------------------------------|-------|-------------|-------|-------|-------|-------|--------|-----------
GET      GET /api/v1/reservas                                                            1872     0(0.00%) |     16       7     135     12 |   25.40        0.00
POST     POST /api/v1/auth/login                                                           50     0(0.00%) |   5138     976    7277   5800 |    0.00        0.00
--------|----------------------------------------------------------------------------|-------|-------------|-------|-------|-------|-------|--------|-----------
         Aggregated                                                                      1922     0(0.00%) |    149       7    7277     12 |   25.40        0.00

Type     Name                                                                          # reqs      # fails |    Avg     Min     Max    Med |   req/s  failures/s
--------|----------------------------------------------------------------------------|-------|-------------|-------|-------|-------|-------|--------|-----------
GET      GET /api/v1/reservas                                                            1926     0(0.00%) |     16       7     135     12 |   24.70        0.00
POST     POST /api/v1/auth/login                                                           50     0(0.00%) |   5138     976    7277   5800 |    0.00        0.00
--------|----------------------------------------------------------------------------|-------|-------------|-------|-------|-------|-------|--------|-----------
         Aggregated                                                                      1976     0(0.00%) |    145       7    7277     12 |   24.70        0.00

Type     Name                                                                          # reqs      # fails |    Avg     Min     Max    Med |   req/s  failures/s
--------|----------------------------------------------------------------------------|-------|-------------|-------|-------|-------|-------|--------|-----------
GET      GET /api/v1/reservas                                                            1972     0(0.00%) |     16       7     135     12 |   25.40        0.00
POST     POST /api/v1/auth/login                                                           50     0(0.00%) |   5138     976    7277   5800 |    0.00        0.00
--------|----------------------------------------------------------------------------|-------|-------------|-------|-------|-------|-------|--------|-----------
         Aggregated                                                                      2022     0(0.00%) |    142       7    7277     12 |   25.40        0.00

Type     Name                                                                          # reqs      # fails |    Avg     Min     Max    Med |   req/s  failures/s
--------|----------------------------------------------------------------------------|-------|-------------|-------|-------|-------|-------|--------|-----------
GET      GET /api/v1/reservas                                                            2024     0(0.00%) |     16       7     135     12 |   24.90        0.00
POST     POST /api/v1/auth/login                                                           50     0(0.00%) |   5138     976    7277   5800 |    0.00        0.00
--------|----------------------------------------------------------------------------|-------|-------------|-------|-------|-------|-------|--------|-----------
         Aggregated                                                                      2074     0(0.00%) |    139       7    7277     12 |   24.90        0.00

Type     Name                                                                          # reqs      # fails |    Avg     Min     Max    Med |   req/s  failures/s
--------|----------------------------------------------------------------------------|-------|-------------|-------|-------|-------|-------|--------|-----------
GET      GET /api/v1/reservas                                                            2070     0(0.00%) |     15       7     135     12 |   25.10        0.00
POST     POST /api/v1/auth/login                                                           50     0(0.00%) |   5138     976    7277   5800 |    0.00        0.00
--------|----------------------------------------------------------------------------|-------|-------------|-------|-------|-------|-------|--------|-----------
         Aggregated                                                                      2120     0(0.00%) |    136       7    7277     12 |   25.10        0.00

Type     Name                                                                          # reqs      # fails |    Avg     Min     Max    Med |   req/s  failures/s
--------|----------------------------------------------------------------------------|-------|-------------|-------|-------|-------|-------|--------|-----------
GET      GET /api/v1/reservas                                                            2122     0(0.00%) |     15       7     135     12 |   25.20        0.00
POST     POST /api/v1/auth/login                                                           50     0(0.00%) |   5138     976    7277   5800 |    0.00        0.00
--------|----------------------------------------------------------------------------|-------|-------------|-------|-------|-------|-------|--------|-----------
         Aggregated                                                                      2172     0(0.00%) |    133       7    7277     12 |   25.20        0.00

Type     Name                                                                          # reqs      # fails |    Avg     Min     Max    Med |   req/s  failures/s
--------|----------------------------------------------------------------------------|-------|-------------|-------|-------|-------|-------|--------|-----------
GET      GET /api/v1/reservas                                                            2174     0(0.00%) |     15       7     135     12 |   25.20        0.00
POST     POST /api/v1/auth/login                                                           50     0(0.00%) |   5138     976    7277   5800 |    0.00        0.00
--------|----------------------------------------------------------------------------|-------|-------------|-------|-------|-------|-------|--------|-----------
         Aggregated                                                                      2224     0(0.00%) |    130       7    7277     12 |   25.20        0.00

Type     Name                                                                          # reqs      # fails |    Avg     Min     Max    Med |   req/s  failures/s
--------|----------------------------------------------------------------------------|-------|-------------|-------|-------|-------|-------|--------|-----------
GET      GET /api/v1/reservas                                                            2228     0(0.00%) |     15       7     135     12 |   25.00        0.00
POST     POST /api/v1/auth/login                                                           50     0(0.00%) |   5138     976    7277   5800 |    0.00        0.00
--------|----------------------------------------------------------------------------|-------|-------------|-------|-------|-------|-------|--------|-----------
         Aggregated                                                                      2278     0(0.00%) |    128       7    7277     12 |   25.00        0.00

Type     Name                                                                          # reqs      # fails |    Avg     Min     Max    Med |   req/s  failures/s
--------|----------------------------------------------------------------------------|-------|-------------|-------|-------|-------|-------|--------|-----------
GET      GET /api/v1/reservas                                                            2282     0(0.00%) |     15       7     135     12 |   25.30        0.00
POST     POST /api/v1/auth/login                                                           50     0(0.00%) |   5138     976    7277   5800 |    0.00        0.00
--------|----------------------------------------------------------------------------|-------|-------------|-------|-------|-------|-------|--------|-----------
         Aggregated                                                                      2332     0(0.00%) |    125       7    7277     12 |   25.30        0.00

Type     Name                                                                          # reqs      # fails |    Avg     Min     Max    Med |   req/s  failures/s
--------|----------------------------------------------------------------------------|-------|-------------|-------|-------|-------|-------|--------|-----------
GET      GET /api/v1/reservas                                                            2331     0(0.00%) |     15       7     135     12 |   25.70        0.00
POST     POST /api/v1/auth/login                                                           50     0(0.00%) |   5138     976    7277   5800 |    0.00        0.00
--------|----------------------------------------------------------------------------|-------|-------------|-------|-------|-------|-------|--------|-----------
         Aggregated                                                                      2381     0(0.00%) |    123       7    7277     12 |   25.70        0.00

Type     Name                                                                          # reqs      # fails |    Avg     Min     Max    Med |   req/s  failures/s
--------|----------------------------------------------------------------------------|-------|-------------|-------|-------|-------|-------|--------|-----------
GET      GET /api/v1/reservas                                                            2382     0(0.00%) |     15       7     135     12 |   25.70        0.00
POST     POST /api/v1/auth/login                                                           50     0(0.00%) |   5138     976    7277   5800 |    0.00        0.00
--------|----------------------------------------------------------------------------|-------|-------------|-------|-------|-------|-------|--------|-----------
         Aggregated                                                                      2432     0(0.00%) |    120       7    7277     12 |   25.70        0.00

Type     Name                                                                          # reqs      # fails |    Avg     Min     Max    Med |   req/s  failures/s
--------|----------------------------------------------------------------------------|-------|-------------|-------|-------|-------|-------|--------|-----------
GET      GET /api/v1/reservas                                                            2431     0(0.00%) |     15       7     135     12 |   25.80        0.00
POST     POST /api/v1/auth/login                                                           50     0(0.00%) |   5138     976    7277   5800 |    0.00        0.00
--------|----------------------------------------------------------------------------|-------|-------------|-------|-------|-------|-------|--------|-----------
         Aggregated                                                                      2481     0(0.00%) |    118       7    7277     12 |   25.80        0.00

Type     Name                                                                          # reqs      # fails |    Avg     Min     Max    Med |   req/s  failures/s
--------|----------------------------------------------------------------------------|-------|-------------|-------|-------|-------|-------|--------|-----------
GET      GET /api/v1/reservas                                                            2482     0(0.00%) |     15       7     135     12 |   25.80        0.00
POST     POST /api/v1/auth/login                                                           50     0(0.00%) |   5138     976    7277   5800 |    0.00        0.00
--------|----------------------------------------------------------------------------|-------|-------------|-------|-------|-------|-------|--------|-----------
         Aggregated                                                                      2532     0(0.00%) |    116       7    7277     12 |   25.80        0.00

Type     Name                                                                          # reqs      # fails |    Avg     Min     Max    Med |   req/s  failures/s
--------|----------------------------------------------------------------------------|-------|-------------|-------|-------|-------|-------|--------|-----------
GET      GET /api/v1/reservas                                                            2528     0(0.00%) |     15       7     135     12 |   25.00        0.00
POST     POST /api/v1/auth/login                                                           50     0(0.00%) |   5138     976    7277   5800 |    0.00        0.00
--------|----------------------------------------------------------------------------|-------|-------------|-------|-------|-------|-------|--------|-----------
         Aggregated                                                                      2578     0(0.00%) |    114       7    7277     12 |   25.00        0.00

Type     Name                                                                          # reqs      # fails |    Avg     Min     Max    Med |   req/s  failures/s
--------|----------------------------------------------------------------------------|-------|-------------|-------|-------|-------|-------|--------|-----------
GET      GET /api/v1/reservas                                                            2580     0(0.00%) |     15       7     135     12 |   25.20        0.00
POST     POST /api/v1/auth/login                                                           50     0(0.00%) |   5138     976    7277   5800 |    0.00        0.00
--------|----------------------------------------------------------------------------|-------|-------------|-------|-------|-------|-------|--------|-----------
         Aggregated                                                                      2630     0(0.00%) |    112       7    7277     12 |   25.20        0.00

Type     Name                                                                          # reqs      # fails |    Avg     Min     Max    Med |   req/s  failures/s
--------|----------------------------------------------------------------------------|-------|-------------|-------|-------|-------|-------|--------|-----------
GET      GET /api/v1/reservas                                                            2625     0(0.00%) |     15       7     135     12 |   24.70        0.00
POST     POST /api/v1/auth/login                                                           50     0(0.00%) |   5138     976    7277   5800 |    0.00        0.00
--------|----------------------------------------------------------------------------|-------|-------------|-------|-------|-------|-------|--------|-----------
         Aggregated                                                                      2675     0(0.00%) |    110       7    7277     12 |   24.70        0.00

Type     Name                                                                          # reqs      # fails |    Avg     Min     Max    Med |   req/s  failures/s
--------|----------------------------------------------------------------------------|-------|-------------|-------|-------|-------|-------|--------|-----------
GET      GET /api/v1/reservas                                                            2676     0(0.00%) |     15       7     135     12 |   24.80        0.00
POST     POST /api/v1/auth/login                                                           50     0(0.00%) |   5138     976    7277   5800 |    0.00        0.00
--------|----------------------------------------------------------------------------|-------|-------------|-------|-------|-------|-------|--------|-----------
         Aggregated                                                                      2726     0(0.00%) |    109       7    7277     12 |   24.80        0.00

Type     Name                                                                          # reqs      # fails |    Avg     Min     Max    Med |   req/s  failures/s
--------|----------------------------------------------------------------------------|-------|-------------|-------|-------|-------|-------|--------|-----------
GET      GET /api/v1/reservas                                                            2724     0(0.00%) |     15       7     135     12 |   24.50        0.00
POST     POST /api/v1/auth/login                                                           50     0(0.00%) |   5138     976    7277   5800 |    0.00        0.00
--------|----------------------------------------------------------------------------|-------|-------------|-------|-------|-------|-------|--------|-----------
         Aggregated                                                                      2774     0(0.00%) |    107       7    7277     12 |   24.50        0.00

Type     Name                                                                          # reqs      # fails |    Avg     Min     Max    Med |   req/s  failures/s
--------|----------------------------------------------------------------------------|-------|-------------|-------|-------|-------|-------|--------|-----------
GET      GET /api/v1/reservas                                                            2777     0(0.00%) |     15       7     135     12 |   25.30        0.00
POST     POST /api/v1/auth/login                                                           50     0(0.00%) |   5138     976    7277   5800 |    0.00        0.00
--------|----------------------------------------------------------------------------|-------|-------------|-------|-------|-------|-------|--------|-----------
         Aggregated                                                                      2827     0(0.00%) |    105       7    7277     12 |   25.30        0.00

Type     Name                                                                          # reqs      # fails |    Avg     Min     Max    Med |   req/s  failures/s
--------|----------------------------------------------------------------------------|-------|-------------|-------|-------|-------|-------|--------|-----------
GET      GET /api/v1/reservas                                                            2826     0(0.00%) |     14       7     135     12 |   24.20        0.00
POST     POST /api/v1/auth/login                                                           50     0(0.00%) |   5138     976    7277   5800 |    0.00        0.00
--------|----------------------------------------------------------------------------|-------|-------------|-------|-------|-------|-------|--------|-----------
         Aggregated                                                                      2876     0(0.00%) |    104       7    7277     12 |   24.20        0.00

Type     Name                                                                          # reqs      # fails |    Avg     Min     Max    Med |   req/s  failures/s
--------|----------------------------------------------------------------------------|-------|-------------|-------|-------|-------|-------|--------|-----------
GET      GET /api/v1/reservas                                                            2877     0(0.00%) |     14       6     135     12 |   25.00        0.00
POST     POST /api/v1/auth/login                                                           50     0(0.00%) |   5138     976    7277   5800 |    0.00        0.00
--------|----------------------------------------------------------------------------|-------|-------------|-------|-------|-------|-------|--------|-----------
         Aggregated                                                                      2927     0(0.00%) |    102       6    7277     12 |   25.00        0.00

Type     Name                                                                          # reqs      # fails |    Avg     Min     Max    Med |   req/s  failures/s
--------|----------------------------------------------------------------------------|-------|-------------|-------|-------|-------|-------|--------|-----------
GET      GET /api/v1/reservas                                                            2929     0(0.00%) |     14       6     135     12 |   25.00        0.00
POST     POST /api/v1/auth/login                                                           50     0(0.00%) |   5138     976    7277   5800 |    0.00        0.00
--------|----------------------------------------------------------------------------|-------|-------------|-------|-------|-------|-------|--------|-----------
         Aggregated                                                                      2979     0(0.00%) |    100       6    7277     12 |   25.00        0.00

Type     Name                                                                          # reqs      # fails |    Avg     Min     Max    Med |   req/s  failures/s
--------|----------------------------------------------------------------------------|-------|-------------|-------|-------|-------|-------|--------|-----------
GET      GET /api/v1/reservas                                                            2981     0(0.00%) |     14       6     135     12 |   25.00        0.00
POST     POST /api/v1/auth/login                                                           50     0(0.00%) |   5138     976    7277   5800 |    0.00        0.00
--------|----------------------------------------------------------------------------|-------|-------------|-------|-------|-------|-------|--------|-----------
         Aggregated                                                                      3031     0(0.00%) |     99       6    7277     12 |   25.00        0.00

Type     Name                                                                          # reqs      # fails |    Avg     Min     Max    Med |   req/s  failures/s
--------|----------------------------------------------------------------------------|-------|-------------|-------|-------|-------|-------|--------|-----------
GET      GET /api/v1/reservas                                                            3030     0(0.00%) |     14       6     135     12 |   25.20        0.00
POST     POST /api/v1/auth/login                                                           50     0(0.00%) |   5138     976    7277   5800 |    0.00        0.00
--------|----------------------------------------------------------------------------|-------|-------------|-------|-------|-------|-------|--------|-----------
         Aggregated                                                                      3080     0(0.00%) |     98       6    7277     12 |   25.20        0.00

Type     Name                                                                          # reqs      # fails |    Avg     Min     Max    Med |   req/s  failures/s
--------|----------------------------------------------------------------------------|-------|-------------|-------|-------|-------|-------|--------|-----------
GET      GET /api/v1/reservas                                                            3079     0(0.00%) |     14       6     135     12 |   25.00        0.00
POST     POST /api/v1/auth/login                                                           50     0(0.00%) |   5138     976    7277   5800 |    0.00        0.00
--------|----------------------------------------------------------------------------|-------|-------------|-------|-------|-------|-------|--------|-----------
         Aggregated                                                                      3129     0(0.00%) |     96       6    7277     12 |   25.00        0.00

Type     Name                                                                          # reqs      # fails |    Avg     Min     Max    Med |   req/s  failures/s
--------|----------------------------------------------------------------------------|-------|-------------|-------|-------|-------|-------|--------|-----------
GET      GET /api/v1/reservas                                                            3125     0(0.00%) |     14       6     135     12 |   24.50        0.00
POST     POST /api/v1/auth/login                                                           50     0(0.00%) |   5138     976    7277   5800 |    0.00        0.00
--------|----------------------------------------------------------------------------|-------|-------------|-------|-------|-------|-------|--------|-----------
         Aggregated                                                                      3175     0(0.00%) |     95       6    7277     12 |   24.50        0.00

Type     Name                                                                          # reqs      # fails |    Avg     Min     Max    Med |   req/s  failures/s
--------|----------------------------------------------------------------------------|-------|-------------|-------|-------|-------|-------|--------|-----------
GET      GET /api/v1/reservas                                                            3183     0(0.00%) |     14       6     135     12 |   25.20        0.00
POST     POST /api/v1/auth/login                                                           50     0(0.00%) |   5138     976    7277   5800 |    0.00        0.00
--------|----------------------------------------------------------------------------|-------|-------------|-------|-------|-------|-------|--------|-----------
         Aggregated                                                                      3233     0(0.00%) |     93       6    7277     12 |   25.20        0.00

Type     Name                                                                          # reqs      # fails |    Avg     Min     Max    Med |   req/s  failures/s
--------|----------------------------------------------------------------------------|-------|-------------|-------|-------|-------|-------|--------|-----------
GET      GET /api/v1/reservas                                                            3235     0(0.00%) |     14       6     135     12 |   25.00        0.00
POST     POST /api/v1/auth/login                                                           50     0(0.00%) |   5138     976    7277   5800 |    0.00        0.00
--------|----------------------------------------------------------------------------|-------|-------------|-------|-------|-------|-------|--------|-----------
         Aggregated                                                                      3285     0(0.00%) |     92       6    7277     12 |   25.00        0.00

Type     Name                                                                          # reqs      # fails |    Avg     Min     Max    Med |   req/s  failures/s
--------|----------------------------------------------------------------------------|-------|-------------|-------|-------|-------|-------|--------|-----------
GET      GET /api/v1/reservas                                                            3283     0(0.00%) |     14       6     135     12 |   24.90        0.00
POST     POST /api/v1/auth/login                                                           50     0(0.00%) |   5138     976    7277   5800 |    0.00        0.00
--------|----------------------------------------------------------------------------|-------|-------------|-------|-------|-------|-------|--------|-----------
         Aggregated                                                                      3333     0(0.00%) |     91       6    7277     12 |   24.90        0.00

Type     Name                                                                          # reqs      # fails |    Avg     Min     Max    Med |   req/s  failures/s
--------|----------------------------------------------------------------------------|-------|-------------|-------|-------|-------|-------|--------|-----------
GET      GET /api/v1/reservas                                                            3333     0(0.00%) |     14       6     135     12 |   26.00        0.00
POST     POST /api/v1/auth/login                                                           50     0(0.00%) |   5138     976    7277   5800 |    0.00        0.00
--------|----------------------------------------------------------------------------|-------|-------------|-------|-------|-------|-------|--------|-----------
         Aggregated                                                                      3383     0(0.00%) |     90       6    7277     12 |   26.00        0.00

Type     Name                                                                          # reqs      # fails |    Avg     Min     Max    Med |   req/s  failures/s
--------|----------------------------------------------------------------------------|-------|-------------|-------|-------|-------|-------|--------|-----------
GET      GET /api/v1/reservas                                                            3378     0(0.00%) |     14       6     135     12 |   26.10        0.00
POST     POST /api/v1/auth/login                                                           50     0(0.00%) |   5138     976    7277   5800 |    0.00        0.00
--------|----------------------------------------------------------------------------|-------|-------------|-------|-------|-------|-------|--------|-----------
         Aggregated                                                                      3428     0(0.00%) |     89       6    7277     12 |   26.10        0.00

Type     Name                                                                          # reqs      # fails |    Avg     Min     Max    Med |   req/s  failures/s
--------|----------------------------------------------------------------------------|-------|-------------|-------|-------|-------|-------|--------|-----------
GET      GET /api/v1/reservas                                                            3434     0(0.00%) |     14       6     135     12 |   24.90        0.00
POST     POST /api/v1/auth/login                                                           50     0(0.00%) |   5138     976    7277   5800 |    0.00        0.00
--------|----------------------------------------------------------------------------|-------|-------------|-------|-------|-------|-------|--------|-----------
         Aggregated                                                                      3484     0(0.00%) |     88       6    7277     12 |   24.90        0.00

Type     Name                                                                          # reqs      # fails |    Avg     Min     Max    Med |   req/s  failures/s
--------|----------------------------------------------------------------------------|-------|-------------|-------|-------|-------|-------|--------|-----------
GET      GET /api/v1/reservas                                                            3484     0(0.00%) |     14       6     135     12 |   25.30        0.00
POST     POST /api/v1/auth/login                                                           50     0(0.00%) |   5138     976    7277   5800 |    0.00        0.00
--------|----------------------------------------------------------------------------|-------|-------------|-------|-------|-------|-------|--------|-----------
         Aggregated                                                                      3534     0(0.00%) |     87       6    7277     12 |   25.30        0.00

Type     Name                                                                          # reqs      # fails |    Avg     Min     Max    Med |   req/s  failures/s
--------|----------------------------------------------------------------------------|-------|-------------|-------|-------|-------|-------|--------|-----------
GET      GET /api/v1/reservas                                                            3535     0(0.00%) |     14       6     135     12 |   25.50        0.00
POST     POST /api/v1/auth/login                                                           50     0(0.00%) |   5138     976    7277   5800 |    0.00        0.00
--------|----------------------------------------------------------------------------|-------|-------------|-------|-------|-------|-------|--------|-----------
         Aggregated                                                                      3585     0(0.00%) |     86       6    7277     12 |   25.50        0.00

Type     Name                                                                          # reqs      # fails |    Avg     Min     Max    Med |   req/s  failures/s
--------|----------------------------------------------------------------------------|-------|-------------|-------|-------|-------|-------|--------|-----------
GET      GET /api/v1/reservas                                                            3583     0(0.00%) |     14       6     135     12 |   25.00        0.00
POST     POST /api/v1/auth/login                                                           50     0(0.00%) |   5138     976    7277   5800 |    0.00        0.00
--------|----------------------------------------------------------------------------|-------|-------------|-------|-------|-------|-------|--------|-----------
         Aggregated                                                                      3633     0(0.00%) |     85       6    7277     12 |   25.00        0.00

Type     Name                                                                          # reqs      # fails |    Avg     Min     Max    Med |   req/s  failures/s
--------|----------------------------------------------------------------------------|-------|-------------|-------|-------|-------|-------|--------|-----------
GET      GET /api/v1/reservas                                                            3636     0(0.00%) |     14       6     135     12 |   25.00        0.00
POST     POST /api/v1/auth/login                                                           50     0(0.00%) |   5138     976    7277   5800 |    0.00        0.00
--------|----------------------------------------------------------------------------|-------|-------------|-------|-------|-------|-------|--------|-----------
         Aggregated                                                                      3686     0(0.00%) |     84       6    7277     12 |   25.00        0.00

Type     Name                                                                          # reqs      # fails |    Avg     Min     Max    Med |   req/s  failures/s
--------|----------------------------------------------------------------------------|-------|-------------|-------|-------|-------|-------|--------|-----------
GET      GET /api/v1/reservas                                                            3687     0(0.00%) |     14       6     135     12 |   25.00        0.00
POST     POST /api/v1/auth/login                                                           50     0(0.00%) |   5138     976    7277   5800 |    0.00        0.00
--------|----------------------------------------------------------------------------|-------|-------------|-------|-------|-------|-------|--------|-----------
         Aggregated                                                                      3737     0(0.00%) |     83       6    7277     12 |   25.00        0.00

Type     Name                                                                          # reqs      # fails |    Avg     Min     Max    Med |   req/s  failures/s
--------|----------------------------------------------------------------------------|-------|-------------|-------|-------|-------|-------|--------|-----------
GET      GET /api/v1/reservas                                                            3734     0(0.00%) |     14       6     135     12 |   24.70        0.00
POST     POST /api/v1/auth/login                                                           50     0(0.00%) |   5138     976    7277   5800 |    0.00        0.00
--------|----------------------------------------------------------------------------|-------|-------------|-------|-------|-------|-------|--------|-----------
         Aggregated                                                                      3784     0(0.00%) |     82       6    7277     12 |   24.70        0.00

Type     Name                                                                          # reqs      # fails |    Avg     Min     Max    Med |   req/s  failures/s
--------|----------------------------------------------------------------------------|-------|-------------|-------|-------|-------|-------|--------|-----------
GET      GET /api/v1/reservas                                                            3786     0(0.00%) |     14       6     135     12 |   25.30        0.00
POST     POST /api/v1/auth/login                                                           50     0(0.00%) |   5138     976    7277   5800 |    0.00        0.00
--------|----------------------------------------------------------------------------|-------|-------------|-------|-------|-------|-------|--------|-----------
         Aggregated                                                                      3836     0(0.00%) |     81       6    7277     12 |   25.30        0.00

Type     Name                                                                          # reqs      # fails |    Avg     Min     Max    Med |   req/s  failures/s
--------|----------------------------------------------------------------------------|-------|-------------|-------|-------|-------|-------|--------|-----------
GET      GET /api/v1/reservas                                                            3834     0(0.00%) |     14       6     135     12 |   24.90        0.00
POST     POST /api/v1/auth/login                                                           50     0(0.00%) |   5138     976    7277   5800 |    0.00        0.00
--------|----------------------------------------------------------------------------|-------|-------------|-------|-------|-------|-------|--------|-----------
         Aggregated                                                                      3884     0(0.00%) |     80       6    7277     12 |   24.90        0.00

Type     Name                                                                          # reqs      # fails |    Avg     Min     Max    Med |   req/s  failures/s
--------|----------------------------------------------------------------------------|-------|-------------|-------|-------|-------|-------|--------|-----------
GET      GET /api/v1/reservas                                                            3878     0(0.00%) |     14       6     135     12 |   24.80        0.00
POST     POST /api/v1/auth/login                                                           50     0(0.00%) |   5138     976    7277   5800 |    0.00        0.00
--------|----------------------------------------------------------------------------|-------|-------------|-------|-------|-------|-------|--------|-----------
         Aggregated                                                                      3928     0(0.00%) |     79       6    7277     12 |   24.80        0.00

Type     Name                                                                          # reqs      # fails |    Avg     Min     Max    Med |   req/s  failures/s
--------|----------------------------------------------------------------------------|-------|-------------|-------|-------|-------|-------|--------|-----------
GET      GET /api/v1/reservas                                                            3929     0(0.00%) |     14       6     135     12 |   25.00        0.00
POST     POST /api/v1/auth/login                                                           50     0(0.00%) |   5138     976    7277   5800 |    0.00        0.00
--------|----------------------------------------------------------------------------|-------|-------------|-------|-------|-------|-------|--------|-----------
         Aggregated                                                                      3979     0(0.00%) |     78       6    7277     12 |   25.00        0.00

Type     Name                                                                          # reqs      # fails |    Avg     Min     Max    Med |   req/s  failures/s
--------|----------------------------------------------------------------------------|-------|-------------|-------|-------|-------|-------|--------|-----------
GET      GET /api/v1/reservas                                                            3979     0(0.00%) |     14       6     135     12 |   25.20        0.00
POST     POST /api/v1/auth/login                                                           50     0(0.00%) |   5138     976    7277   5800 |    0.00        0.00
--------|----------------------------------------------------------------------------|-------|-------------|-------|-------|-------|-------|--------|-----------
         Aggregated                                                                      4029     0(0.00%) |     78       6    7277     12 |   25.20        0.00

Type     Name                                                                          # reqs      # fails |    Avg     Min     Max    Med |   req/s  failures/s
--------|----------------------------------------------------------------------------|-------|-------------|-------|-------|-------|-------|--------|-----------
GET      GET /api/v1/reservas                                                            4031     0(0.00%) |     14       6     135     12 |   24.10        0.00
POST     POST /api/v1/auth/login                                                           50     0(0.00%) |   5138     976    7277   5800 |    0.00        0.00
--------|----------------------------------------------------------------------------|-------|-------------|-------|-------|-------|-------|--------|-----------
         Aggregated                                                                      4081     0(0.00%) |     77       6    7277     12 |   24.10        0.00

Type     Name                                                                          # reqs      # fails |    Avg     Min     Max    Med |   req/s  failures/s
--------|----------------------------------------------------------------------------|-------|-------------|-------|-------|-------|-------|--------|-----------
GET      GET /api/v1/reservas                                                            4081     0(0.00%) |     14       6     135     12 |   24.40        0.00
POST     POST /api/v1/auth/login                                                           50     0(0.00%) |   5138     976    7277   5800 |    0.00        0.00
--------|----------------------------------------------------------------------------|-------|-------------|-------|-------|-------|-------|--------|-----------
         Aggregated                                                                      4131     0(0.00%) |     76       6    7277     12 |   24.40        0.00

Type     Name                                                                          # reqs      # fails |    Avg     Min     Max    Med |   req/s  failures/s
--------|----------------------------------------------------------------------------|-------|-------------|-------|-------|-------|-------|--------|-----------
GET      GET /api/v1/reservas                                                            4131     0(0.00%) |     14       6     135     12 |   24.00        0.00
POST     POST /api/v1/auth/login                                                           50     0(0.00%) |   5138     976    7277   5800 |    0.00        0.00
--------|----------------------------------------------------------------------------|-------|-------------|-------|-------|-------|-------|--------|-----------
         Aggregated                                                                      4181     0(0.00%) |     75       6    7277     12 |   24.00        0.00

Type     Name                                                                          # reqs      # fails |    Avg     Min     Max    Med |   req/s  failures/s
--------|----------------------------------------------------------------------------|-------|-------------|-------|-------|-------|-------|--------|-----------
GET      GET /api/v1/reservas                                                            4179     0(0.00%) |     14       6     135     12 |   24.40        0.00
POST     POST /api/v1/auth/login                                                           50     0(0.00%) |   5138     976    7277   5800 |    0.00        0.00
--------|----------------------------------------------------------------------------|-------|-------------|-------|-------|-------|-------|--------|-----------
         Aggregated                                                                      4229     0(0.00%) |     75       6    7277     12 |   24.40        0.00

Type     Name                                                                          # reqs      # fails |    Avg     Min     Max    Med |   req/s  failures/s
--------|----------------------------------------------------------------------------|-------|-------------|-------|-------|-------|-------|--------|-----------
GET      GET /api/v1/reservas                                                            4226     0(0.00%) |     14       6     135     12 |   25.00        0.00
POST     POST /api/v1/auth/login                                                           50     0(0.00%) |   5138     976    7277   5800 |    0.00        0.00
--------|----------------------------------------------------------------------------|-------|-------------|-------|-------|-------|-------|--------|-----------
         Aggregated                                                                      4276     0(0.00%) |     74       6    7277     12 |   25.00        0.00

Type     Name                                                                          # reqs      # fails |    Avg     Min     Max    Med |   req/s  failures/s
--------|----------------------------------------------------------------------------|-------|-------------|-------|-------|-------|-------|--------|-----------
GET      GET /api/v1/reservas                                                            4277     0(0.00%) |     14       6     135     12 |   25.10        0.00
POST     POST /api/v1/auth/login                                                           50     0(0.00%) |   5138     976    7277   5800 |    0.00        0.00
--------|----------------------------------------------------------------------------|-------|-------------|-------|-------|-------|-------|--------|-----------
         Aggregated                                                                      4327     0(0.00%) |     73       6    7277     12 |   25.10        0.00

Type     Name                                                                          # reqs      # fails |    Avg     Min     Max    Med |   req/s  failures/s
--------|----------------------------------------------------------------------------|-------|-------------|-------|-------|-------|-------|--------|-----------
GET      GET /api/v1/reservas                                                            4330     0(0.00%) |     14       6     135     12 |   25.20        0.00
POST     POST /api/v1/auth/login                                                           50     0(0.00%) |   5138     976    7277   5800 |    0.00        0.00
--------|----------------------------------------------------------------------------|-------|-------------|-------|-------|-------|-------|--------|-----------
         Aggregated                                                                      4380     0(0.00%) |     72       6    7277     12 |   25.20        0.00

Type     Name                                                                          # reqs      # fails |    Avg     Min     Max    Med |   req/s  failures/s
--------|----------------------------------------------------------------------------|-------|-------------|-------|-------|-------|-------|--------|-----------
GET      GET /api/v1/reservas                                                            4382     0(0.00%) |     14       6     135     12 |   25.40        0.00
POST     POST /api/v1/auth/login                                                           50     0(0.00%) |   5138     976    7277   5800 |    0.00        0.00
--------|----------------------------------------------------------------------------|-------|-------------|-------|-------|-------|-------|--------|-----------
         Aggregated                                                                      4432     0(0.00%) |     72       6    7277     12 |   25.40        0.00

Type     Name                                                                          # reqs      # fails |    Avg     Min     Max    Med |   req/s  failures/s
--------|----------------------------------------------------------------------------|-------|-------------|-------|-------|-------|-------|--------|-----------
GET      GET /api/v1/reservas                                                            4427     0(0.00%) |     14       6     135     12 |   25.50        0.00
POST     POST /api/v1/auth/login                                                           50     0(0.00%) |   5138     976    7277   5800 |    0.00        0.00
--------|----------------------------------------------------------------------------|-------|-------------|-------|-------|-------|-------|--------|-----------
         Aggregated                                                                      4477     0(0.00%) |     71       6    7277     12 |   25.50        0.00

Type     Name                                                                          # reqs      # fails |    Avg     Min     Max    Med |   req/s  failures/s
--------|----------------------------------------------------------------------------|-------|-------------|-------|-------|-------|-------|--------|-----------
GET      GET /api/v1/reservas                                                            4474     0(0.00%) |     14       6     135     12 |   25.30        0.00
POST     POST /api/v1/auth/login                                                           50     0(0.00%) |   5138     976    7277   5800 |    0.00        0.00
--------|----------------------------------------------------------------------------|-------|-------------|-------|-------|-------|-------|--------|-----------
         Aggregated                                                                      4524     0(0.00%) |     70       6    7277     12 |   25.30        0.00

Type     Name                                                                          # reqs      # fails |    Avg     Min     Max    Med |   req/s  failures/s
--------|----------------------------------------------------------------------------|-------|-------------|-------|-------|-------|-------|--------|-----------
GET      GET /api/v1/reservas                                                            4523     0(0.00%) |     14       6     135     12 |   25.20        0.00
POST     POST /api/v1/auth/login                                                           50     0(0.00%) |   5138     976    7277   5800 |    0.00        0.00
--------|----------------------------------------------------------------------------|-------|-------------|-------|-------|-------|-------|--------|-----------
         Aggregated                                                                      4573     0(0.00%) |     70       6    7277     12 |   25.20        0.00

Type     Name                                                                          # reqs      # fails |    Avg     Min     Max    Med |   req/s  failures/s
--------|----------------------------------------------------------------------------|-------|-------------|-------|-------|-------|-------|--------|-----------
GET      GET /api/v1/reservas                                                            4578     0(0.00%) |     14       6     135     12 |   24.70        0.00
POST     POST /api/v1/auth/login                                                           50     0(0.00%) |   5138     976    7277   5800 |    0.00        0.00
--------|----------------------------------------------------------------------------|-------|-------------|-------|-------|-------|-------|--------|-----------
         Aggregated                                                                      4628     0(0.00%) |     69       6    7277     12 |   24.70        0.00

Type     Name                                                                          # reqs      # fails |    Avg     Min     Max    Med |   req/s  failures/s
--------|----------------------------------------------------------------------------|-------|-------------|-------|-------|-------|-------|--------|-----------
GET      GET /api/v1/reservas                                                            4624     0(0.00%) |     14       6     135     12 |   24.20        0.00
POST     POST /api/v1/auth/login                                                           50     0(0.00%) |   5138     976    7277   5800 |    0.00        0.00
--------|----------------------------------------------------------------------------|-------|-------------|-------|-------|-------|-------|--------|-----------
         Aggregated                                                                      4674     0(0.00%) |     69       6    7277     12 |   24.20        0.00

Type     Name                                                                          # reqs      # fails |    Avg     Min     Max    Med |   req/s  failures/s
--------|----------------------------------------------------------------------------|-------|-------------|-------|-------|-------|-------|--------|-----------
GET      GET /api/v1/reservas                                                            4676     0(0.00%) |     14       6     135     12 |   24.00        0.00
POST     POST /api/v1/auth/login                                                           50     0(0.00%) |   5138     976    7277   5800 |    0.00        0.00
--------|----------------------------------------------------------------------------|-------|-------------|-------|-------|-------|-------|--------|-----------
         Aggregated                                                                      4726     0(0.00%) |     68       6    7277     12 |   24.00        0.00

Type     Name                                                                          # reqs      # fails |    Avg     Min     Max    Med |   req/s  failures/s
--------|----------------------------------------------------------------------------|-------|-------------|-------|-------|-------|-------|--------|-----------
GET      GET /api/v1/reservas                                                            4723     0(0.00%) |     14       6     135     12 |   23.80        0.00
POST     POST /api/v1/auth/login                                                           50     0(0.00%) |   5138     976    7277   5800 |    0.00        0.00
--------|----------------------------------------------------------------------------|-------|-------------|-------|-------|-------|-------|--------|-----------
         Aggregated                                                                      4773     0(0.00%) |     67       6    7277     12 |   23.80        0.00

Type     Name                                                                          # reqs      # fails |    Avg     Min     Max    Med |   req/s  failures/s
--------|----------------------------------------------------------------------------|-------|-------------|-------|-------|-------|-------|--------|-----------
GET      GET /api/v1/reservas                                                            4775     0(0.00%) |     14       6     135     12 |   24.10        0.00
POST     POST /api/v1/auth/login                                                           50     0(0.00%) |   5138     976    7277   5800 |    0.00        0.00
--------|----------------------------------------------------------------------------|-------|-------------|-------|-------|-------|-------|--------|-----------
         Aggregated                                                                      4825     0(0.00%) |     67       6    7277     12 |   24.10        0.00

Type     Name                                                                          # reqs      # fails |    Avg     Min     Max    Med |   req/s  failures/s
--------|----------------------------------------------------------------------------|-------|-------------|-------|-------|-------|-------|--------|-----------
GET      GET /api/v1/reservas                                                            4822     0(0.00%) |     14       6     135     12 |   25.00        0.00
POST     POST /api/v1/auth/login                                                           50     0(0.00%) |   5138     976    7277   5800 |    0.00        0.00
--------|----------------------------------------------------------------------------|-------|-------------|-------|-------|-------|-------|--------|-----------
         Aggregated                                                                      4872     0(0.00%) |     66       6    7277     12 |   25.00        0.00

Type     Name                                                                          # reqs      # fails |    Avg     Min     Max    Med |   req/s  failures/s
--------|----------------------------------------------------------------------------|-------|-------------|-------|-------|-------|-------|--------|-----------
GET      GET /api/v1/reservas                                                            4874     0(0.00%) |     14       6     135     12 |   25.50        0.00
POST     POST /api/v1/auth/login                                                           50     0(0.00%) |   5138     976    7277   5800 |    0.00        0.00
--------|----------------------------------------------------------------------------|-------|-------------|-------|-------|-------|-------|--------|-----------
         Aggregated                                                                      4924     0(0.00%) |     66       6    7277     12 |   25.50        0.00

Type     Name                                                                          # reqs      # fails |    Avg     Min     Max    Med |   req/s  failures/s
--------|----------------------------------------------------------------------------|-------|-------------|-------|-------|-------|-------|--------|-----------
GET      GET /api/v1/reservas                                                            4922     0(0.00%) |     14       6     135     12 |   25.40        0.00
POST     POST /api/v1/auth/login                                                           50     0(0.00%) |   5138     976    7277   5800 |    0.00        0.00
--------|----------------------------------------------------------------------------|-------|-------------|-------|-------|-------|-------|--------|-----------
         Aggregated                                                                      4972     0(0.00%) |     65       6    7277     12 |   25.40        0.00

Type     Name                                                                          # reqs      # fails |    Avg     Min     Max    Med |   req/s  failures/s
--------|----------------------------------------------------------------------------|-------|-------------|-------|-------|-------|-------|--------|-----------
GET      GET /api/v1/reservas                                                            4971     0(0.00%) |     14       6     135     12 |   24.40        0.00
POST     POST /api/v1/auth/login                                                           50     0(0.00%) |   5138     976    7277   5800 |    0.00        0.00
--------|----------------------------------------------------------------------------|-------|-------------|-------|-------|-------|-------|--------|-----------
         Aggregated                                                                      5021     0(0.00%) |     65       6    7277     12 |   24.40        0.00

Type     Name                                                                          # reqs      # fails |    Avg     Min     Max    Med |   req/s  failures/s
--------|----------------------------------------------------------------------------|-------|-------------|-------|-------|-------|-------|--------|-----------
GET      GET /api/v1/reservas                                                            5016     0(0.00%) |     14       6     135     12 |   24.70        0.00
POST     POST /api/v1/auth/login                                                           50     0(0.00%) |   5138     976    7277   5800 |    0.00        0.00
--------|----------------------------------------------------------------------------|-------|-------------|-------|-------|-------|-------|--------|-----------
         Aggregated                                                                      5066     0(0.00%) |     64       6    7277     12 |   24.70        0.00

Type     Name                                                                          # reqs      # fails |    Avg     Min     Max    Med |   req/s  failures/s
--------|----------------------------------------------------------------------------|-------|-------------|-------|-------|-------|-------|--------|-----------
GET      GET /api/v1/reservas                                                            5066     0(0.00%) |     14       6     135     12 |   24.30        0.00
POST     POST /api/v1/auth/login                                                           50     0(0.00%) |   5138     976    7277   5800 |    0.00        0.00
--------|----------------------------------------------------------------------------|-------|-------------|-------|-------|-------|-------|--------|-----------
         Aggregated                                                                      5116     0(0.00%) |     64       6    7277     12 |   24.30        0.00

Type     Name                                                                          # reqs      # fails |    Avg     Min     Max    Med |   req/s  failures/s
--------|----------------------------------------------------------------------------|-------|-------------|-------|-------|-------|-------|--------|-----------
GET      GET /api/v1/reservas                                                            5116     0(0.00%) |     14       6     135     12 |   24.60        0.00
POST     POST /api/v1/auth/login                                                           50     0(0.00%) |   5138     976    7277   5800 |    0.00        0.00
--------|----------------------------------------------------------------------------|-------|-------------|-------|-------|-------|-------|--------|-----------
         Aggregated                                                                      5166     0(0.00%) |     63       6    7277     12 |   24.60        0.00

Type     Name                                                                          # reqs      # fails |    Avg     Min     Max    Med |   req/s  failures/s
--------|----------------------------------------------------------------------------|-------|-------------|-------|-------|-------|-------|--------|-----------
GET      GET /api/v1/reservas                                                            5164     0(0.00%) |     14       6     135     12 |   24.20        0.00
POST     POST /api/v1/auth/login                                                           50     0(0.00%) |   5138     976    7277   5800 |    0.00        0.00
--------|----------------------------------------------------------------------------|-------|-------------|-------|-------|-------|-------|--------|-----------
         Aggregated                                                                      5214     0(0.00%) |     63       6    7277     12 |   24.20        0.00

Type     Name                                                                          # reqs      # fails |    Avg     Min     Max    Med |   req/s  failures/s
--------|----------------------------------------------------------------------------|-------|-------------|-------|-------|-------|-------|--------|-----------
GET      GET /api/v1/reservas                                                            5216     0(0.00%) |     14       6     135     12 |   24.60        0.00
POST     POST /api/v1/auth/login                                                           50     0(0.00%) |   5138     976    7277   5800 |    0.00        0.00
--------|----------------------------------------------------------------------------|-------|-------------|-------|-------|-------|-------|--------|-----------
         Aggregated                                                                      5266     0(0.00%) |     62       6    7277     12 |   24.60        0.00

Type     Name                                                                          # reqs      # fails |    Avg     Min     Max    Med |   req/s  failures/s
--------|----------------------------------------------------------------------------|-------|-------------|-------|-------|-------|-------|--------|-----------
GET      GET /api/v1/reservas                                                            5266     0(0.00%) |     14       6     135     12 |   24.60        0.00
POST     POST /api/v1/auth/login                                                           50     0(0.00%) |   5138     976    7277   5800 |    0.00        0.00
--------|----------------------------------------------------------------------------|-------|-------------|-------|-------|-------|-------|--------|-----------
         Aggregated                                                                      5316     0(0.00%) |     62       6    7277     12 |   24.60        0.00

Type     Name                                                                          # reqs      # fails |    Avg     Min     Max    Med |   req/s  failures/s
--------|----------------------------------------------------------------------------|-------|-------------|-------|-------|-------|-------|--------|-----------
GET      GET /api/v1/reservas                                                            5315     0(0.00%) |     14       6     135     12 |   24.80        0.00
POST     POST /api/v1/auth/login                                                           50     0(0.00%) |   5138     976    7277   5800 |    0.00        0.00
--------|----------------------------------------------------------------------------|-------|-------------|-------|-------|-------|-------|--------|-----------
         Aggregated                                                                      5365     0(0.00%) |     61       6    7277     12 |   24.80        0.00

Type     Name                                                                          # reqs      # fails |    Avg     Min     Max    Med |   req/s  failures/s
--------|----------------------------------------------------------------------------|-------|-------------|-------|-------|-------|-------|--------|-----------
GET      GET /api/v1/reservas                                                            5368     0(0.00%) |     14       6     135     12 |   24.50        0.00
POST     POST /api/v1/auth/login                                                           50     0(0.00%) |   5138     976    7277   5800 |    0.00        0.00
--------|----------------------------------------------------------------------------|-------|-------------|-------|-------|-------|-------|--------|-----------
         Aggregated                                                                      5418     0(0.00%) |     61       6    7277     12 |   24.50        0.00

Type     Name                                                                          # reqs      # fails |    Avg     Min     Max    Med |   req/s  failures/s
--------|----------------------------------------------------------------------------|-------|-------------|-------|-------|-------|-------|--------|-----------
GET      GET /api/v1/reservas                                                            5418     0(0.00%) |     14       6     135     12 |   25.00        0.00
POST     POST /api/v1/auth/login                                                           50     0(0.00%) |   5138     976    7277   5800 |    0.00        0.00
--------|----------------------------------------------------------------------------|-------|-------------|-------|-------|-------|-------|--------|-----------
         Aggregated                                                                      5468     0(0.00%) |     60       6    7277     12 |   25.00        0.00

Type     Name                                                                          # reqs      # fails |    Avg     Min     Max    Med |   req/s  failures/s
--------|----------------------------------------------------------------------------|-------|-------------|-------|-------|-------|-------|--------|-----------
GET      GET /api/v1/reservas                                                            5467     0(0.00%) |     14       6     135     12 |   25.30        0.00
POST     POST /api/v1/auth/login                                                           50     0(0.00%) |   5138     976    7277   5800 |    0.00        0.00
--------|----------------------------------------------------------------------------|-------|-------------|-------|-------|-------|-------|--------|-----------
         Aggregated                                                                      5517     0(0.00%) |     60       6    7277     12 |   25.30        0.00

Type     Name                                                                          # reqs      # fails |    Avg     Min     Max    Med |   req/s  failures/s
--------|----------------------------------------------------------------------------|-------|-------------|-------|-------|-------|-------|--------|-----------
GET      GET /api/v1/reservas                                                            5518     0(0.00%) |     14       6     135     12 |   24.80        0.00
POST     POST /api/v1/auth/login                                                           50     0(0.00%) |   5138     976    7277   5800 |    0.00        0.00
--------|----------------------------------------------------------------------------|-------|-------------|-------|-------|-------|-------|--------|-----------
         Aggregated                                                                      5568     0(0.00%) |     60       6    7277     12 |   24.80        0.00

Type     Name                                                                          # reqs      # fails |    Avg     Min     Max    Med |   req/s  failures/s
--------|----------------------------------------------------------------------------|-------|-------------|-------|-------|-------|-------|--------|-----------
GET      GET /api/v1/reservas                                                            5570     0(0.00%) |     14       6     135     12 |   24.80        0.00
POST     POST /api/v1/auth/login                                                           50     0(0.00%) |   5138     976    7277   5800 |    0.00        0.00
--------|----------------------------------------------------------------------------|-------|-------------|-------|-------|-------|-------|--------|-----------
         Aggregated                                                                      5620     0(0.00%) |     59       6    7277     12 |   24.80        0.00

Type     Name                                                                          # reqs      # fails |    Avg     Min     Max    Med |   req/s  failures/s
--------|----------------------------------------------------------------------------|-------|-------------|-------|-------|-------|-------|--------|-----------
GET      GET /api/v1/reservas                                                            5613     0(0.00%) |     14       6     135     12 |   25.20        0.00
POST     POST /api/v1/auth/login                                                           50     0(0.00%) |   5138     976    7277   5800 |    0.00        0.00
--------|----------------------------------------------------------------------------|-------|-------------|-------|-------|-------|-------|--------|-----------
         Aggregated                                                                      5663     0(0.00%) |     59       6    7277     12 |   25.20        0.00

Type     Name                                                                          # reqs      # fails |    Avg     Min     Max    Med |   req/s  failures/s
--------|----------------------------------------------------------------------------|-------|-------------|-------|-------|-------|-------|--------|-----------
GET      GET /api/v1/reservas                                                            5663     0(0.00%) |     14       6     135     12 |   24.90        0.00
POST     POST /api/v1/auth/login                                                           50     0(0.00%) |   5138     976    7277   5800 |    0.00        0.00
--------|----------------------------------------------------------------------------|-------|-------------|-------|-------|-------|-------|--------|-----------
         Aggregated                                                                      5713     0(0.00%) |     58       6    7277     12 |   24.90        0.00

Type     Name                                                                          # reqs      # fails |    Avg     Min     Max    Med |   req/s  failures/s
--------|----------------------------------------------------------------------------|-------|-------------|-------|-------|-------|-------|--------|-----------
GET      GET /api/v1/reservas                                                            5716     0(0.00%) |     14       6     135     12 |   24.90        0.00
POST     POST /api/v1/auth/login                                                           50     0(0.00%) |   5138     976    7277   5800 |    0.00        0.00
--------|----------------------------------------------------------------------------|-------|-------------|-------|-------|-------|-------|--------|-----------
         Aggregated                                                                      5766     0(0.00%) |     58       6    7277     12 |   24.90        0.00

Type     Name                                                                          # reqs      # fails |    Avg     Min     Max    Med |   req/s  failures/s
--------|----------------------------------------------------------------------------|-------|-------------|-------|-------|-------|-------|--------|-----------
GET      GET /api/v1/reservas                                                            5763     0(0.00%) |     14       6     135     12 |   25.20        0.00
POST     POST /api/v1/auth/login                                                           50     0(0.00%) |   5138     976    7277   5800 |    0.00        0.00
--------|----------------------------------------------------------------------------|-------|-------------|-------|-------|-------|-------|--------|-----------
         Aggregated                                                                      5813     0(0.00%) |     58       6    7277     12 |   25.20        0.00

Type     Name                                                                          # reqs      # fails |    Avg     Min     Max    Med |   req/s  failures/s
--------|----------------------------------------------------------------------------|-------|-------------|-------|-------|-------|-------|--------|-----------
GET      GET /api/v1/reservas                                                            5812     0(0.00%) |     14       6     135     12 |   24.70        0.00
POST     POST /api/v1/auth/login                                                           50     0(0.00%) |   5138     976    7277   5800 |    0.00        0.00
--------|----------------------------------------------------------------------------|-------|-------------|-------|-------|-------|-------|--------|-----------
         Aggregated                                                                      5862     0(0.00%) |     57       6    7277     12 |   24.70        0.00

Type     Name                                                                          # reqs      # fails |    Avg     Min     Max    Med |   req/s  failures/s
--------|----------------------------------------------------------------------------|-------|-------------|-------|-------|-------|-------|--------|-----------
GET      GET /api/v1/reservas                                                            5859     0(0.00%) |     14       6     135     12 |   24.20        0.00
POST     POST /api/v1/auth/login                                                           50     0(0.00%) |   5138     976    7277   5800 |    0.00        0.00
--------|----------------------------------------------------------------------------|-------|-------------|-------|-------|-------|-------|--------|-----------
         Aggregated                                                                      5909     0(0.00%) |     57       6    7277     12 |   24.20        0.00

Type     Name                                                                          # reqs      # fails |    Avg     Min     Max    Med |   req/s  failures/s
--------|----------------------------------------------------------------------------|-------|-------------|-------|-------|-------|-------|--------|-----------
GET      GET /api/v1/reservas                                                            5910     0(0.00%) |     14       6     135     12 |   24.40        0.00
POST     POST /api/v1/auth/login                                                           50     0(0.00%) |   5138     976    7277   5800 |    0.00        0.00
--------|----------------------------------------------------------------------------|-------|-------------|-------|-------|-------|-------|--------|-----------
         Aggregated                                                                      5960     0(0.00%) |     57       6    7277     12 |   24.40        0.00

Type     Name                                                                          # reqs      # fails |    Avg     Min     Max    Med |   req/s  failures/s
--------|----------------------------------------------------------------------------|-------|-------------|-------|-------|-------|-------|--------|-----------
GET      GET /api/v1/reservas                                                            5967     0(0.00%) |     14       6     135     12 |   25.10        0.00
POST     POST /api/v1/auth/login                                                           50     0(0.00%) |   5138     976    7277   5800 |    0.00        0.00
--------|----------------------------------------------------------------------------|-------|-------------|-------|-------|-------|-------|--------|-----------
         Aggregated                                                                      6017     0(0.00%) |     56       6    7277     12 |   25.10        0.00

Type     Name                                                                          # reqs      # fails |    Avg     Min     Max    Med |   req/s  failures/s
--------|----------------------------------------------------------------------------|-------|-------------|-------|-------|-------|-------|--------|-----------
GET      GET /api/v1/reservas                                                            6013     0(0.00%) |     13       6     135     12 |   24.40        0.00
POST     POST /api/v1/auth/login                                                           50     0(0.00%) |   5138     976    7277   5800 |    0.00        0.00
--------|----------------------------------------------------------------------------|-------|-------------|-------|-------|-------|-------|--------|-----------
         Aggregated                                                                      6063     0(0.00%) |     56       6    7277     12 |   24.40        0.00

Type     Name                                                                          # reqs      # fails |    Avg     Min     Max    Med |   req/s  failures/s
--------|----------------------------------------------------------------------------|-------|-------------|-------|-------|-------|-------|--------|-----------
GET      GET /api/v1/reservas                                                            6062     0(0.00%) |     13       6     135     12 |   24.60        0.00
POST     POST /api/v1/auth/login                                                           50     0(0.00%) |   5138     976    7277   5800 |    0.00        0.00
--------|----------------------------------------------------------------------------|-------|-------------|-------|-------|-------|-------|--------|-----------
         Aggregated                                                                      6112     0(0.00%) |     55       6    7277     12 |   24.60        0.00

Type     Name                                                                          # reqs      # fails |    Avg     Min     Max    Med |   req/s  failures/s
--------|----------------------------------------------------------------------------|-------|-------------|-------|-------|-------|-------|--------|-----------
GET      GET /api/v1/reservas                                                            6114     0(0.00%) |     13       6     135     12 |   25.70        0.00
POST     POST /api/v1/auth/login                                                           50     0(0.00%) |   5138     976    7277   5800 |    0.00        0.00
--------|----------------------------------------------------------------------------|-------|-------------|-------|-------|-------|-------|--------|-----------
         Aggregated                                                                      6164     0(0.00%) |     55       6    7277     12 |   25.70        0.00

Type     Name                                                                          # reqs      # fails |    Avg     Min     Max    Med |   req/s  failures/s
--------|----------------------------------------------------------------------------|-------|-------------|-------|-------|-------|-------|--------|-----------
GET      GET /api/v1/reservas                                                            6169     0(0.00%) |     13       6     135     12 |   25.40        0.00
POST     POST /api/v1/auth/login                                                           50     0(0.00%) |   5138     976    7277   5800 |    0.00        0.00
--------|----------------------------------------------------------------------------|-------|-------------|-------|-------|-------|-------|--------|-----------
         Aggregated                                                                      6219     0(0.00%) |     55       6    7277     12 |   25.40        0.00

Type     Name                                                                          # reqs      # fails |    Avg     Min     Max    Med |   req/s  failures/s
--------|----------------------------------------------------------------------------|-------|-------------|-------|-------|-------|-------|--------|-----------
GET      GET /api/v1/reservas                                                            6220     0(0.00%) |     13       6     135     12 |   25.00        0.00
POST     POST /api/v1/auth/login                                                           50     0(0.00%) |   5138     976    7277   5800 |    0.00        0.00
--------|----------------------------------------------------------------------------|-------|-------------|-------|-------|-------|-------|--------|-----------
         Aggregated                                                                      6270     0(0.00%) |     54       6    7277     12 |   25.00        0.00

Type     Name                                                                          # reqs      # fails |    Avg     Min     Max    Med |   req/s  failures/s
--------|----------------------------------------------------------------------------|-------|-------------|-------|-------|-------|-------|--------|-----------
GET      GET /api/v1/reservas                                                            6270     0(0.00%) |     13       6     135     12 |   25.60        0.00
POST     POST /api/v1/auth/login                                                           50     0(0.00%) |   5138     976    7277   5800 |    0.00        0.00
--------|----------------------------------------------------------------------------|-------|-------------|-------|-------|-------|-------|--------|-----------
         Aggregated                                                                      6320     0(0.00%) |     54       6    7277     12 |   25.60        0.00

Type     Name                                                                          # reqs      # fails |    Avg     Min     Max    Med |   req/s  failures/s
--------|----------------------------------------------------------------------------|-------|-------------|-------|-------|-------|-------|--------|-----------
GET      GET /api/v1/reservas                                                            6321     0(0.00%) |     13       6     135     12 |   25.80        0.00
POST     POST /api/v1/auth/login                                                           50     0(0.00%) |   5138     976    7277   5800 |    0.00        0.00
--------|----------------------------------------------------------------------------|-------|-------------|-------|-------|-------|-------|--------|-----------
         Aggregated                                                                      6371     0(0.00%) |     54       6    7277     12 |   25.80        0.00

Type     Name                                                                          # reqs      # fails |    Avg     Min     Max    Med |   req/s  failures/s
--------|----------------------------------------------------------------------------|-------|-------------|-------|-------|-------|-------|--------|-----------
GET      GET /api/v1/reservas                                                            6372     0(0.00%) |     13       6     135     12 |   25.50        0.00
POST     POST /api/v1/auth/login                                                           50     0(0.00%) |   5138     976    7277   5800 |    0.00        0.00
--------|----------------------------------------------------------------------------|-------|-------------|-------|-------|-------|-------|--------|-----------
         Aggregated                                                                      6422     0(0.00%) |     53       6    7277     12 |   25.50        0.00

Type     Name                                                                          # reqs      # fails |    Avg     Min     Max    Med |   req/s  failures/s
--------|----------------------------------------------------------------------------|-------|-------------|-------|-------|-------|-------|--------|-----------
GET      GET /api/v1/reservas                                                            6422     0(0.00%) |     13       6     135     12 |   25.80        0.00
POST     POST /api/v1/auth/login                                                           50     0(0.00%) |   5138     976    7277   5800 |    0.00        0.00
--------|----------------------------------------------------------------------------|-------|-------------|-------|-------|-------|-------|--------|-----------
         Aggregated                                                                      6472     0(0.00%) |     53       6    7277     12 |   25.80        0.00

Type     Name                                                                          # reqs      # fails |    Avg     Min     Max    Med |   req/s  failures/s
--------|----------------------------------------------------------------------------|-------|-------------|-------|-------|-------|-------|--------|-----------
GET      GET /api/v1/reservas                                                            6477     0(0.00%) |     14       6     289     12 |   25.40        0.00
POST     POST /api/v1/auth/login                                                           50     0(0.00%) |   5138     976    7277   5800 |    0.00        0.00
--------|----------------------------------------------------------------------------|-------|-------------|-------|-------|-------|-------|--------|-----------
         Aggregated                                                                      6527     0(0.00%) |     53       6    7277     12 |   25.40        0.00

Type     Name                                                                          # reqs      # fails |    Avg     Min     Max    Med |   req/s  failures/s
--------|----------------------------------------------------------------------------|-------|-------------|-------|-------|-------|-------|--------|-----------
GET      GET /api/v1/reservas                                                            6526     0(0.00%) |     14       6     289     12 |   25.10        0.00
POST     POST /api/v1/auth/login                                                           50     0(0.00%) |   5138     976    7277   5800 |    0.00        0.00
--------|----------------------------------------------------------------------------|-------|-------------|-------|-------|-------|-------|--------|-----------
         Aggregated                                                                      6576     0(0.00%) |     53       6    7277     12 |   25.10        0.00

Type     Name                                                                          # reqs      # fails |    Avg     Min     Max    Med |   req/s  failures/s
--------|----------------------------------------------------------------------------|-------|-------------|-------|-------|-------|-------|--------|-----------
GET      GET /api/v1/reservas                                                            6571     0(0.00%) |     14       6     289     12 |   25.70        0.00
POST     POST /api/v1/auth/login                                                           50     0(0.00%) |   5138     976    7277   5800 |    0.00        0.00
--------|----------------------------------------------------------------------------|-------|-------------|-------|-------|-------|-------|--------|-----------
         Aggregated                                                                      6621     0(0.00%) |     53       6    7277     12 |   25.70        0.00

Type     Name                                                                          # reqs      # fails |    Avg     Min     Max    Med |   req/s  failures/s
--------|----------------------------------------------------------------------------|-------|-------------|-------|-------|-------|-------|--------|-----------
GET      GET /api/v1/reservas                                                            6624     0(0.00%) |     14       6     289     12 |   24.30        0.00
POST     POST /api/v1/auth/login                                                           50     0(0.00%) |   5138     976    7277   5800 |    0.00        0.00
--------|----------------------------------------------------------------------------|-------|-------------|-------|-------|-------|-------|--------|-----------
         Aggregated                                                                      6674     0(0.00%) |     53       6    7277     12 |   24.30        0.00

Type     Name                                                                          # reqs      # fails |    Avg     Min     Max    Med |   req/s  failures/s
--------|----------------------------------------------------------------------------|-------|-------------|-------|-------|-------|-------|--------|-----------
GET      GET /api/v1/reservas                                                            6674     0(0.00%) |     14       6     289     12 |   24.80        0.00
POST     POST /api/v1/auth/login                                                           50     0(0.00%) |   5138     976    7277   5800 |    0.00        0.00
--------|----------------------------------------------------------------------------|-------|-------------|-------|-------|-------|-------|--------|-----------
         Aggregated                                                                      6724     0(0.00%) |     52       6    7277     12 |   24.80        0.00

Type     Name                                                                          # reqs      # fails |    Avg     Min     Max    Med |   req/s  failures/s
--------|----------------------------------------------------------------------------|-------|-------------|-------|-------|-------|-------|--------|-----------
GET      GET /api/v1/reservas                                                            6722     0(0.00%) |     14       6     289     12 |   25.20        0.00
POST     POST /api/v1/auth/login                                                           50     0(0.00%) |   5138     976    7277   5800 |    0.00        0.00
--------|----------------------------------------------------------------------------|-------|-------------|-------|-------|-------|-------|--------|-----------
         Aggregated                                                                      6772     0(0.00%) |     52       6    7277     12 |   25.20        0.00

Type     Name                                                                          # reqs      # fails |    Avg     Min     Max    Med |   req/s  failures/s
--------|----------------------------------------------------------------------------|-------|-------------|-------|-------|-------|-------|--------|-----------
GET      GET /api/v1/reservas                                                            6771     0(0.00%) |     14       6     289     12 |   25.30        0.00
POST     POST /api/v1/auth/login                                                           50     0(0.00%) |   5138     976    7277   5800 |    0.00        0.00
--------|----------------------------------------------------------------------------|-------|-------------|-------|-------|-------|-------|--------|-----------
         Aggregated                                                                      6821     0(0.00%) |     52       6    7277     12 |   25.30        0.00

Type     Name                                                                          # reqs      # fails |    Avg     Min     Max    Med |   req/s  failures/s
--------|----------------------------------------------------------------------------|-------|-------------|-------|-------|-------|-------|--------|-----------
GET      GET /api/v1/reservas                                                            6823     0(0.00%) |     14       6     289     12 |   24.30        0.00
POST     POST /api/v1/auth/login                                                           50     0(0.00%) |   5138     976    7277   5800 |    0.00        0.00
--------|----------------------------------------------------------------------------|-------|-------------|-------|-------|-------|-------|--------|-----------
         Aggregated                                                                      6873     0(0.00%) |     51       6    7277     12 |   24.30        0.00

Type     Name                                                                          # reqs      # fails |    Avg     Min     Max    Med |   req/s  failures/s
--------|----------------------------------------------------------------------------|-------|-------------|-------|-------|-------|-------|--------|-----------
GET      GET /api/v1/reservas                                                            6873     0(0.00%) |     14       6     289     12 |   25.40        0.00
POST     POST /api/v1/auth/login                                                           50     0(0.00%) |   5138     976    7277   5800 |    0.00        0.00
--------|----------------------------------------------------------------------------|-------|-------------|-------|-------|-------|-------|--------|-----------
         Aggregated                                                                      6923     0(0.00%) |     51       6    7277     12 |   25.40        0.00

Type     Name                                                                          # reqs      # fails |    Avg     Min     Max    Med |   req/s  failures/s
--------|----------------------------------------------------------------------------|-------|-------------|-------|-------|-------|-------|--------|-----------
GET      GET /api/v1/reservas                                                            6918     0(0.00%) |     14       6     289     12 |   25.10        0.00
POST     POST /api/v1/auth/login                                                           50     0(0.00%) |   5138     976    7277   5800 |    0.00        0.00
--------|----------------------------------------------------------------------------|-------|-------------|-------|-------|-------|-------|--------|-----------
         Aggregated                                                                      6968     0(0.00%) |     51       6    7277     12 |   25.10        0.00

Type     Name                                                                          # reqs      # fails |    Avg     Min     Max    Med |   req/s  failures/s
--------|----------------------------------------------------------------------------|-------|-------------|-------|-------|-------|-------|--------|-----------
GET      GET /api/v1/reservas                                                            6964     0(0.00%) |     14       6     289     12 |   24.70        0.00
POST     POST /api/v1/auth/login                                                           50     0(0.00%) |   5138     976    7277   5800 |    0.00        0.00
--------|----------------------------------------------------------------------------|-------|-------------|-------|-------|-------|-------|--------|-----------
         Aggregated                                                                      7014     0(0.00%) |     51       6    7277     12 |   24.70        0.00

Type     Name                                                                          # reqs      # fails |    Avg     Min     Max    Med |   req/s  failures/s
--------|----------------------------------------------------------------------------|-------|-------------|-------|-------|-------|-------|--------|-----------
GET      GET /api/v1/reservas                                                            7017     0(0.00%) |     14       6     289     12 |   24.50        0.00
POST     POST /api/v1/auth/login                                                           50     0(0.00%) |   5138     976    7277   5800 |    0.00        0.00
--------|----------------------------------------------------------------------------|-------|-------------|-------|-------|-------|-------|--------|-----------
         Aggregated                                                                      7067     0(0.00%) |     50       6    7277     12 |   24.50        0.00

Type     Name                                                                          # reqs      # fails |    Avg     Min     Max    Med |   req/s  failures/s
--------|----------------------------------------------------------------------------|-------|-------------|-------|-------|-------|-------|--------|-----------
GET      GET /api/v1/reservas                                                            7062     0(0.00%) |     14       6     289     12 |   24.90        0.00
POST     POST /api/v1/auth/login                                                           50     0(0.00%) |   5138     976    7277   5800 |    0.00        0.00
--------|----------------------------------------------------------------------------|-------|-------------|-------|-------|-------|-------|--------|-----------
         Aggregated                                                                      7112     0(0.00%) |     50       6    7277     12 |   24.90        0.00

Type     Name                                                                          # reqs      # fails |    Avg     Min     Max    Med |   req/s  failures/s
--------|----------------------------------------------------------------------------|-------|-------------|-------|-------|-------|-------|--------|-----------
GET      GET /api/v1/reservas                                                            7114     0(0.00%) |     14       6     289     12 |   24.70        0.00
POST     POST /api/v1/auth/login                                                           50     0(0.00%) |   5138     976    7277   5800 |    0.00        0.00
--------|----------------------------------------------------------------------------|-------|-------------|-------|-------|-------|-------|--------|-----------
         Aggregated                                                                      7164     0(0.00%) |     50       6    7277     12 |   24.70        0.00

Type     Name                                                                          # reqs      # fails |    Avg     Min     Max    Med |   req/s  failures/s
--------|----------------------------------------------------------------------------|-------|-------------|-------|-------|-------|-------|--------|-----------
GET      GET /api/v1/reservas                                                            7160     0(0.00%) |     14       6     289     12 |   24.30        0.00
POST     POST /api/v1/auth/login                                                           50     0(0.00%) |   5138     976    7277   5800 |    0.00        0.00
--------|----------------------------------------------------------------------------|-------|-------------|-------|-------|-------|-------|--------|-----------
         Aggregated                                                                      7210     0(0.00%) |     49       6    7277     12 |   24.30        0.00

Type     Name                                                                          # reqs      # fails |    Avg     Min     Max    Med |   req/s  failures/s
--------|----------------------------------------------------------------------------|-------|-------------|-------|-------|-------|-------|--------|-----------
GET      GET /api/v1/reservas                                                            7206     0(0.00%) |     14       6     289     12 |   24.00        0.00
POST     POST /api/v1/auth/login                                                           50     0(0.00%) |   5138     976    7277   5800 |    0.00        0.00
--------|----------------------------------------------------------------------------|-------|-------------|-------|-------|-------|-------|--------|-----------
         Aggregated                                                                      7256     0(0.00%) |     49       6    7277     12 |   24.00        0.00

Type     Name                                                                          # reqs      # fails |    Avg     Min     Max    Med |   req/s  failures/s
--------|----------------------------------------------------------------------------|-------|-------------|-------|-------|-------|-------|--------|-----------
GET      GET /api/v1/reservas                                                            7259     0(0.00%) |     14       6     289     12 |   24.10        0.00
POST     POST /api/v1/auth/login                                                           50     0(0.00%) |   5138     976    7277   5800 |    0.00        0.00
--------|----------------------------------------------------------------------------|-------|-------------|-------|-------|-------|-------|--------|-----------
         Aggregated                                                                      7309     0(0.00%) |     49       6    7277     12 |   24.10        0.00

[2026-09-05 02:18:19,411] servidor-proyectos/INFO/locust.main: --run-time limit reached, shutting down
[2026-09-05 02:18:19,529] servidor-proyectos/INFO/locust.main: Shutting down (exit code 0)
Type     Name                                                                          # reqs      # fails |    Avg     Min     Max    Med |   req/s  failures/s
--------|----------------------------------------------------------------------------|-------|-------------|-------|-------|-------|-------|--------|-----------
GET      GET /api/v1/reservas                                                            7293     0(0.00%) |     14       6     289     12 |   24.33        0.00
POST     POST /api/v1/auth/login                                                           50     0(0.00%) |   5138     976    7277   5800 |    0.17        0.00
--------|----------------------------------------------------------------------------|-------|-------------|-------|-------|-------|-------|--------|-----------
         Aggregated                                                                      7343     0(0.00%) |     49       6    7277     12 |   24.50        0.00

Response time percentiles (approximated)
Type     Name                                                                                  50%    66%    75%    80%    90%    95%    98%    99%  99.9% 99.99%   100% # reqs
--------|--------------------------------------------------------------------------------|--------|------|------|------|------|------|------|------|------|------|------|------
GET      GET /api/v1/reservas                                                                   12     13     14     15     19     27     44     61    150    290    290   7293
POST     POST /api/v1/auth/login                                                              5900   6300   6400   6800   7200   7200   7300   7300   7300   7300   7300     50
--------|--------------------------------------------------------------------------------|--------|------|------|------|------|------|------|------|------|------|------|------
         Aggregated                                                                             12     13     14     15     20     29     54    100   7100   7300   7300   7343

