[2026-09-05 02:33:21,514] servidor-proyectos/INFO/locust.main: Starting Locust 2.46.4
[2026-09-05 02:33:21,516] servidor-proyectos/INFO/locust.main: Run time limit set to 300 seconds
Type     Name                                                                          # reqs      # fails |    Avg     Min     Max    Med |   req/s  failures/s
--------|----------------------------------------------------------------------------|-------|-------------|-------|-------|-------|-------|--------|-----------
--------|----------------------------------------------------------------------------|-------|-------------|-------|-------|-------|-------|--------|-----------
         Aggregated                                                                         0     0(0.00%) |      0       0       0      0 |    0.00        0.00

[2026-09-05 02:33:21,517] servidor-proyectos/INFO/locust.runners: Ramping to 50 users at a rate of 10.00 per second
Type     Name                                                                          # reqs      # fails |    Avg     Min     Max    Med |   req/s  failures/s
--------|----------------------------------------------------------------------------|-------|-------------|-------|-------|-------|-------|--------|-----------
GET      GET /api/v1/reservas                                                               4     0(0.00%) |     33      14      76     21 |    0.00        0.00
POST     POST /api/v1/auth/login                                                            4     0(0.00%) |   1564    1175    1931   1400 |    0.00        0.00
--------|----------------------------------------------------------------------------|-------|-------------|-------|-------|-------|-------|--------|-----------
         Aggregated                                                                         8     0(0.00%) |    799      14    1931     77 |    0.00        0.00

Type     Name                                                                          # reqs      # fails |    Avg     Min     Max    Med |   req/s  failures/s
--------|----------------------------------------------------------------------------|-------|-------------|-------|-------|-------|-------|--------|-----------
GET      GET /api/v1/reservas                                                              13     0(0.00%) |     39       9     202     21 |    1.00        0.00
POST     POST /api/v1/auth/login                                                           12     0(0.00%) |   2388    1175    3929   2000 |    1.00        0.00
--------|----------------------------------------------------------------------------|-------|-------------|-------|-------|-------|-------|--------|-----------
         Aggregated                                                                        25     0(0.00%) |   1166       9    3929    200 |    2.00        0.00

[2026-09-05 02:33:25,612] servidor-proyectos/INFO/locust.runners: All users spawned: {"ReservasUser": 50} (50 total users)
Type     Name                                                                          # reqs      # fails |    Avg     Min     Max    Med |   req/s  failures/s
--------|----------------------------------------------------------------------------|-------|-------------|-------|-------|-------|-------|--------|-----------
GET      GET /api/v1/reservas                                                              33     0(0.00%) |     44       9     202     14 |    2.75        0.00
POST     POST /api/v1/auth/login                                                           18     0(0.00%) |   2877    1175    4856   3000 |    2.50        0.00
--------|----------------------------------------------------------------------------|-------|-------------|-------|-------|-------|-------|--------|-----------
         Aggregated                                                                        51     0(0.00%) |   1044       9    4856     40 |    5.25        0.00

Type     Name                                                                          # reqs      # fails |    Avg     Min     Max    Med |   req/s  failures/s
--------|----------------------------------------------------------------------------|-------|-------------|-------|-------|-------|-------|--------|-----------
GET      GET /api/v1/reservas                                                              72     0(0.00%) |     28       8     202     13 |    4.17        0.00
POST     POST /api/v1/auth/login                                                           39     0(0.00%) |   3869    1175    5955   4200 |    2.33        0.00
--------|----------------------------------------------------------------------------|-------|-------------|-------|-------|-------|-------|--------|-----------
         Aggregated                                                                       111     0(0.00%) |   1378       8    5955     21 |    6.50        0.00

Type     Name                                                                          # reqs      # fails |    Avg     Min     Max    Med |   req/s  failures/s
--------|----------------------------------------------------------------------------|-------|-------------|-------|-------|-------|-------|--------|-----------
GET      GET /api/v1/reservas                                                             121     0(0.00%) |     24       7     202     13 |    7.62        0.00
POST     POST /api/v1/auth/login                                                           50     0(0.00%) |   4090    1175    5955   4500 |    4.38        0.00
--------|----------------------------------------------------------------------------|-------|-------------|-------|-------|-------|-------|--------|-----------
         Aggregated                                                                       171     0(0.00%) |   1213       7    5955     20 |   12.00        0.00

Type     Name                                                                          # reqs      # fails |    Avg     Min     Max    Med |   req/s  failures/s
--------|----------------------------------------------------------------------------|-------|-------------|-------|-------|-------|-------|--------|-----------
GET      GET /api/v1/reservas                                                             177     0(0.00%) |     20       7     202     13 |   11.10        0.00
POST     POST /api/v1/auth/login                                                           50     0(0.00%) |   4090    1175    5955   4500 |    5.00        0.00
--------|----------------------------------------------------------------------------|-------|-------------|-------|-------|-------|-------|--------|-----------
         Aggregated                                                                       227     0(0.00%) |    917       7    5955     14 |   16.10        0.00

Type     Name                                                                          # reqs      # fails |    Avg     Min     Max    Med |   req/s  failures/s
--------|----------------------------------------------------------------------------|-------|-------------|-------|-------|-------|-------|--------|-----------
GET      GET /api/v1/reservas                                                             228     0(0.00%) |     18       7     202     12 |   16.00        0.00
POST     POST /api/v1/auth/login                                                           50     0(0.00%) |   4090    1175    5955   4500 |    4.80        0.00
--------|----------------------------------------------------------------------------|-------|-------------|-------|-------|-------|-------|--------|-----------
         Aggregated                                                                       278     0(0.00%) |    751       7    5955     13 |   20.80        0.00

Type     Name                                                                          # reqs      # fails |    Avg     Min     Max    Med |   req/s  failures/s
--------|----------------------------------------------------------------------------|-------|-------------|-------|-------|-------|-------|--------|-----------
GET      GET /api/v1/reservas                                                             278     0(0.00%) |     17       7     202     12 |   20.00        0.00
POST     POST /api/v1/auth/login                                                           50     0(0.00%) |   4090    1175    5955   4500 |    4.00        0.00
--------|----------------------------------------------------------------------------|-------|-------------|-------|-------|-------|-------|--------|-----------
         Aggregated                                                                       328     0(0.00%) |    638       7    5955     13 |   24.00        0.00

Type     Name                                                                          # reqs      # fails |    Avg     Min     Max    Med |   req/s  failures/s
--------|----------------------------------------------------------------------------|-------|-------------|-------|-------|-------|-------|--------|-----------
GET      GET /api/v1/reservas                                                             325     0(0.00%) |     16       7     202     12 |   23.50        0.00
POST     POST /api/v1/auth/login                                                           50     0(0.00%) |   4090    1175    5955   4500 |    3.60        0.00
--------|----------------------------------------------------------------------------|-------|-------------|-------|-------|-------|-------|--------|-----------
         Aggregated                                                                       375     0(0.00%) |    559       7    5955     12 |   27.10        0.00

Type     Name                                                                          # reqs      # fails |    Avg     Min     Max    Med |   req/s  failures/s
--------|----------------------------------------------------------------------------|-------|-------------|-------|-------|-------|-------|--------|-----------
GET      GET /api/v1/reservas                                                             374     0(0.00%) |     16       7     202     11 |   24.90        0.00
POST     POST /api/v1/auth/login                                                           50     0(0.00%) |   4090    1175    5955   4500 |    1.50        0.00
--------|----------------------------------------------------------------------------|-------|-------------|-------|-------|-------|-------|--------|-----------
         Aggregated                                                                       424     0(0.00%) |    496       7    5955     12 |   26.40        0.00

Type     Name                                                                          # reqs      # fails |    Avg     Min     Max    Med |   req/s  failures/s
--------|----------------------------------------------------------------------------|-------|-------------|-------|-------|-------|-------|--------|-----------
GET      GET /api/v1/reservas                                                             424     0(0.00%) |     15       7     202     11 |   24.70        0.00
POST     POST /api/v1/auth/login                                                           50     0(0.00%) |   4090    1175    5955   4500 |    0.00        0.00
--------|----------------------------------------------------------------------------|-------|-------------|-------|-------|-------|-------|--------|-----------
         Aggregated                                                                       474     0(0.00%) |    445       7    5955     12 |   24.70        0.00

Type     Name                                                                          # reqs      # fails |    Avg     Min     Max    Med |   req/s  failures/s
--------|----------------------------------------------------------------------------|-------|-------------|-------|-------|-------|-------|--------|-----------
GET      GET /api/v1/reservas                                                             476     0(0.00%) |     15       7     202     11 |   24.60        0.00
POST     POST /api/v1/auth/login                                                           50     0(0.00%) |   4090    1175    5955   4500 |    0.00        0.00
--------|----------------------------------------------------------------------------|-------|-------------|-------|-------|-------|-------|--------|-----------
         Aggregated                                                                       526     0(0.00%) |    402       7    5955     12 |   24.60        0.00

Type     Name                                                                          # reqs      # fails |    Avg     Min     Max    Med |   req/s  failures/s
--------|----------------------------------------------------------------------------|-------|-------------|-------|-------|-------|-------|--------|-----------
GET      GET /api/v1/reservas                                                             528     0(0.00%) |     14       7     202     11 |   24.80        0.00
POST     POST /api/v1/auth/login                                                           50     0(0.00%) |   4090    1175    5955   4500 |    0.00        0.00
--------|----------------------------------------------------------------------------|-------|-------------|-------|-------|-------|-------|--------|-----------
         Aggregated                                                                       578     0(0.00%) |    367       7    5955     12 |   24.80        0.00

Type     Name                                                                          # reqs      # fails |    Avg     Min     Max    Med |   req/s  failures/s
--------|----------------------------------------------------------------------------|-------|-------------|-------|-------|-------|-------|--------|-----------
GET      GET /api/v1/reservas                                                             576     0(0.00%) |     14       7     202     11 |   25.50        0.00
POST     POST /api/v1/auth/login                                                           50     0(0.00%) |   4090    1175    5955   4500 |    0.00        0.00
--------|----------------------------------------------------------------------------|-------|-------------|-------|-------|-------|-------|--------|-----------
         Aggregated                                                                       626     0(0.00%) |    340       7    5955     12 |   25.50        0.00

Type     Name                                                                          # reqs      # fails |    Avg     Min     Max    Med |   req/s  failures/s
--------|----------------------------------------------------------------------------|-------|-------------|-------|-------|-------|-------|--------|-----------
GET      GET /api/v1/reservas                                                             628     0(0.00%) |     14       7     202     11 |   25.20        0.00
POST     POST /api/v1/auth/login                                                           50     0(0.00%) |   4090    1175    5955   4500 |    0.00        0.00
--------|----------------------------------------------------------------------------|-------|-------------|-------|-------|-------|-------|--------|-----------
         Aggregated                                                                       678     0(0.00%) |    315       7    5955     11 |   25.20        0.00

Type     Name                                                                          # reqs      # fails |    Avg     Min     Max    Med |   req/s  failures/s
--------|----------------------------------------------------------------------------|-------|-------------|-------|-------|-------|-------|--------|-----------
GET      GET /api/v1/reservas                                                             678     0(0.00%) |     14       7     202     11 |   25.60        0.00
POST     POST /api/v1/auth/login                                                           50     0(0.00%) |   4090    1175    5955   4500 |    0.00        0.00
--------|----------------------------------------------------------------------------|-------|-------------|-------|-------|-------|-------|--------|-----------
         Aggregated                                                                       728     0(0.00%) |    294       7    5955     11 |   25.60        0.00

Type     Name                                                                          # reqs      # fails |    Avg     Min     Max    Med |   req/s  failures/s
--------|----------------------------------------------------------------------------|-------|-------------|-------|-------|-------|-------|--------|-----------
GET      GET /api/v1/reservas                                                             727     0(0.00%) |     14       7     202     11 |   25.70        0.00
POST     POST /api/v1/auth/login                                                           50     0(0.00%) |   4090    1175    5955   4500 |    0.00        0.00
--------|----------------------------------------------------------------------------|-------|-------------|-------|-------|-------|-------|--------|-----------
         Aggregated                                                                       777     0(0.00%) |    276       7    5955     11 |   25.70        0.00

Type     Name                                                                          # reqs      # fails |    Avg     Min     Max    Med |   req/s  failures/s
--------|----------------------------------------------------------------------------|-------|-------------|-------|-------|-------|-------|--------|-----------
GET      GET /api/v1/reservas                                                             778     0(0.00%) |     14       7     202     11 |   25.80        0.00
POST     POST /api/v1/auth/login                                                           50     0(0.00%) |   4090    1175    5955   4500 |    0.00        0.00
--------|----------------------------------------------------------------------------|-------|-------------|-------|-------|-------|-------|--------|-----------
         Aggregated                                                                       828     0(0.00%) |    260       7    5955     11 |   25.80        0.00

Type     Name                                                                          # reqs      # fails |    Avg     Min     Max    Med |   req/s  failures/s
--------|----------------------------------------------------------------------------|-------|-------------|-------|-------|-------|-------|--------|-----------
GET      GET /api/v1/reservas                                                             829     0(0.00%) |     13       7     202     11 |   25.00        0.00
POST     POST /api/v1/auth/login                                                           50     0(0.00%) |   4090    1175    5955   4500 |    0.00        0.00
--------|----------------------------------------------------------------------------|-------|-------------|-------|-------|-------|-------|--------|-----------
         Aggregated                                                                       879     0(0.00%) |    245       7    5955     11 |   25.00        0.00

Type     Name                                                                          # reqs      # fails |    Avg     Min     Max    Med |   req/s  failures/s
--------|----------------------------------------------------------------------------|-------|-------------|-------|-------|-------|-------|--------|-----------
GET      GET /api/v1/reservas                                                             882     0(0.00%) |     13       7     202     11 |   25.10        0.00
POST     POST /api/v1/auth/login                                                           50     0(0.00%) |   4090    1175    5955   4500 |    0.00        0.00
--------|----------------------------------------------------------------------------|-------|-------------|-------|-------|-------|-------|--------|-----------
         Aggregated                                                                       932     0(0.00%) |    232       7    5955     11 |   25.10        0.00

Type     Name                                                                          # reqs      # fails |    Avg     Min     Max    Med |   req/s  failures/s
--------|----------------------------------------------------------------------------|-------|-------------|-------|-------|-------|-------|--------|-----------
GET      GET /api/v1/reservas                                                             929     0(0.00%) |     13       7     202     11 |   24.80        0.00
POST     POST /api/v1/auth/login                                                           50     0(0.00%) |   4090    1175    5955   4500 |    0.00        0.00
--------|----------------------------------------------------------------------------|-------|-------------|-------|-------|-------|-------|--------|-----------
         Aggregated                                                                       979     0(0.00%) |    221       7    5955     11 |   24.80        0.00

Type     Name                                                                          # reqs      # fails |    Avg     Min     Max    Med |   req/s  failures/s
--------|----------------------------------------------------------------------------|-------|-------------|-------|-------|-------|-------|--------|-----------
GET      GET /api/v1/reservas                                                             982     0(0.00%) |     14       7     202     11 |   25.20        0.00
POST     POST /api/v1/auth/login                                                           50     0(0.00%) |   4090    1175    5955   4500 |    0.00        0.00
--------|----------------------------------------------------------------------------|-------|-------------|-------|-------|-------|-------|--------|-----------
         Aggregated                                                                      1032     0(0.00%) |    211       7    5955     11 |   25.20        0.00

Type     Name                                                                          # reqs      # fails |    Avg     Min     Max    Med |   req/s  failures/s
--------|----------------------------------------------------------------------------|-------|-------------|-------|-------|-------|-------|--------|-----------
GET      GET /api/v1/reservas                                                            1031     0(0.00%) |     14       7     202     11 |   24.80        0.00
POST     POST /api/v1/auth/login                                                           50     0(0.00%) |   4090    1175    5955   4500 |    0.00        0.00
--------|----------------------------------------------------------------------------|-------|-------------|-------|-------|-------|-------|--------|-----------
         Aggregated                                                                      1081     0(0.00%) |    202       7    5955     12 |   24.80        0.00

Type     Name                                                                          # reqs      # fails |    Avg     Min     Max    Med |   req/s  failures/s
--------|----------------------------------------------------------------------------|-------|-------------|-------|-------|-------|-------|--------|-----------
GET      GET /api/v1/reservas                                                            1082     0(0.00%) |     14       7     202     12 |   25.00        0.00
POST     POST /api/v1/auth/login                                                           50     0(0.00%) |   4090    1175    5955   4500 |    0.00        0.00
--------|----------------------------------------------------------------------------|-------|-------------|-------|-------|-------|-------|--------|-----------
         Aggregated                                                                      1132     0(0.00%) |    194       7    5955     12 |   25.00        0.00

Type     Name                                                                          # reqs      # fails |    Avg     Min     Max    Med |   req/s  failures/s
--------|----------------------------------------------------------------------------|-------|-------------|-------|-------|-------|-------|--------|-----------
GET      GET /api/v1/reservas                                                            1128     0(0.00%) |     17       7     338     12 |   25.20        0.00
POST     POST /api/v1/auth/login                                                           50     0(0.00%) |   4090    1175    5955   4500 |    0.00        0.00
--------|----------------------------------------------------------------------------|-------|-------------|-------|-------|-------|-------|--------|-----------
         Aggregated                                                                      1178     0(0.00%) |    190       7    5955     12 |   25.20        0.00

Type     Name                                                                          # reqs      # fails |    Avg     Min     Max    Med |   req/s  failures/s
--------|----------------------------------------------------------------------------|-------|-------------|-------|-------|-------|-------|--------|-----------
GET      GET /api/v1/reservas                                                            1184     1(0.08%) |     19       7     338     12 |   25.70        0.00
POST     POST /api/v1/auth/login                                                           50     0(0.00%) |   4090    1175    5955   4500 |    0.00        0.00
--------|----------------------------------------------------------------------------|-------|-------------|-------|-------|-------|-------|--------|-----------
         Aggregated                                                                      1234     1(0.08%) |    184       7    5955     12 |   25.70        0.00

Type     Name                                                                          # reqs      # fails |    Avg     Min     Max    Med |   req/s  failures/s
--------|----------------------------------------------------------------------------|-------|-------------|-------|-------|-------|-------|--------|-----------
GET      GET /api/v1/reservas                                                            1230     1(0.08%) |     20       7     338     12 |   24.50        0.00
POST     POST /api/v1/auth/login                                                           50     0(0.00%) |   4090    1175    5955   4500 |    0.00        0.00
--------|----------------------------------------------------------------------------|-------|-------------|-------|-------|-------|-------|--------|-----------
         Aggregated                                                                      1280     1(0.08%) |    179       7    5955     12 |   24.50        0.00

Type     Name                                                                          # reqs      # fails |    Avg     Min     Max    Med |   req/s  failures/s
--------|----------------------------------------------------------------------------|-------|-------------|-------|-------|-------|-------|--------|-----------
GET      GET /api/v1/reservas                                                            1273     1(0.08%) |     20       7     338     12 |   24.50        0.10
POST     POST /api/v1/auth/login                                                           50     0(0.00%) |   4090    1175    5955   4500 |    0.00        0.00
--------|----------------------------------------------------------------------------|-------|-------------|-------|-------|-------|-------|--------|-----------
         Aggregated                                                                      1323     1(0.08%) |    174       7    5955     12 |   24.50        0.10

Type     Name                                                                          # reqs      # fails |    Avg     Min     Max    Med |   req/s  failures/s
--------|----------------------------------------------------------------------------|-------|-------------|-------|-------|-------|-------|--------|-----------
GET      GET /api/v1/reservas                                                            1329     1(0.08%) |     19       7     338     12 |   24.40        0.10
POST     POST /api/v1/auth/login                                                           50     0(0.00%) |   4090    1175    5955   4500 |    0.00        0.00
--------|----------------------------------------------------------------------------|-------|-------------|-------|-------|-------|-------|--------|-----------
         Aggregated                                                                      1379     1(0.07%) |    167       7    5955     12 |   24.40        0.10

Type     Name                                                                          # reqs      # fails |    Avg     Min     Max    Med |   req/s  failures/s
--------|----------------------------------------------------------------------------|-------|-------------|-------|-------|-------|-------|--------|-----------
GET      GET /api/v1/reservas                                                            1378     1(0.07%) |     19       7     338     12 |   24.40        0.10
POST     POST /api/v1/auth/login                                                           50     0(0.00%) |   4090    1175    5955   4500 |    0.00        0.00
--------|----------------------------------------------------------------------------|-------|-------------|-------|-------|-------|-------|--------|-----------
         Aggregated                                                                      1428     1(0.07%) |    162       7    5955     12 |   24.40        0.10

Type     Name                                                                          # reqs      # fails |    Avg     Min     Max    Med |   req/s  failures/s
--------|----------------------------------------------------------------------------|-------|-------------|-------|-------|-------|-------|--------|-----------
GET      GET /api/v1/reservas                                                            1420     1(0.07%) |     19       7     338     12 |   23.80        0.10
POST     POST /api/v1/auth/login                                                           50     0(0.00%) |   4090    1175    5955   4500 |    0.00        0.00
--------|----------------------------------------------------------------------------|-------|-------------|-------|-------|-------|-------|--------|-----------
         Aggregated                                                                      1470     1(0.07%) |    157       7    5955     12 |   23.80        0.10

Type     Name                                                                          # reqs      # fails |    Avg     Min     Max    Med |   req/s  failures/s
--------|----------------------------------------------------------------------------|-------|-------------|-------|-------|-------|-------|--------|-----------
GET      GET /api/v1/reservas                                                            1469     1(0.07%) |     19       7     338     12 |   24.20        0.10
POST     POST /api/v1/auth/login                                                           50     0(0.00%) |   4090    1175    5955   4500 |    0.00        0.00
--------|----------------------------------------------------------------------------|-------|-------------|-------|-------|-------|-------|--------|-----------
         Aggregated                                                                      1519     1(0.07%) |    153       7    5955     12 |   24.20        0.10

Type     Name                                                                          # reqs      # fails |    Avg     Min     Max    Med |   req/s  failures/s
--------|----------------------------------------------------------------------------|-------|-------------|-------|-------|-------|-------|--------|-----------
GET      GET /api/v1/reservas                                                            1525     1(0.07%) |     19       7     338     12 |   24.20        0.00
POST     POST /api/v1/auth/login                                                           50     0(0.00%) |   4090    1175    5955   4500 |    0.00        0.00
--------|----------------------------------------------------------------------------|-------|-------------|-------|-------|-------|-------|--------|-----------
         Aggregated                                                                      1575     1(0.06%) |    148       7    5955     12 |   24.20        0.00

Type     Name                                                                          # reqs      # fails |    Avg     Min     Max    Med |   req/s  failures/s
--------|----------------------------------------------------------------------------|-------|-------------|-------|-------|-------|-------|--------|-----------
GET      GET /api/v1/reservas                                                            1573     1(0.06%) |     18       7     338     12 |   25.00        0.00
POST     POST /api/v1/auth/login                                                           50     0(0.00%) |   4090    1175    5955   4500 |    0.00        0.00
--------|----------------------------------------------------------------------------|-------|-------------|-------|-------|-------|-------|--------|-----------
         Aggregated                                                                      1623     1(0.06%) |    144       7    5955     12 |   25.00        0.00

Type     Name                                                                          # reqs      # fails |    Avg     Min     Max    Med |   req/s  failures/s
--------|----------------------------------------------------------------------------|-------|-------------|-------|-------|-------|-------|--------|-----------
GET      GET /api/v1/reservas                                                            1618     1(0.06%) |     18       7     338     12 |   24.60        0.00
POST     POST /api/v1/auth/login                                                           50     0(0.00%) |   4090    1175    5955   4500 |    0.00        0.00
--------|----------------------------------------------------------------------------|-------|-------------|-------|-------|-------|-------|--------|-----------
         Aggregated                                                                      1668     1(0.06%) |    140       7    5955     12 |   24.60        0.00

Type     Name                                                                          # reqs      # fails |    Avg     Min     Max    Med |   req/s  failures/s
--------|----------------------------------------------------------------------------|-------|-------------|-------|-------|-------|-------|--------|-----------
GET      GET /api/v1/reservas                                                            1665     1(0.06%) |     18       7     338     12 |   24.50        0.00
POST     POST /api/v1/auth/login                                                           50     0(0.00%) |   4090    1175    5955   4500 |    0.00        0.00
--------|----------------------------------------------------------------------------|-------|-------------|-------|-------|-------|-------|--------|-----------
         Aggregated                                                                      1715     1(0.06%) |    137       7    5955     12 |   24.50        0.00

Type     Name                                                                          # reqs      # fails |    Avg     Min     Max    Med |   req/s  failures/s
--------|----------------------------------------------------------------------------|-------|-------------|-------|-------|-------|-------|--------|-----------
GET      GET /api/v1/reservas                                                            1718     1(0.06%) |     18       7     338     12 |   24.30        0.00
POST     POST /api/v1/auth/login                                                           50     0(0.00%) |   4090    1175    5955   4500 |    0.00        0.00
--------|----------------------------------------------------------------------------|-------|-------------|-------|-------|-------|-------|--------|-----------
         Aggregated                                                                      1768     1(0.06%) |    133       7    5955     12 |   24.30        0.00

Type     Name                                                                          # reqs      # fails |    Avg     Min     Max    Med |   req/s  failures/s
--------|----------------------------------------------------------------------------|-------|-------------|-------|-------|-------|-------|--------|-----------
GET      GET /api/v1/reservas                                                            1771     1(0.06%) |     18       7     338     12 |   25.00        0.00
POST     POST /api/v1/auth/login                                                           50     0(0.00%) |   4090    1175    5955   4500 |    0.00        0.00
--------|----------------------------------------------------------------------------|-------|-------------|-------|-------|-------|-------|--------|-----------
         Aggregated                                                                      1821     1(0.05%) |    129       7    5955     12 |   25.00        0.00

Type     Name                                                                          # reqs      # fails |    Avg     Min     Max    Med |   req/s  failures/s
--------|----------------------------------------------------------------------------|-------|-------------|-------|-------|-------|-------|--------|-----------
GET      GET /api/v1/reservas                                                            1817     1(0.06%) |     17       7     338     12 |   24.40        0.00
POST     POST /api/v1/auth/login                                                           50     0(0.00%) |   4090    1175    5955   4500 |    0.00        0.00
--------|----------------------------------------------------------------------------|-------|-------------|-------|-------|-------|-------|--------|-----------
         Aggregated                                                                      1867     1(0.05%) |    126       7    5955     12 |   24.40        0.00

Type     Name                                                                          # reqs      # fails |    Avg     Min     Max    Med |   req/s  failures/s
--------|----------------------------------------------------------------------------|-------|-------------|-------|-------|-------|-------|--------|-----------
GET      GET /api/v1/reservas                                                            1870     1(0.05%) |     17       6     338     12 |   24.70        0.00
POST     POST /api/v1/auth/login                                                           50     0(0.00%) |   4090    1175    5955   4500 |    0.00        0.00
--------|----------------------------------------------------------------------------|-------|-------------|-------|-------|-------|-------|--------|-----------
         Aggregated                                                                      1920     1(0.05%) |    123       6    5955     12 |   24.70        0.00

Type     Name                                                                          # reqs      # fails |    Avg     Min     Max    Med |   req/s  failures/s
--------|----------------------------------------------------------------------------|-------|-------------|-------|-------|-------|-------|--------|-----------
GET      GET /api/v1/reservas                                                            1921     1(0.05%) |     17       6     338     12 |   25.00        0.00
POST     POST /api/v1/auth/login                                                           50     0(0.00%) |   4090    1175    5955   4500 |    0.00        0.00
--------|----------------------------------------------------------------------------|-------|-------------|-------|-------|-------|-------|--------|-----------
         Aggregated                                                                      1971     1(0.05%) |    120       6    5955     12 |   25.00        0.00

Type     Name                                                                          # reqs      # fails |    Avg     Min     Max    Med |   req/s  failures/s
--------|----------------------------------------------------------------------------|-------|-------------|-------|-------|-------|-------|--------|-----------
GET      GET /api/v1/reservas                                                            1970     1(0.05%) |     18       6     338     12 |   25.80        0.00
POST     POST /api/v1/auth/login                                                           50     0(0.00%) |   4090    1175    5955   4500 |    0.00        0.00
--------|----------------------------------------------------------------------------|-------|-------------|-------|-------|-------|-------|--------|-----------
         Aggregated                                                                      2020     1(0.05%) |    119       6    5955     12 |   25.80        0.00

Type     Name                                                                          # reqs      # fails |    Avg     Min     Max    Med |   req/s  failures/s
--------|----------------------------------------------------------------------------|-------|-------------|-------|-------|-------|-------|--------|-----------
GET      GET /api/v1/reservas                                                            2018     1(0.05%) |     19       6     338     12 |   25.00        0.00
POST     POST /api/v1/auth/login                                                           50     0(0.00%) |   4090    1175    5955   4500 |    0.00        0.00
--------|----------------------------------------------------------------------------|-------|-------------|-------|-------|-------|-------|--------|-----------
         Aggregated                                                                      2068     1(0.05%) |    117       6    5955     12 |   25.00        0.00

Type     Name                                                                          # reqs      # fails |    Avg     Min     Max    Med |   req/s  failures/s
--------|----------------------------------------------------------------------------|-------|-------------|-------|-------|-------|-------|--------|-----------
GET      GET /api/v1/reservas                                                            2065     1(0.05%) |     19       6     338     12 |   24.80        0.00
POST     POST /api/v1/auth/login                                                           50     0(0.00%) |   4090    1175    5955   4500 |    0.00        0.00
--------|----------------------------------------------------------------------------|-------|-------------|-------|-------|-------|-------|--------|-----------
         Aggregated                                                                      2115     1(0.05%) |    115       6    5955     12 |   24.80        0.00

Type     Name                                                                          # reqs      # fails |    Avg     Min     Max    Med |   req/s  failures/s
--------|----------------------------------------------------------------------------|-------|-------------|-------|-------|-------|-------|--------|-----------
GET      GET /api/v1/reservas                                                            2114     1(0.05%) |     19       6     338     12 |   24.50        0.00
POST     POST /api/v1/auth/login                                                           50     0(0.00%) |   4090    1175    5955   4500 |    0.00        0.00
--------|----------------------------------------------------------------------------|-------|-------------|-------|-------|-------|-------|--------|-----------
         Aggregated                                                                      2164     1(0.05%) |    113       6    5955     12 |   24.50        0.00

Type     Name                                                                          # reqs      # fails |    Avg     Min     Max    Med |   req/s  failures/s
--------|----------------------------------------------------------------------------|-------|-------------|-------|-------|-------|-------|--------|-----------
GET      GET /api/v1/reservas                                                            2162     1(0.05%) |     19       6     338     12 |   24.30        0.00
POST     POST /api/v1/auth/login                                                           50     0(0.00%) |   4090    1175    5955   4500 |    0.00        0.00
--------|----------------------------------------------------------------------------|-------|-------------|-------|-------|-------|-------|--------|-----------
         Aggregated                                                                      2212     1(0.05%) |    111       6    5955     12 |   24.30        0.00

Type     Name                                                                          # reqs      # fails |    Avg     Min     Max    Med |   req/s  failures/s
--------|----------------------------------------------------------------------------|-------|-------------|-------|-------|-------|-------|--------|-----------
GET      GET /api/v1/reservas                                                            2209     1(0.05%) |     19       6     338     12 |   24.40        0.00
POST     POST /api/v1/auth/login                                                           50     0(0.00%) |   4090    1175    5955   4500 |    0.00        0.00
--------|----------------------------------------------------------------------------|-------|-------------|-------|-------|-------|-------|--------|-----------
         Aggregated                                                                      2259     1(0.04%) |    109       6    5955     12 |   24.40        0.00

Type     Name                                                                          # reqs      # fails |    Avg     Min     Max    Med |   req/s  failures/s
--------|----------------------------------------------------------------------------|-------|-------------|-------|-------|-------|-------|--------|-----------
GET      GET /api/v1/reservas                                                            2260     1(0.04%) |     19       6     338     12 |   24.20        0.00
POST     POST /api/v1/auth/login                                                           50     0(0.00%) |   4090    1175    5955   4500 |    0.00        0.00
--------|----------------------------------------------------------------------------|-------|-------------|-------|-------|-------|-------|--------|-----------
         Aggregated                                                                      2310     1(0.04%) |    107       6    5955     12 |   24.20        0.00

Type     Name                                                                          # reqs      # fails |    Avg     Min     Max    Med |   req/s  failures/s
--------|----------------------------------------------------------------------------|-------|-------------|-------|-------|-------|-------|--------|-----------
GET      GET /api/v1/reservas                                                            2308     1(0.04%) |     18       6     338     12 |   24.60        0.00
POST     POST /api/v1/auth/login                                                           50     0(0.00%) |   4090    1175    5955   4500 |    0.00        0.00
--------|----------------------------------------------------------------------------|-------|-------------|-------|-------|-------|-------|--------|-----------
         Aggregated                                                                      2358     1(0.04%) |    105       6    5955     12 |   24.60        0.00

Type     Name                                                                          # reqs      # fails |    Avg     Min     Max    Med |   req/s  failures/s
--------|----------------------------------------------------------------------------|-------|-------------|-------|-------|-------|-------|--------|-----------
GET      GET /api/v1/reservas                                                            2356     1(0.04%) |     18       6     338     12 |   24.30        0.00
POST     POST /api/v1/auth/login                                                           50     0(0.00%) |   4090    1175    5955   4500 |    0.00        0.00
--------|----------------------------------------------------------------------------|-------|-------------|-------|-------|-------|-------|--------|-----------
         Aggregated                                                                      2406     1(0.04%) |    103       6    5955     12 |   24.30        0.00

Type     Name                                                                          # reqs      # fails |    Avg     Min     Max    Med |   req/s  failures/s
--------|----------------------------------------------------------------------------|-------|-------------|-------|-------|-------|-------|--------|-----------
GET      GET /api/v1/reservas                                                            2409     1(0.04%) |     18       6     338     12 |   24.60        0.00
POST     POST /api/v1/auth/login                                                           50     0(0.00%) |   4090    1175    5955   4500 |    0.00        0.00
--------|----------------------------------------------------------------------------|-------|-------------|-------|-------|-------|-------|--------|-----------
         Aggregated                                                                      2459     1(0.04%) |    101       6    5955     12 |   24.60        0.00

Type     Name                                                                          # reqs      # fails |    Avg     Min     Max    Med |   req/s  failures/s
--------|----------------------------------------------------------------------------|-------|-------------|-------|-------|-------|-------|--------|-----------
GET      GET /api/v1/reservas                                                            2458     1(0.04%) |     18       6     338     12 |   24.10        0.00
POST     POST /api/v1/auth/login                                                           50     0(0.00%) |   4090    1175    5955   4500 |    0.00        0.00
--------|----------------------------------------------------------------------------|-------|-------------|-------|-------|-------|-------|--------|-----------
         Aggregated                                                                      2508     1(0.04%) |     99       6    5955     12 |   24.10        0.00

Type     Name                                                                          # reqs      # fails |    Avg     Min     Max    Med |   req/s  failures/s
--------|----------------------------------------------------------------------------|-------|-------------|-------|-------|-------|-------|--------|-----------
GET      GET /api/v1/reservas                                                            2509     1(0.04%) |     18       6     338     12 |   24.50        0.00
POST     POST /api/v1/auth/login                                                           50     0(0.00%) |   4090    1175    5955   4500 |    0.00        0.00
--------|----------------------------------------------------------------------------|-------|-------------|-------|-------|-------|-------|--------|-----------
         Aggregated                                                                      2559     1(0.04%) |     97       6    5955     12 |   24.50        0.00

Type     Name                                                                          # reqs      # fails |    Avg     Min     Max    Med |   req/s  failures/s
--------|----------------------------------------------------------------------------|-------|-------------|-------|-------|-------|-------|--------|-----------
GET      GET /api/v1/reservas                                                            2558     1(0.04%) |     18       6     338     12 |   24.30        0.00
POST     POST /api/v1/auth/login                                                           50     0(0.00%) |   4090    1175    5955   4500 |    0.00        0.00
--------|----------------------------------------------------------------------------|-------|-------------|-------|-------|-------|-------|--------|-----------
         Aggregated                                                                      2608     1(0.04%) |     96       6    5955     12 |   24.30        0.00

Type     Name                                                                          # reqs      # fails |    Avg     Min     Max    Med |   req/s  failures/s
--------|----------------------------------------------------------------------------|-------|-------------|-------|-------|-------|-------|--------|-----------
GET      GET /api/v1/reservas                                                            2604     1(0.04%) |     18       6     338     12 |   24.60        0.00
POST     POST /api/v1/auth/login                                                           50     0(0.00%) |   4090    1175    5955   4500 |    0.00        0.00
--------|----------------------------------------------------------------------------|-------|-------------|-------|-------|-------|-------|--------|-----------
         Aggregated                                                                      2654     1(0.04%) |     94       6    5955     12 |   24.60        0.00

Type     Name                                                                          # reqs      # fails |    Avg     Min     Max    Med |   req/s  failures/s
--------|----------------------------------------------------------------------------|-------|-------------|-------|-------|-------|-------|--------|-----------
GET      GET /api/v1/reservas                                                            2652     1(0.04%) |     18       6     338     12 |   24.50        0.00
POST     POST /api/v1/auth/login                                                           50     0(0.00%) |   4090    1175    5955   4500 |    0.00        0.00
--------|----------------------------------------------------------------------------|-------|-------------|-------|-------|-------|-------|--------|-----------
         Aggregated                                                                      2702     1(0.04%) |     93       6    5955     12 |   24.50        0.00

Type     Name                                                                          # reqs      # fails |    Avg     Min     Max    Med |   req/s  failures/s
--------|----------------------------------------------------------------------------|-------|-------------|-------|-------|-------|-------|--------|-----------
GET      GET /api/v1/reservas                                                            2700     1(0.04%) |     17       6     338     12 |   24.50        0.00
POST     POST /api/v1/auth/login                                                           50     0(0.00%) |   4090    1175    5955   4500 |    0.00        0.00
--------|----------------------------------------------------------------------------|-------|-------------|-------|-------|-------|-------|--------|-----------
         Aggregated                                                                      2750     1(0.04%) |     92       6    5955     12 |   24.50        0.00

Type     Name                                                                          # reqs      # fails |    Avg     Min     Max    Med |   req/s  failures/s
--------|----------------------------------------------------------------------------|-------|-------------|-------|-------|-------|-------|--------|-----------
GET      GET /api/v1/reservas                                                            2744     1(0.04%) |     17       6     338     12 |   24.20        0.00
POST     POST /api/v1/auth/login                                                           50     0(0.00%) |   4090    1175    5955   4500 |    0.00        0.00
--------|----------------------------------------------------------------------------|-------|-------------|-------|-------|-------|-------|--------|-----------
         Aggregated                                                                      2794     1(0.04%) |     90       6    5955     12 |   24.20        0.00

Type     Name                                                                          # reqs      # fails |    Avg     Min     Max    Med |   req/s  failures/s
--------|----------------------------------------------------------------------------|-------|-------------|-------|-------|-------|-------|--------|-----------
GET      GET /api/v1/reservas                                                            2800     1(0.04%) |     17       6     338     12 |   24.40        0.00
POST     POST /api/v1/auth/login                                                           50     0(0.00%) |   4090    1175    5955   4500 |    0.00        0.00
--------|----------------------------------------------------------------------------|-------|-------------|-------|-------|-------|-------|--------|-----------
         Aggregated                                                                      2850     1(0.04%) |     89       6    5955     12 |   24.40        0.00

Type     Name                                                                          # reqs      # fails |    Avg     Min     Max    Med |   req/s  failures/s
--------|----------------------------------------------------------------------------|-------|-------------|-------|-------|-------|-------|--------|-----------
GET      GET /api/v1/reservas                                                            2844     1(0.04%) |     17       6     338     12 |   24.50        0.00
POST     POST /api/v1/auth/login                                                           50     0(0.00%) |   4090    1175    5955   4500 |    0.00        0.00
--------|----------------------------------------------------------------------------|-------|-------------|-------|-------|-------|-------|--------|-----------
         Aggregated                                                                      2894     1(0.03%) |     88       6    5955     12 |   24.50        0.00

Type     Name                                                                          # reqs      # fails |    Avg     Min     Max    Med |   req/s  failures/s
--------|----------------------------------------------------------------------------|-------|-------------|-------|-------|-------|-------|--------|-----------
GET      GET /api/v1/reservas                                                            2892     1(0.03%) |     17       6     338     12 |   24.40        0.00
POST     POST /api/v1/auth/login                                                           50     0(0.00%) |   4090    1175    5955   4500 |    0.00        0.00
--------|----------------------------------------------------------------------------|-------|-------------|-------|-------|-------|-------|--------|-----------
         Aggregated                                                                      2942     1(0.03%) |     86       6    5955     12 |   24.40        0.00

Type     Name                                                                          # reqs      # fails |    Avg     Min     Max    Med |   req/s  failures/s
--------|----------------------------------------------------------------------------|-------|-------------|-------|-------|-------|-------|--------|-----------
GET      GET /api/v1/reservas                                                            2942     1(0.03%) |     17       6     338     12 |   24.10        0.00
POST     POST /api/v1/auth/login                                                           50     0(0.00%) |   4090    1175    5955   4500 |    0.00        0.00
--------|----------------------------------------------------------------------------|-------|-------------|-------|-------|-------|-------|--------|-----------
         Aggregated                                                                      2992     1(0.03%) |     85       6    5955     12 |   24.10        0.00

Type     Name                                                                          # reqs      # fails |    Avg     Min     Max    Med |   req/s  failures/s
--------|----------------------------------------------------------------------------|-------|-------------|-------|-------|-------|-------|--------|-----------
GET      GET /api/v1/reservas                                                            2991     1(0.03%) |     17       6     338     12 |   24.20        0.00
POST     POST /api/v1/auth/login                                                           50     0(0.00%) |   4090    1175    5955   4500 |    0.00        0.00
--------|----------------------------------------------------------------------------|-------|-------------|-------|-------|-------|-------|--------|-----------
         Aggregated                                                                      3041     1(0.03%) |     84       6    5955     12 |   24.20        0.00

Type     Name                                                                          # reqs      # fails |    Avg     Min     Max    Med |   req/s  failures/s
--------|----------------------------------------------------------------------------|-------|-------------|-------|-------|-------|-------|--------|-----------
GET      GET /api/v1/reservas                                                            3042     1(0.03%) |     17       6     338     12 |   23.90        0.00
POST     POST /api/v1/auth/login                                                           50     0(0.00%) |   4090    1175    5955   4500 |    0.00        0.00
--------|----------------------------------------------------------------------------|-------|-------------|-------|-------|-------|-------|--------|-----------
         Aggregated                                                                      3092     1(0.03%) |     83       6    5955     12 |   23.90        0.00

Type     Name                                                                          # reqs      # fails |    Avg     Min     Max    Med |   req/s  failures/s
--------|----------------------------------------------------------------------------|-------|-------------|-------|-------|-------|-------|--------|-----------
GET      GET /api/v1/reservas                                                            3092     1(0.03%) |     17       6     338     12 |   24.70        0.00
POST     POST /api/v1/auth/login                                                           50     0(0.00%) |   4090    1175    5955   4500 |    0.00        0.00
--------|----------------------------------------------------------------------------|-------|-------------|-------|-------|-------|-------|--------|-----------
         Aggregated                                                                      3142     1(0.03%) |     82       6    5955     12 |   24.70        0.00

Type     Name                                                                          # reqs      # fails |    Avg     Min     Max    Med |   req/s  failures/s
--------|----------------------------------------------------------------------------|-------|-------------|-------|-------|-------|-------|--------|-----------
GET      GET /api/v1/reservas                                                            3140     1(0.03%) |     17       6     338     12 |   24.30        0.00
POST     POST /api/v1/auth/login                                                           50     0(0.00%) |   4090    1175    5955   4500 |    0.00        0.00
--------|----------------------------------------------------------------------------|-------|-------------|-------|-------|-------|-------|--------|-----------
         Aggregated                                                                      3190     1(0.03%) |     81       6    5955     12 |   24.30        0.00

Type     Name                                                                          # reqs      # fails |    Avg     Min     Max    Med |   req/s  failures/s
--------|----------------------------------------------------------------------------|-------|-------------|-------|-------|-------|-------|--------|-----------
GET      GET /api/v1/reservas                                                            3189     1(0.03%) |     17       6     338     12 |   24.60        0.00
POST     POST /api/v1/auth/login                                                           50     0(0.00%) |   4090    1175    5955   4500 |    0.00        0.00
--------|----------------------------------------------------------------------------|-------|-------------|-------|-------|-------|-------|--------|-----------
         Aggregated                                                                      3239     1(0.03%) |     80       6    5955     12 |   24.60        0.00

Type     Name                                                                          # reqs      # fails |    Avg     Min     Max    Med |   req/s  failures/s
--------|----------------------------------------------------------------------------|-------|-------------|-------|-------|-------|-------|--------|-----------
GET      GET /api/v1/reservas                                                            3237     1(0.03%) |     17       6     338     12 |   24.50        0.00
POST     POST /api/v1/auth/login                                                           50     0(0.00%) |   4090    1175    5955   4500 |    0.00        0.00
--------|----------------------------------------------------------------------------|-------|-------------|-------|-------|-------|-------|--------|-----------
         Aggregated                                                                      3287     1(0.03%) |     79       6    5955     12 |   24.50        0.00

Type     Name                                                                          # reqs      # fails |    Avg     Min     Max    Med |   req/s  failures/s
--------|----------------------------------------------------------------------------|-------|-------------|-------|-------|-------|-------|--------|-----------
GET      GET /api/v1/reservas                                                            3290     1(0.03%) |     16       6     338     12 |   24.80        0.00
POST     POST /api/v1/auth/login                                                           50     0(0.00%) |   4090    1175    5955   4500 |    0.00        0.00
--------|----------------------------------------------------------------------------|-------|-------------|-------|-------|-------|-------|--------|-----------
         Aggregated                                                                      3340     1(0.03%) |     77       6    5955     12 |   24.80        0.00

Type     Name                                                                          # reqs      # fails |    Avg     Min     Max    Med |   req/s  failures/s
--------|----------------------------------------------------------------------------|-------|-------------|-------|-------|-------|-------|--------|-----------
GET      GET /api/v1/reservas                                                            3339     1(0.03%) |     16       6     338     12 |   23.90        0.00
POST     POST /api/v1/auth/login                                                           50     0(0.00%) |   4090    1175    5955   4500 |    0.00        0.00
--------|----------------------------------------------------------------------------|-------|-------------|-------|-------|-------|-------|--------|-----------
         Aggregated                                                                      3389     1(0.03%) |     76       6    5955     12 |   23.90        0.00

Type     Name                                                                          # reqs      # fails |    Avg     Min     Max    Med |   req/s  failures/s
--------|----------------------------------------------------------------------------|-------|-------------|-------|-------|-------|-------|--------|-----------
GET      GET /api/v1/reservas                                                            3389     1(0.03%) |     16       6     338     12 |   24.70        0.00
POST     POST /api/v1/auth/login                                                           50     0(0.00%) |   4090    1175    5955   4500 |    0.00        0.00
--------|----------------------------------------------------------------------------|-------|-------------|-------|-------|-------|-------|--------|-----------
         Aggregated                                                                      3439     1(0.03%) |     76       6    5955     12 |   24.70        0.00

Type     Name                                                                          # reqs      # fails |    Avg     Min     Max    Med |   req/s  failures/s
--------|----------------------------------------------------------------------------|-------|-------------|-------|-------|-------|-------|--------|-----------
GET      GET /api/v1/reservas                                                            3436     1(0.03%) |     16       6     338     12 |   24.70        0.00
POST     POST /api/v1/auth/login                                                           50     0(0.00%) |   4090    1175    5955   4500 |    0.00        0.00
--------|----------------------------------------------------------------------------|-------|-------------|-------|-------|-------|-------|--------|-----------
         Aggregated                                                                      3486     1(0.03%) |     75       6    5955     12 |   24.70        0.00

Type     Name                                                                          # reqs      # fails |    Avg     Min     Max    Med |   req/s  failures/s
--------|----------------------------------------------------------------------------|-------|-------------|-------|-------|-------|-------|--------|-----------
GET      GET /api/v1/reservas                                                            3487     1(0.03%) |     16       6     338     12 |   24.90        0.00
POST     POST /api/v1/auth/login                                                           50     0(0.00%) |   4090    1175    5955   4500 |    0.00        0.00
--------|----------------------------------------------------------------------------|-------|-------------|-------|-------|-------|-------|--------|-----------
         Aggregated                                                                      3537     1(0.03%) |     74       6    5955     12 |   24.90        0.00

Type     Name                                                                          # reqs      # fails |    Avg     Min     Max    Med |   req/s  failures/s
--------|----------------------------------------------------------------------------|-------|-------------|-------|-------|-------|-------|--------|-----------
GET      GET /api/v1/reservas                                                            3535     1(0.03%) |     16       6     338     12 |   24.30        0.00
POST     POST /api/v1/auth/login                                                           50     0(0.00%) |   4090    1175    5955   4500 |    0.00        0.00
--------|----------------------------------------------------------------------------|-------|-------------|-------|-------|-------|-------|--------|-----------
         Aggregated                                                                      3585     1(0.03%) |     73       6    5955     12 |   24.30        0.00

Type     Name                                                                          # reqs      # fails |    Avg     Min     Max    Med |   req/s  failures/s
--------|----------------------------------------------------------------------------|-------|-------------|-------|-------|-------|-------|--------|-----------
GET      GET /api/v1/reservas                                                            3585     1(0.03%) |     16       6     338     12 |   24.90        0.00
POST     POST /api/v1/auth/login                                                           50     0(0.00%) |   4090    1175    5955   4500 |    0.00        0.00
--------|----------------------------------------------------------------------------|-------|-------------|-------|-------|-------|-------|--------|-----------
         Aggregated                                                                      3635     1(0.03%) |     72       6    5955     12 |   24.90        0.00

Type     Name                                                                          # reqs      # fails |    Avg     Min     Max    Med |   req/s  failures/s
--------|----------------------------------------------------------------------------|-------|-------------|-------|-------|-------|-------|--------|-----------
GET      GET /api/v1/reservas                                                            3637     1(0.03%) |     16       6     338     12 |   24.70        0.00
POST     POST /api/v1/auth/login                                                           50     0(0.00%) |   4090    1175    5955   4500 |    0.00        0.00
--------|----------------------------------------------------------------------------|-------|-------------|-------|-------|-------|-------|--------|-----------
         Aggregated                                                                      3687     1(0.03%) |     71       6    5955     12 |   24.70        0.00

Type     Name                                                                          # reqs      # fails |    Avg     Min     Max    Med |   req/s  failures/s
--------|----------------------------------------------------------------------------|-------|-------------|-------|-------|-------|-------|--------|-----------
GET      GET /api/v1/reservas                                                            3679     1(0.03%) |     16       6     338     12 |   24.90        0.00
POST     POST /api/v1/auth/login                                                           50     0(0.00%) |   4090    1175    5955   4500 |    0.00        0.00
--------|----------------------------------------------------------------------------|-------|-------------|-------|-------|-------|-------|--------|-----------
         Aggregated                                                                      3729     1(0.03%) |     71       6    5955     12 |   24.90        0.00

Type     Name                                                                          # reqs      # fails |    Avg     Min     Max    Med |   req/s  failures/s
--------|----------------------------------------------------------------------------|-------|-------------|-------|-------|-------|-------|--------|-----------
GET      GET /api/v1/reservas                                                            3728     1(0.03%) |     16       6     338     12 |   25.00        0.00
POST     POST /api/v1/auth/login                                                           50     0(0.00%) |   4090    1175    5955   4500 |    0.00        0.00
--------|----------------------------------------------------------------------------|-------|-------------|-------|-------|-------|-------|--------|-----------
         Aggregated                                                                      3778     1(0.03%) |     70       6    5955     12 |   25.00        0.00

Type     Name                                                                          # reqs      # fails |    Avg     Min     Max    Med |   req/s  failures/s
--------|----------------------------------------------------------------------------|-------|-------------|-------|-------|-------|-------|--------|-----------
GET      GET /api/v1/reservas                                                            3775     1(0.03%) |     16       6     338     12 |   25.10        0.00
POST     POST /api/v1/auth/login                                                           50     0(0.00%) |   4090    1175    5955   4500 |    0.00        0.00
--------|----------------------------------------------------------------------------|-------|-------------|-------|-------|-------|-------|--------|-----------
         Aggregated                                                                      3825     1(0.03%) |     69       6    5955     12 |   25.10        0.00

Type     Name                                                                          # reqs      # fails |    Avg     Min     Max    Med |   req/s  failures/s
--------|----------------------------------------------------------------------------|-------|-------------|-------|-------|-------|-------|--------|-----------
GET      GET /api/v1/reservas                                                            3831     1(0.03%) |     16       6     338     11 |   24.60        0.00
POST     POST /api/v1/auth/login                                                           50     0(0.00%) |   4090    1175    5955   4500 |    0.00        0.00
--------|----------------------------------------------------------------------------|-------|-------------|-------|-------|-------|-------|--------|-----------
         Aggregated                                                                      3881     1(0.03%) |     68       6    5955     12 |   24.60        0.00

Type     Name                                                                          # reqs      # fails |    Avg     Min     Max    Med |   req/s  failures/s
--------|----------------------------------------------------------------------------|-------|-------------|-------|-------|-------|-------|--------|-----------
GET      GET /api/v1/reservas                                                            3879     1(0.03%) |     16       6     338     11 |   23.90        0.00
POST     POST /api/v1/auth/login                                                           50     0(0.00%) |   4090    1175    5955   4500 |    0.00        0.00
--------|----------------------------------------------------------------------------|-------|-------------|-------|-------|-------|-------|--------|-----------
         Aggregated                                                                      3929     1(0.03%) |     68       6    5955     12 |   23.90        0.00

Type     Name                                                                          # reqs      # fails |    Avg     Min     Max    Med |   req/s  failures/s
--------|----------------------------------------------------------------------------|-------|-------------|-------|-------|-------|-------|--------|-----------
GET      GET /api/v1/reservas                                                            3932     1(0.03%) |     16       6     338     11 |   24.70        0.00
POST     POST /api/v1/auth/login                                                           50     0(0.00%) |   4090    1175    5955   4500 |    0.00        0.00
--------|----------------------------------------------------------------------------|-------|-------------|-------|-------|-------|-------|--------|-----------
         Aggregated                                                                      3982     1(0.03%) |     67       6    5955     12 |   24.70        0.00

Type     Name                                                                          # reqs      # fails |    Avg     Min     Max    Med |   req/s  failures/s
--------|----------------------------------------------------------------------------|-------|-------------|-------|-------|-------|-------|--------|-----------
GET      GET /api/v1/reservas                                                            3976     1(0.03%) |     16       6     338     11 |   24.10        0.00
POST     POST /api/v1/auth/login                                                           50     0(0.00%) |   4090    1175    5955   4500 |    0.00        0.00
--------|----------------------------------------------------------------------------|-------|-------------|-------|-------|-------|-------|--------|-----------
         Aggregated                                                                      4026     1(0.02%) |     66       6    5955     12 |   24.10        0.00

Type     Name                                                                          # reqs      # fails |    Avg     Min     Max    Med |   req/s  failures/s
--------|----------------------------------------------------------------------------|-------|-------------|-------|-------|-------|-------|--------|-----------
GET      GET /api/v1/reservas                                                            4030     1(0.02%) |     16       6     338     11 |   24.40        0.00
POST     POST /api/v1/auth/login                                                           50     0(0.00%) |   4090    1175    5955   4500 |    0.00        0.00
--------|----------------------------------------------------------------------------|-------|-------------|-------|-------|-------|-------|--------|-----------
         Aggregated                                                                      4080     1(0.02%) |     66       6    5955     12 |   24.40        0.00

Type     Name                                                                          # reqs      # fails |    Avg     Min     Max    Med |   req/s  failures/s
--------|----------------------------------------------------------------------------|-------|-------------|-------|-------|-------|-------|--------|-----------
GET      GET /api/v1/reservas                                                            4074     1(0.02%) |     16       6     338     11 |   24.40        0.00
POST     POST /api/v1/auth/login                                                           50     0(0.00%) |   4090    1175    5955   4500 |    0.00        0.00
--------|----------------------------------------------------------------------------|-------|-------------|-------|-------|-------|-------|--------|-----------
         Aggregated                                                                      4124     1(0.02%) |     65       6    5955     12 |   24.40        0.00

Type     Name                                                                          # reqs      # fails |    Avg     Min     Max    Med |   req/s  failures/s
--------|----------------------------------------------------------------------------|-------|-------------|-------|-------|-------|-------|--------|-----------
GET      GET /api/v1/reservas                                                            4122     1(0.02%) |     16       6     338     11 |   24.60        0.00
POST     POST /api/v1/auth/login                                                           50     0(0.00%) |   4090    1175    5955   4500 |    0.00        0.00
--------|----------------------------------------------------------------------------|-------|-------------|-------|-------|-------|-------|--------|-----------
         Aggregated                                                                      4172     1(0.02%) |     64       6    5955     12 |   24.60        0.00

Type     Name                                                                          # reqs      # fails |    Avg     Min     Max    Med |   req/s  failures/s
--------|----------------------------------------------------------------------------|-------|-------------|-------|-------|-------|-------|--------|-----------
GET      GET /api/v1/reservas                                                            4173     1(0.02%) |     15       6     338     11 |   23.90        0.00
POST     POST /api/v1/auth/login                                                           50     0(0.00%) |   4090    1175    5955   4500 |    0.00        0.00
--------|----------------------------------------------------------------------------|-------|-------------|-------|-------|-------|-------|--------|-----------
         Aggregated                                                                      4223     1(0.02%) |     64       6    5955     12 |   23.90        0.00

Type     Name                                                                          # reqs      # fails |    Avg     Min     Max    Med |   req/s  failures/s
--------|----------------------------------------------------------------------------|-------|-------------|-------|-------|-------|-------|--------|-----------
GET      GET /api/v1/reservas                                                            4222     1(0.02%) |     15       6     338     11 |   24.60        0.00
POST     POST /api/v1/auth/login                                                           50     0(0.00%) |   4090    1175    5955   4500 |    0.00        0.00
--------|----------------------------------------------------------------------------|-------|-------------|-------|-------|-------|-------|--------|-----------
         Aggregated                                                                      4272     1(0.02%) |     63       6    5955     12 |   24.60        0.00

Type     Name                                                                          # reqs      # fails |    Avg     Min     Max    Med |   req/s  failures/s
--------|----------------------------------------------------------------------------|-------|-------------|-------|-------|-------|-------|--------|-----------
GET      GET /api/v1/reservas                                                            4268     1(0.02%) |     15       6     338     11 |   24.00        0.00
POST     POST /api/v1/auth/login                                                           50     0(0.00%) |   4090    1175    5955   4500 |    0.00        0.00
--------|----------------------------------------------------------------------------|-------|-------------|-------|-------|-------|-------|--------|-----------
         Aggregated                                                                      4318     1(0.02%) |     63       6    5955     12 |   24.00        0.00

Type     Name                                                                          # reqs      # fails |    Avg     Min     Max    Med |   req/s  failures/s
--------|----------------------------------------------------------------------------|-------|-------------|-------|-------|-------|-------|--------|-----------
GET      GET /api/v1/reservas                                                            4320     1(0.02%) |     15       6     338     11 |   24.70        0.00
POST     POST /api/v1/auth/login                                                           50     0(0.00%) |   4090    1175    5955   4500 |    0.00        0.00
--------|----------------------------------------------------------------------------|-------|-------------|-------|-------|-------|-------|--------|-----------
         Aggregated                                                                      4370     1(0.02%) |     62       6    5955     12 |   24.70        0.00

Type     Name                                                                          # reqs      # fails |    Avg     Min     Max    Med |   req/s  failures/s
--------|----------------------------------------------------------------------------|-------|-------------|-------|-------|-------|-------|--------|-----------
GET      GET /api/v1/reservas                                                            4370     1(0.02%) |     15       6     338     11 |   25.10        0.00
POST     POST /api/v1/auth/login                                                           50     0(0.00%) |   4090    1175    5955   4500 |    0.00        0.00
--------|----------------------------------------------------------------------------|-------|-------------|-------|-------|-------|-------|--------|-----------
         Aggregated                                                                      4420     1(0.02%) |     61       6    5955     12 |   25.10        0.00

Type     Name                                                                          # reqs      # fails |    Avg     Min     Max    Med |   req/s  failures/s
--------|----------------------------------------------------------------------------|-------|-------------|-------|-------|-------|-------|--------|-----------
GET      GET /api/v1/reservas                                                            4417     1(0.02%) |     15       6     338     11 |   25.60        0.00
POST     POST /api/v1/auth/login                                                           50     0(0.00%) |   4090    1175    5955   4500 |    0.00        0.00
--------|----------------------------------------------------------------------------|-------|-------------|-------|-------|-------|-------|--------|-----------
         Aggregated                                                                      4467     1(0.02%) |     61       6    5955     12 |   25.60        0.00

Type     Name                                                                          # reqs      # fails |    Avg     Min     Max    Med |   req/s  failures/s
--------|----------------------------------------------------------------------------|-------|-------------|-------|-------|-------|-------|--------|-----------
GET      GET /api/v1/reservas                                                            4472     1(0.02%) |     15       6     338     11 |   24.90        0.00
POST     POST /api/v1/auth/login                                                           50     0(0.00%) |   4090    1175    5955   4500 |    0.00        0.00
--------|----------------------------------------------------------------------------|-------|-------------|-------|-------|-------|-------|--------|-----------
         Aggregated                                                                      4522     1(0.02%) |     60       6    5955     11 |   24.90        0.00

Type     Name                                                                          # reqs      # fails |    Avg     Min     Max    Med |   req/s  failures/s
--------|----------------------------------------------------------------------------|-------|-------------|-------|-------|-------|-------|--------|-----------
GET      GET /api/v1/reservas                                                            4522     1(0.02%) |     15       6     338     11 |   25.20        0.00
POST     POST /api/v1/auth/login                                                           50     0(0.00%) |   4090    1175    5955   4500 |    0.00        0.00
--------|----------------------------------------------------------------------------|-------|-------------|-------|-------|-------|-------|--------|-----------
         Aggregated                                                                      4572     1(0.02%) |     60       6    5955     11 |   25.20        0.00

Type     Name                                                                          # reqs      # fails |    Avg     Min     Max    Med |   req/s  failures/s
--------|----------------------------------------------------------------------------|-------|-------------|-------|-------|-------|-------|--------|-----------
GET      GET /api/v1/reservas                                                            4568     1(0.02%) |     15       6     338     11 |   24.40        0.00
POST     POST /api/v1/auth/login                                                           50     0(0.00%) |   4090    1175    5955   4500 |    0.00        0.00
--------|----------------------------------------------------------------------------|-------|-------------|-------|-------|-------|-------|--------|-----------
         Aggregated                                                                      4618     1(0.02%) |     59       6    5955     11 |   24.40        0.00

Type     Name                                                                          # reqs      # fails |    Avg     Min     Max    Med |   req/s  failures/s
--------|----------------------------------------------------------------------------|-------|-------------|-------|-------|-------|-------|--------|-----------
GET      GET /api/v1/reservas                                                            4619     1(0.02%) |     15       6     338     11 |   24.10        0.00
POST     POST /api/v1/auth/login                                                           50     0(0.00%) |   4090    1175    5955   4500 |    0.00        0.00
--------|----------------------------------------------------------------------------|-------|-------------|-------|-------|-------|-------|--------|-----------
         Aggregated                                                                      4669     1(0.02%) |     59       6    5955     11 |   24.10        0.00

Type     Name                                                                          # reqs      # fails |    Avg     Min     Max    Med |   req/s  failures/s
--------|----------------------------------------------------------------------------|-------|-------------|-------|-------|-------|-------|--------|-----------
GET      GET /api/v1/reservas                                                            4664     1(0.02%) |     15       6     338     11 |   23.50        0.00
POST     POST /api/v1/auth/login                                                           50     0(0.00%) |   4090    1175    5955   4500 |    0.00        0.00
--------|----------------------------------------------------------------------------|-------|-------------|-------|-------|-------|-------|--------|-----------
         Aggregated                                                                      4714     1(0.02%) |     58       6    5955     11 |   23.50        0.00

Type     Name                                                                          # reqs      # fails |    Avg     Min     Max    Med |   req/s  failures/s
--------|----------------------------------------------------------------------------|-------|-------------|-------|-------|-------|-------|--------|-----------
GET      GET /api/v1/reservas                                                            4716     1(0.02%) |     15       6     338     11 |   24.50        0.00
POST     POST /api/v1/auth/login                                                           50     0(0.00%) |   4090    1175    5955   4500 |    0.00        0.00
--------|----------------------------------------------------------------------------|-------|-------------|-------|-------|-------|-------|--------|-----------
         Aggregated                                                                      4766     1(0.02%) |     58       6    5955     11 |   24.50        0.00

Type     Name                                                                          # reqs      # fails |    Avg     Min     Max    Med |   req/s  failures/s
--------|----------------------------------------------------------------------------|-------|-------------|-------|-------|-------|-------|--------|-----------
GET      GET /api/v1/reservas                                                            4764     1(0.02%) |     15       6     338     11 |   24.50        0.00
POST     POST /api/v1/auth/login                                                           50     0(0.00%) |   4090    1175    5955   4500 |    0.00        0.00
--------|----------------------------------------------------------------------------|-------|-------------|-------|-------|-------|-------|--------|-----------
         Aggregated                                                                      4814     1(0.02%) |     57       6    5955     11 |   24.50        0.00

Type     Name                                                                          # reqs      # fails |    Avg     Min     Max    Med |   req/s  failures/s
--------|----------------------------------------------------------------------------|-------|-------------|-------|-------|-------|-------|--------|-----------
GET      GET /api/v1/reservas                                                            4811     1(0.02%) |     15       6     338     11 |   25.30        0.00
POST     POST /api/v1/auth/login                                                           50     0(0.00%) |   4090    1175    5955   4500 |    0.00        0.00
--------|----------------------------------------------------------------------------|-------|-------------|-------|-------|-------|-------|--------|-----------
         Aggregated                                                                      4861     1(0.02%) |     57       6    5955     11 |   25.30        0.00

Type     Name                                                                          # reqs      # fails |    Avg     Min     Max    Med |   req/s  failures/s
--------|----------------------------------------------------------------------------|-------|-------------|-------|-------|-------|-------|--------|-----------
GET      GET /api/v1/reservas                                                            4866     1(0.02%) |     15       6     338     11 |   25.20        0.00
POST     POST /api/v1/auth/login                                                           50     0(0.00%) |   4090    1175    5955   4500 |    0.00        0.00
--------|----------------------------------------------------------------------------|-------|-------------|-------|-------|-------|-------|--------|-----------
         Aggregated                                                                      4916     1(0.02%) |     56       6    5955     11 |   25.20        0.00

Type     Name                                                                          # reqs      # fails |    Avg     Min     Max    Med |   req/s  failures/s
--------|----------------------------------------------------------------------------|-------|-------------|-------|-------|-------|-------|--------|-----------
GET      GET /api/v1/reservas                                                            4917     1(0.02%) |     15       6     338     11 |   25.00        0.00
POST     POST /api/v1/auth/login                                                           50     0(0.00%) |   4090    1175    5955   4500 |    0.00        0.00
--------|----------------------------------------------------------------------------|-------|-------------|-------|-------|-------|-------|--------|-----------
         Aggregated                                                                      4967     1(0.02%) |     56       6    5955     11 |   25.00        0.00

Type     Name                                                                          # reqs      # fails |    Avg     Min     Max    Med |   req/s  failures/s
--------|----------------------------------------------------------------------------|-------|-------------|-------|-------|-------|-------|--------|-----------
GET      GET /api/v1/reservas                                                            4971     1(0.02%) |     15       6     338     11 |   25.20        0.00
POST     POST /api/v1/auth/login                                                           50     0(0.00%) |   4090    1175    5955   4500 |    0.00        0.00
--------|----------------------------------------------------------------------------|-------|-------------|-------|-------|-------|-------|--------|-----------
         Aggregated                                                                      5021     1(0.02%) |     56       6    5955     11 |   25.20        0.00

Type     Name                                                                          # reqs      # fails |    Avg     Min     Max    Med |   req/s  failures/s
--------|----------------------------------------------------------------------------|-------|-------------|-------|-------|-------|-------|--------|-----------
GET      GET /api/v1/reservas                                                            5019     1(0.02%) |     15       6     338     11 |   25.90        0.00
POST     POST /api/v1/auth/login                                                           50     0(0.00%) |   4090    1175    5955   4500 |    0.00        0.00
--------|----------------------------------------------------------------------------|-------|-------------|-------|-------|-------|-------|--------|-----------
         Aggregated                                                                      5069     1(0.02%) |     55       6    5955     11 |   25.90        0.00

Type     Name                                                                          # reqs      # fails |    Avg     Min     Max    Med |   req/s  failures/s
--------|----------------------------------------------------------------------------|-------|-------------|-------|-------|-------|-------|--------|-----------
GET      GET /api/v1/reservas                                                            5069     1(0.02%) |     15       6     338     11 |   25.40        0.00
POST     POST /api/v1/auth/login                                                           50     0(0.00%) |   4090    1175    5955   4500 |    0.00        0.00
--------|----------------------------------------------------------------------------|-------|-------------|-------|-------|-------|-------|--------|-----------
         Aggregated                                                                      5119     1(0.02%) |     55       6    5955     11 |   25.40        0.00

Type     Name                                                                          # reqs      # fails |    Avg     Min     Max    Med |   req/s  failures/s
--------|----------------------------------------------------------------------------|-------|-------------|-------|-------|-------|-------|--------|-----------
GET      GET /api/v1/reservas                                                            5120     1(0.02%) |     15       6     338     11 |   25.70        0.00
POST     POST /api/v1/auth/login                                                           50     0(0.00%) |   4090    1175    5955   4500 |    0.00        0.00
--------|----------------------------------------------------------------------------|-------|-------------|-------|-------|-------|-------|--------|-----------
         Aggregated                                                                      5170     1(0.02%) |     54       6    5955     11 |   25.70        0.00

Type     Name                                                                          # reqs      # fails |    Avg     Min     Max    Med |   req/s  failures/s
--------|----------------------------------------------------------------------------|-------|-------------|-------|-------|-------|-------|--------|-----------
GET      GET /api/v1/reservas                                                            5170     1(0.02%) |     15       6     338     11 |   25.70        0.00
POST     POST /api/v1/auth/login                                                           50     0(0.00%) |   4090    1175    5955   4500 |    0.00        0.00
--------|----------------------------------------------------------------------------|-------|-------------|-------|-------|-------|-------|--------|-----------
         Aggregated                                                                      5220     1(0.02%) |     54       6    5955     11 |   25.70        0.00

Type     Name                                                                          # reqs      # fails |    Avg     Min     Max    Med |   req/s  failures/s
--------|----------------------------------------------------------------------------|-------|-------------|-------|-------|-------|-------|--------|-----------
GET      GET /api/v1/reservas                                                            5214     1(0.02%) |     15       6     338     11 |   24.70        0.00
POST     POST /api/v1/auth/login                                                           50     0(0.00%) |   4090    1175    5955   4500 |    0.00        0.00
--------|----------------------------------------------------------------------------|-------|-------------|-------|-------|-------|-------|--------|-----------
         Aggregated                                                                      5264     1(0.02%) |     54       6    5955     12 |   24.70        0.00

Type     Name                                                                          # reqs      # fails |    Avg     Min     Max    Med |   req/s  failures/s
--------|----------------------------------------------------------------------------|-------|-------------|-------|-------|-------|-------|--------|-----------
GET      GET /api/v1/reservas                                                            5269     1(0.02%) |     15       6     338     11 |   23.80        0.00
POST     POST /api/v1/auth/login                                                           50     0(0.00%) |   4090    1175    5955   4500 |    0.00        0.00
--------|----------------------------------------------------------------------------|-------|-------------|-------|-------|-------|-------|--------|-----------
         Aggregated                                                                      5319     1(0.02%) |     54       6    5955     12 |   23.90        0.00

Type     Name                                                                          # reqs      # fails |    Avg     Min     Max    Med |   req/s  failures/s
--------|----------------------------------------------------------------------------|-------|-------------|-------|-------|-------|-------|--------|-----------
GET      GET /api/v1/reservas                                                            5317     1(0.02%) |     15       6     338     11 |   24.20        0.00
POST     POST /api/v1/auth/login                                                           50     0(0.00%) |   4090    1175    5955   4500 |    0.00        0.00
--------|----------------------------------------------------------------------------|-------|-------------|-------|-------|-------|-------|--------|-----------
         Aggregated                                                                      5367     1(0.02%) |     53       6    5955     12 |   24.20        0.00

Type     Name                                                                          # reqs      # fails |    Avg     Min     Max    Med |   req/s  failures/s
--------|----------------------------------------------------------------------------|-------|-------------|-------|-------|-------|-------|--------|-----------
GET      GET /api/v1/reservas                                                            5364     1(0.02%) |     15       6     338     11 |   24.50        0.00
POST     POST /api/v1/auth/login                                                           50     0(0.00%) |   4090    1175    5955   4500 |    0.00        0.00
--------|----------------------------------------------------------------------------|-------|-------------|-------|-------|-------|-------|--------|-----------
         Aggregated                                                                      5414     1(0.02%) |     53       6    5955     12 |   24.50        0.00

Type     Name                                                                          # reqs      # fails |    Avg     Min     Max    Med |   req/s  failures/s
--------|----------------------------------------------------------------------------|-------|-------------|-------|-------|-------|-------|--------|-----------
GET      GET /api/v1/reservas                                                            5417     1(0.02%) |     15       6     338     11 |   24.40        0.00
POST     POST /api/v1/auth/login                                                           50     0(0.00%) |   4090    1175    5955   4500 |    0.00        0.00
--------|----------------------------------------------------------------------------|-------|-------------|-------|-------|-------|-------|--------|-----------
         Aggregated                                                                      5467     1(0.02%) |     52       6    5955     12 |   24.40        0.00

Type     Name                                                                          # reqs      # fails |    Avg     Min     Max    Med |   req/s  failures/s
--------|----------------------------------------------------------------------------|-------|-------------|-------|-------|-------|-------|--------|-----------
GET      GET /api/v1/reservas                                                            5468     1(0.02%) |     15       6     338     11 |   24.70        0.00
POST     POST /api/v1/auth/login                                                           50     0(0.00%) |   4090    1175    5955   4500 |    0.00        0.00
--------|----------------------------------------------------------------------------|-------|-------------|-------|-------|-------|-------|--------|-----------
         Aggregated                                                                      5518     1(0.02%) |     52       6    5955     12 |   24.70        0.00

Type     Name                                                                          # reqs      # fails |    Avg     Min     Max    Med |   req/s  failures/s
--------|----------------------------------------------------------------------------|-------|-------------|-------|-------|-------|-------|--------|-----------
GET      GET /api/v1/reservas                                                            5517     1(0.02%) |     15       6     338     11 |   25.40        0.00
POST     POST /api/v1/auth/login                                                           50     0(0.00%) |   4090    1175    5955   4500 |    0.00        0.00
--------|----------------------------------------------------------------------------|-------|-------------|-------|-------|-------|-------|--------|-----------
         Aggregated                                                                      5567     1(0.02%) |     52       6    5955     12 |   25.30        0.00

Type     Name                                                                          # reqs      # fails |    Avg     Min     Max    Med |   req/s  failures/s
--------|----------------------------------------------------------------------------|-------|-------------|-------|-------|-------|-------|--------|-----------
GET      GET /api/v1/reservas                                                            5568     1(0.02%) |     15       6     338     11 |   25.00        0.00
POST     POST /api/v1/auth/login                                                           50     0(0.00%) |   4090    1175    5955   4500 |    0.00        0.00
--------|----------------------------------------------------------------------------|-------|-------------|-------|-------|-------|-------|--------|-----------
         Aggregated                                                                      5618     1(0.02%) |     51       6    5955     12 |   25.00        0.00

Type     Name                                                                          # reqs      # fails |    Avg     Min     Max    Med |   req/s  failures/s
--------|----------------------------------------------------------------------------|-------|-------------|-------|-------|-------|-------|--------|-----------
GET      GET /api/v1/reservas                                                            5613     1(0.02%) |     15       6     338     11 |   24.80        0.00
POST     POST /api/v1/auth/login                                                           50     0(0.00%) |   4090    1175    5955   4500 |    0.00        0.00
--------|----------------------------------------------------------------------------|-------|-------------|-------|-------|-------|-------|--------|-----------
         Aggregated                                                                      5663     1(0.02%) |     51       6    5955     12 |   24.80        0.00

Type     Name                                                                          # reqs      # fails |    Avg     Min     Max    Med |   req/s  failures/s
--------|----------------------------------------------------------------------------|-------|-------------|-------|-------|-------|-------|--------|-----------
GET      GET /api/v1/reservas                                                            5661     1(0.02%) |     15       6     338     11 |   25.10        0.00
POST     POST /api/v1/auth/login                                                           50     0(0.00%) |   4090    1175    5955   4500 |    0.00        0.00
--------|----------------------------------------------------------------------------|-------|-------------|-------|-------|-------|-------|--------|-----------
         Aggregated                                                                      5711     1(0.02%) |     51       6    5955     12 |   25.10        0.00

Type     Name                                                                          # reqs      # fails |    Avg     Min     Max    Med |   req/s  failures/s
--------|----------------------------------------------------------------------------|-------|-------------|-------|-------|-------|-------|--------|-----------
GET      GET /api/v1/reservas                                                            5708     1(0.02%) |     15       6     338     11 |   24.90        0.00
POST     POST /api/v1/auth/login                                                           50     0(0.00%) |   4090    1175    5955   4500 |    0.00        0.00
--------|----------------------------------------------------------------------------|-------|-------------|-------|-------|-------|-------|--------|-----------
         Aggregated                                                                      5758     1(0.02%) |     50       6    5955     12 |   24.90        0.00

Type     Name                                                                          # reqs      # fails |    Avg     Min     Max    Med |   req/s  failures/s
--------|----------------------------------------------------------------------------|-------|-------------|-------|-------|-------|-------|--------|-----------
GET      GET /api/v1/reservas                                                            5762     1(0.02%) |     15       6     338     11 |   24.50        0.00
POST     POST /api/v1/auth/login                                                           50     0(0.00%) |   4090    1175    5955   4500 |    0.00        0.00
--------|----------------------------------------------------------------------------|-------|-------------|-------|-------|-------|-------|--------|-----------
         Aggregated                                                                      5812     1(0.02%) |     50       6    5955     12 |   24.50        0.00

Type     Name                                                                          # reqs      # fails |    Avg     Min     Max    Med |   req/s  failures/s
--------|----------------------------------------------------------------------------|-------|-------------|-------|-------|-------|-------|--------|-----------
GET      GET /api/v1/reservas                                                            5806     1(0.02%) |     15       6     338     11 |   24.20        0.00
POST     POST /api/v1/auth/login                                                           50     0(0.00%) |   4090    1175    5955   4500 |    0.00        0.00
--------|----------------------------------------------------------------------------|-------|-------------|-------|-------|-------|-------|--------|-----------
         Aggregated                                                                      5856     1(0.02%) |     50       6    5955     12 |   24.20        0.00

Type     Name                                                                          # reqs      # fails |    Avg     Min     Max    Med |   req/s  failures/s
--------|----------------------------------------------------------------------------|-------|-------------|-------|-------|-------|-------|--------|-----------
GET      GET /api/v1/reservas                                                            5859     1(0.02%) |     15       6     338     11 |   24.30        0.00
POST     POST /api/v1/auth/login                                                           50     0(0.00%) |   4090    1175    5955   4500 |    0.00        0.00
--------|----------------------------------------------------------------------------|-------|-------------|-------|-------|-------|-------|--------|-----------
         Aggregated                                                                      5909     1(0.02%) |     49       6    5955     12 |   24.30        0.00

Type     Name                                                                          # reqs      # fails |    Avg     Min     Max    Med |   req/s  failures/s
--------|----------------------------------------------------------------------------|-------|-------------|-------|-------|-------|-------|--------|-----------
GET      GET /api/v1/reservas                                                            5911     1(0.02%) |     15       6     338     11 |   24.30        0.00
POST     POST /api/v1/auth/login                                                           50     0(0.00%) |   4090    1175    5955   4500 |    0.00        0.00
--------|----------------------------------------------------------------------------|-------|-------------|-------|-------|-------|-------|--------|-----------
         Aggregated                                                                      5961     1(0.02%) |     49       6    5955     12 |   24.30        0.00

Type     Name                                                                          # reqs      # fails |    Avg     Min     Max    Med |   req/s  failures/s
--------|----------------------------------------------------------------------------|-------|-------------|-------|-------|-------|-------|--------|-----------
GET      GET /api/v1/reservas                                                            5965     1(0.02%) |     15       6     338     11 |   24.70        0.00
POST     POST /api/v1/auth/login                                                           50     0(0.00%) |   4090    1175    5955   4500 |    0.00        0.00
--------|----------------------------------------------------------------------------|-------|-------------|-------|-------|-------|-------|--------|-----------
         Aggregated                                                                      6015     1(0.02%) |     49       6    5955     11 |   24.70        0.00

Type     Name                                                                          # reqs      # fails |    Avg     Min     Max    Med |   req/s  failures/s
--------|----------------------------------------------------------------------------|-------|-------------|-------|-------|-------|-------|--------|-----------
GET      GET /api/v1/reservas                                                            6014     1(0.02%) |     15       6     338     11 |   25.10        0.00
POST     POST /api/v1/auth/login                                                           50     0(0.00%) |   4090    1175    5955   4500 |    0.00        0.00
--------|----------------------------------------------------------------------------|-------|-------------|-------|-------|-------|-------|--------|-----------
         Aggregated                                                                      6064     1(0.02%) |     48       6    5955     11 |   25.10        0.00

Type     Name                                                                          # reqs      # fails |    Avg     Min     Max    Med |   req/s  failures/s
--------|----------------------------------------------------------------------------|-------|-------------|-------|-------|-------|-------|--------|-----------
GET      GET /api/v1/reservas                                                            6063     1(0.02%) |     15       6     338     11 |   25.40        0.00
POST     POST /api/v1/auth/login                                                           50     0(0.00%) |   4090    1175    5955   4500 |    0.00        0.00
--------|----------------------------------------------------------------------------|-------|-------------|-------|-------|-------|-------|--------|-----------
         Aggregated                                                                      6113     1(0.02%) |     48       6    5955     11 |   25.40        0.00

Type     Name                                                                          # reqs      # fails |    Avg     Min     Max    Med |   req/s  failures/s
--------|----------------------------------------------------------------------------|-------|-------------|-------|-------|-------|-------|--------|-----------
GET      GET /api/v1/reservas                                                            6108     1(0.02%) |     15       6     338     11 |   25.10        0.00
POST     POST /api/v1/auth/login                                                           50     0(0.00%) |   4090    1175    5955   4500 |    0.00        0.00
--------|----------------------------------------------------------------------------|-------|-------------|-------|-------|-------|-------|--------|-----------
         Aggregated                                                                      6158     1(0.02%) |     48       6    5955     11 |   25.10        0.00

Type     Name                                                                          # reqs      # fails |    Avg     Min     Max    Med |   req/s  failures/s
--------|----------------------------------------------------------------------------|-------|-------------|-------|-------|-------|-------|--------|-----------
GET      GET /api/v1/reservas                                                            6166     1(0.02%) |     15       6     338     11 |   25.00        0.00
POST     POST /api/v1/auth/login                                                           50     0(0.00%) |   4090    1175    5955   4500 |    0.00        0.00
--------|----------------------------------------------------------------------------|-------|-------------|-------|-------|-------|-------|--------|-----------
         Aggregated                                                                      6216     1(0.02%) |     48       6    5955     11 |   25.00        0.00

Type     Name                                                                          # reqs      # fails |    Avg     Min     Max    Med |   req/s  failures/s
--------|----------------------------------------------------------------------------|-------|-------------|-------|-------|-------|-------|--------|-----------
GET      GET /api/v1/reservas                                                            6215     1(0.02%) |     15       6     338     11 |   25.20        0.00
POST     POST /api/v1/auth/login                                                           50     0(0.00%) |   4090    1175    5955   4500 |    0.00        0.00
--------|----------------------------------------------------------------------------|-------|-------------|-------|-------|-------|-------|--------|-----------
         Aggregated                                                                      6265     1(0.02%) |     47       6    5955     11 |   25.20        0.00

Type     Name                                                                          # reqs      # fails |    Avg     Min     Max    Med |   req/s  failures/s
--------|----------------------------------------------------------------------------|-------|-------------|-------|-------|-------|-------|--------|-----------
GET      GET /api/v1/reservas                                                            6266     1(0.02%) |     15       6     338     11 |   25.40        0.00
POST     POST /api/v1/auth/login                                                           50     0(0.00%) |   4090    1175    5955   4500 |    0.00        0.00
--------|----------------------------------------------------------------------------|-------|-------------|-------|-------|-------|-------|--------|-----------
         Aggregated                                                                      6316     1(0.02%) |     47       6    5955     11 |   25.40        0.00

Type     Name                                                                          # reqs      # fails |    Avg     Min     Max    Med |   req/s  failures/s
--------|----------------------------------------------------------------------------|-------|-------------|-------|-------|-------|-------|--------|-----------
GET      GET /api/v1/reservas                                                            6315     1(0.02%) |     15       6     338     11 |   25.30        0.00
POST     POST /api/v1/auth/login                                                           50     0(0.00%) |   4090    1175    5955   4500 |    0.00        0.00
--------|----------------------------------------------------------------------------|-------|-------------|-------|-------|-------|-------|--------|-----------
         Aggregated                                                                      6365     1(0.02%) |     47       6    5955     11 |   25.30        0.00

Type     Name                                                                          # reqs      # fails |    Avg     Min     Max    Med |   req/s  failures/s
--------|----------------------------------------------------------------------------|-------|-------------|-------|-------|-------|-------|--------|-----------
GET      GET /api/v1/reservas                                                            6366     1(0.02%) |     15       6     338     11 |   25.30        0.00
POST     POST /api/v1/auth/login                                                           50     0(0.00%) |   4090    1175    5955   4500 |    0.00        0.00
--------|----------------------------------------------------------------------------|-------|-------------|-------|-------|-------|-------|--------|-----------
         Aggregated                                                                      6416     1(0.02%) |     46       6    5955     11 |   25.30        0.00

Type     Name                                                                          # reqs      # fails |    Avg     Min     Max    Med |   req/s  failures/s
--------|----------------------------------------------------------------------------|-------|-------------|-------|-------|-------|-------|--------|-----------
GET      GET /api/v1/reservas                                                            6413     1(0.02%) |     15       6     338     11 |   25.50        0.00
POST     POST /api/v1/auth/login                                                           50     0(0.00%) |   4090    1175    5955   4500 |    0.00        0.00
--------|----------------------------------------------------------------------------|-------|-------------|-------|-------|-------|-------|--------|-----------
         Aggregated                                                                      6463     1(0.02%) |     46       6    5955     11 |   25.50        0.00

Type     Name                                                                          # reqs      # fails |    Avg     Min     Max    Med |   req/s  failures/s
--------|----------------------------------------------------------------------------|-------|-------------|-------|-------|-------|-------|--------|-----------
GET      GET /api/v1/reservas                                                            6463     1(0.02%) |     15       6     338     11 |   25.40        0.00
POST     POST /api/v1/auth/login                                                           50     0(0.00%) |   4090    1175    5955   4500 |    0.00        0.00
--------|----------------------------------------------------------------------------|-------|-------------|-------|-------|-------|-------|--------|-----------
         Aggregated                                                                      6513     1(0.02%) |     46       6    5955     11 |   25.40        0.00

Type     Name                                                                          # reqs      # fails |    Avg     Min     Max    Med |   req/s  failures/s
--------|----------------------------------------------------------------------------|-------|-------------|-------|-------|-------|-------|--------|-----------
GET      GET /api/v1/reservas                                                            6517     1(0.02%) |     15       6     338     11 |   24.80        0.00
POST     POST /api/v1/auth/login                                                           50     0(0.00%) |   4090    1175    5955   4500 |    0.00        0.00
--------|----------------------------------------------------------------------------|-------|-------------|-------|-------|-------|-------|--------|-----------
         Aggregated                                                                      6567     1(0.02%) |     46       6    5955     11 |   24.80        0.00

Type     Name                                                                          # reqs      # fails |    Avg     Min     Max    Med |   req/s  failures/s
--------|----------------------------------------------------------------------------|-------|-------------|-------|-------|-------|-------|--------|-----------
GET      GET /api/v1/reservas                                                            6561     1(0.02%) |     15       6     338     11 |   25.10        0.00
POST     POST /api/v1/auth/login                                                           50     0(0.00%) |   4090    1175    5955   4500 |    0.00        0.00
--------|----------------------------------------------------------------------------|-------|-------------|-------|-------|-------|-------|--------|-----------
         Aggregated                                                                      6611     1(0.02%) |     45       6    5955     11 |   25.10        0.00

Type     Name                                                                          # reqs      # fails |    Avg     Min     Max    Med |   req/s  failures/s
--------|----------------------------------------------------------------------------|-------|-------------|-------|-------|-------|-------|--------|-----------
GET      GET /api/v1/reservas                                                            6615     1(0.02%) |     15       6     338     11 |   24.80        0.00
POST     POST /api/v1/auth/login                                                           50     0(0.00%) |   4090    1175    5955   4500 |    0.00        0.00
--------|----------------------------------------------------------------------------|-------|-------------|-------|-------|-------|-------|--------|-----------
         Aggregated                                                                      6665     1(0.02%) |     45       6    5955     11 |   24.80        0.00

Type     Name                                                                          # reqs      # fails |    Avg     Min     Max    Med |   req/s  failures/s
--------|----------------------------------------------------------------------------|-------|-------------|-------|-------|-------|-------|--------|-----------
GET      GET /api/v1/reservas                                                            6661     1(0.02%) |     15       6     338     11 |   25.40        0.00
POST     POST /api/v1/auth/login                                                           50     0(0.00%) |   4090    1175    5955   4500 |    0.00        0.00
--------|----------------------------------------------------------------------------|-------|-------------|-------|-------|-------|-------|--------|-----------
         Aggregated                                                                      6711     1(0.01%) |     45       6    5955     11 |   25.40        0.00

Type     Name                                                                          # reqs      # fails |    Avg     Min     Max    Med |   req/s  failures/s
--------|----------------------------------------------------------------------------|-------|-------------|-------|-------|-------|-------|--------|-----------
GET      GET /api/v1/reservas                                                            6709     1(0.01%) |     14       6     338     11 |   24.50        0.00
POST     POST /api/v1/auth/login                                                           50     0(0.00%) |   4090    1175    5955   4500 |    0.00        0.00
--------|----------------------------------------------------------------------------|-------|-------------|-------|-------|-------|-------|--------|-----------
         Aggregated                                                                      6759     1(0.01%) |     45       6    5955     11 |   24.50        0.00

Type     Name                                                                          # reqs      # fails |    Avg     Min     Max    Med |   req/s  failures/s
--------|----------------------------------------------------------------------------|-------|-------------|-------|-------|-------|-------|--------|-----------
GET      GET /api/v1/reservas                                                            6764     1(0.01%) |     14       6     338     11 |   24.50        0.00
POST     POST /api/v1/auth/login                                                           50     0(0.00%) |   4090    1175    5955   4500 |    0.00        0.00
--------|----------------------------------------------------------------------------|-------|-------------|-------|-------|-------|-------|--------|-----------
         Aggregated                                                                      6814     1(0.01%) |     44       6    5955     11 |   24.50        0.00

Type     Name                                                                          # reqs      # fails |    Avg     Min     Max    Med |   req/s  failures/s
--------|----------------------------------------------------------------------------|-------|-------------|-------|-------|-------|-------|--------|-----------
GET      GET /api/v1/reservas                                                            6810     1(0.01%) |     14       6     338     11 |   24.90        0.00
POST     POST /api/v1/auth/login                                                           50     0(0.00%) |   4090    1175    5955   4500 |    0.00        0.00
--------|----------------------------------------------------------------------------|-------|-------------|-------|-------|-------|-------|--------|-----------
         Aggregated                                                                      6860     1(0.01%) |     44       6    5955     11 |   24.90        0.00

Type     Name                                                                          # reqs      # fails |    Avg     Min     Max    Med |   req/s  failures/s
--------|----------------------------------------------------------------------------|-------|-------------|-------|-------|-------|-------|--------|-----------
GET      GET /api/v1/reservas                                                            6860     1(0.01%) |     14       6     338     11 |   24.90        0.00
POST     POST /api/v1/auth/login                                                           50     0(0.00%) |   4090    1175    5955   4500 |    0.00        0.00
--------|----------------------------------------------------------------------------|-------|-------------|-------|-------|-------|-------|--------|-----------
         Aggregated                                                                      6910     1(0.01%) |     44       6    5955     11 |   24.90        0.00

Type     Name                                                                          # reqs      # fails |    Avg     Min     Max    Med |   req/s  failures/s
--------|----------------------------------------------------------------------------|-------|-------------|-------|-------|-------|-------|--------|-----------
GET      GET /api/v1/reservas                                                            6912     1(0.01%) |     14       6     338     11 |   24.50        0.00
POST     POST /api/v1/auth/login                                                           50     0(0.00%) |   4090    1175    5955   4500 |    0.00        0.00
--------|----------------------------------------------------------------------------|-------|-------------|-------|-------|-------|-------|--------|-----------
         Aggregated                                                                      6962     1(0.01%) |     44       6    5955     11 |   24.50        0.00

Type     Name                                                                          # reqs      # fails |    Avg     Min     Max    Med |   req/s  failures/s
--------|----------------------------------------------------------------------------|-------|-------------|-------|-------|-------|-------|--------|-----------
GET      GET /api/v1/reservas                                                            6964     1(0.01%) |     14       6     338     11 |   25.10        0.00
POST     POST /api/v1/auth/login                                                           50     0(0.00%) |   4090    1175    5955   4500 |    0.00        0.00
--------|----------------------------------------------------------------------------|-------|-------------|-------|-------|-------|-------|--------|-----------
         Aggregated                                                                      7014     1(0.01%) |     43       6    5955     11 |   25.10        0.00

Type     Name                                                                          # reqs      # fails |    Avg     Min     Max    Med |   req/s  failures/s
--------|----------------------------------------------------------------------------|-------|-------------|-------|-------|-------|-------|--------|-----------
GET      GET /api/v1/reservas                                                            7012     1(0.01%) |     14       6     338     11 |   24.90        0.00
POST     POST /api/v1/auth/login                                                           50     0(0.00%) |   4090    1175    5955   4500 |    0.00        0.00
--------|----------------------------------------------------------------------------|-------|-------------|-------|-------|-------|-------|--------|-----------
         Aggregated                                                                      7062     1(0.01%) |     43       6    5955     11 |   24.90        0.00

Type     Name                                                                          # reqs      # fails |    Avg     Min     Max    Med |   req/s  failures/s
--------|----------------------------------------------------------------------------|-------|-------------|-------|-------|-------|-------|--------|-----------
GET      GET /api/v1/reservas                                                            7060     1(0.01%) |     14       6     338     11 |   24.80        0.00
POST     POST /api/v1/auth/login                                                           50     0(0.00%) |   4090    1175    5955   4500 |    0.00        0.00
--------|----------------------------------------------------------------------------|-------|-------------|-------|-------|-------|-------|--------|-----------
         Aggregated                                                                      7110     1(0.01%) |     43       6    5955     11 |   24.80        0.00

Type     Name                                                                          # reqs      # fails |    Avg     Min     Max    Med |   req/s  failures/s
--------|----------------------------------------------------------------------------|-------|-------------|-------|-------|-------|-------|--------|-----------
GET      GET /api/v1/reservas                                                            7112     1(0.01%) |     14       6     338     11 |   24.90        0.00
POST     POST /api/v1/auth/login                                                           50     0(0.00%) |   4090    1175    5955   4500 |    0.00        0.00
--------|----------------------------------------------------------------------------|-------|-------------|-------|-------|-------|-------|--------|-----------
         Aggregated                                                                      7162     1(0.01%) |     43       6    5955     11 |   24.90        0.00

Type     Name                                                                          # reqs      # fails |    Avg     Min     Max    Med |   req/s  failures/s
--------|----------------------------------------------------------------------------|-------|-------------|-------|-------|-------|-------|--------|-----------
GET      GET /api/v1/reservas                                                            7155     1(0.01%) |     14       6     338     11 |   24.10        0.00
POST     POST /api/v1/auth/login                                                           50     0(0.00%) |   4090    1175    5955   4500 |    0.00        0.00
--------|----------------------------------------------------------------------------|-------|-------------|-------|-------|-------|-------|--------|-----------
         Aggregated                                                                      7205     1(0.01%) |     43       6    5955     11 |   24.10        0.00

Type     Name                                                                          # reqs      # fails |    Avg     Min     Max    Med |   req/s  failures/s
--------|----------------------------------------------------------------------------|-------|-------------|-------|-------|-------|-------|--------|-----------
GET      GET /api/v1/reservas                                                            7200     1(0.01%) |     14       6     338     11 |   24.00        0.00
POST     POST /api/v1/auth/login                                                           50     0(0.00%) |   4090    1175    5955   4500 |    0.00        0.00
--------|----------------------------------------------------------------------------|-------|-------------|-------|-------|-------|-------|--------|-----------
         Aggregated                                                                      7250     1(0.01%) |     42       6    5955     11 |   24.00        0.00

Type     Name                                                                          # reqs      # fails |    Avg     Min     Max    Med |   req/s  failures/s
--------|----------------------------------------------------------------------------|-------|-------------|-------|-------|-------|-------|--------|-----------
GET      GET /api/v1/reservas                                                            7251     1(0.01%) |     14       6     338     11 |   24.70        0.00
POST     POST /api/v1/auth/login                                                           50     0(0.00%) |   4090    1175    5955   4500 |    0.00        0.00
--------|----------------------------------------------------------------------------|-------|-------------|-------|-------|-------|-------|--------|-----------
         Aggregated                                                                      7301     1(0.01%) |     42       6    5955     11 |   24.70        0.00

[2026-09-05 02:38:21,243] servidor-proyectos/INFO/locust.main: --run-time limit reached, shutting down
[2026-09-05 02:38:21,362] servidor-proyectos/INFO/locust.main: Shutting down (exit code 1)
Type     Name                                                                          # reqs      # fails |    Avg     Min     Max    Med |   req/s  failures/s
--------|----------------------------------------------------------------------------|-------|-------------|-------|-------|-------|-------|--------|-----------
GET      GET /api/v1/reservas                                                            7286     1(0.01%) |     14       6     338     11 |   24.31        0.00
POST     POST /api/v1/auth/login                                                           50     0(0.00%) |   4090    1175    5955   4500 |    0.17        0.00
--------|----------------------------------------------------------------------------|-------|-------------|-------|-------|-------|-------|--------|-----------
         Aggregated                                                                      7336     1(0.01%) |     42       6    5955     11 |   24.47        0.00

Response time percentiles (approximated)
Type     Name                                                                                  50%    66%    75%    80%    90%    95%    98%    99%  99.9% 99.99%   100% # reqs
--------|--------------------------------------------------------------------------------|--------|------|------|------|------|------|------|------|------|------|------|------
GET      GET /api/v1/reservas                                                                   11     12     14     15     19     26     48     82    210    340    340   7286
POST     POST /api/v1/auth/login                                                              4500   4700   5000   5200   5400   5800   6000   6000   6000   6000   6000     50
--------|--------------------------------------------------------------------------------|--------|------|------|------|------|------|------|------|------|------|------|------
         Aggregated                                                                             11     13     14     15     19     28     65    170   5300   6000   6000   7336

Error report
# occurrences      Error                                                                                               
------------------|---------------------------------------------------------------------------------------------------------------------------------------------
1                  GET GET /api/v1/reservas: HTTP esperado 200, recibido 500                                           
------------------|---------------------------------------------------------------------------------------------------------------------------------------------

