[2026-09-05 02:03:19,427] servidor-proyectos/INFO/locust.main: Starting Locust 2.46.4
[2026-09-05 02:03:19,428] servidor-proyectos/INFO/locust.main: Run time limit set to 300 seconds
Type     Name                                                                          # reqs      # fails |    Avg     Min     Max    Med |   req/s  failures/s
--------|----------------------------------------------------------------------------|-------|-------------|-------|-------|-------|-------|--------|-----------
--------|----------------------------------------------------------------------------|-------|-------------|-------|-------|-------|-------|--------|-----------
         Aggregated                                                                         0     0(0.00%) |      0       0       0      0 |    0.00        0.00

[2026-09-05 02:03:19,430] servidor-proyectos/INFO/locust.runners: Ramping to 50 users at a rate of 10.00 per second
Type     Name                                                                          # reqs      # fails |    Avg     Min     Max    Med |   req/s  failures/s
--------|----------------------------------------------------------------------------|-------|-------------|-------|-------|-------|-------|--------|-----------
GET      GET /api/v1/reservas                                                               2     0(0.00%) |     10      10      11     11 |    0.00        0.00
POST     POST /api/v1/auth/login                                                            2     0(0.00%) |   1668    1505    1830   1505 |    0.00        0.00
--------|----------------------------------------------------------------------------|-------|-------------|-------|-------|-------|-------|--------|-----------
         Aggregated                                                                         4     0(0.00%) |    839      10    1830     11 |    0.00        0.00

Type     Name                                                                          # reqs      # fails |    Avg     Min     Max    Med |   req/s  failures/s
--------|----------------------------------------------------------------------------|-------|-------------|-------|-------|-------|-------|--------|-----------
GET      GET /api/v1/reservas                                                              10     0(0.00%) |     12      10      17     11 |    0.50        0.00
POST     POST /api/v1/auth/login                                                            9     0(0.00%) |   2703    1505    3847   2800 |    0.50        0.00
--------|----------------------------------------------------------------------------|-------|-------------|-------|-------|-------|-------|--------|-----------
         Aggregated                                                                        19     0(0.00%) |   1287      10    3847     17 |    1.00        0.00

[2026-09-05 02:03:23,435] servidor-proyectos/INFO/locust.runners: All users spawned: {"ReservasUser": 50} (50 total users)
Type     Name                                                                          # reqs      # fails |    Avg     Min     Max    Med |   req/s  failures/s
--------|----------------------------------------------------------------------------|-------|-------------|-------|-------|-------|-------|--------|-----------
GET      GET /api/v1/reservas                                                              27     0(0.00%) |     18      10      59     12 |    2.25        0.00
POST     POST /api/v1/auth/login                                                           15     0(0.00%) |   3265    1505    4939   3100 |    2.00        0.00
--------|----------------------------------------------------------------------------|-------|-------------|-------|-------|-------|-------|--------|-----------
         Aggregated                                                                        42     0(0.00%) |   1178      10    4939     17 |    4.25        0.00

Type     Name                                                                          # reqs      # fails |    Avg     Min     Max    Med |   req/s  failures/s
--------|----------------------------------------------------------------------------|-------|-------------|-------|-------|-------|-------|--------|-----------
GET      GET /api/v1/reservas                                                              63     0(0.00%) |     21       9     101     14 |    3.67        0.00
POST     POST /api/v1/auth/login                                                           37     0(0.00%) |   4333    1505    6324   4400 |    2.33        0.00
--------|----------------------------------------------------------------------------|-------|-------------|-------|-------|-------|-------|--------|-----------
         Aggregated                                                                       100     0(0.00%) |   1616       9    6324     27 |    6.00        0.00

Type     Name                                                                          # reqs      # fails |    Avg     Min     Max    Med |   req/s  failures/s
--------|----------------------------------------------------------------------------|-------|-------------|-------|-------|-------|-------|--------|-----------
GET      GET /api/v1/reservas                                                             109     0(0.00%) |     23       9     110     16 |    6.75        0.00
POST     POST /api/v1/auth/login                                                           50     0(0.00%) |   4485    1505    6324   4600 |    4.00        0.00
--------|----------------------------------------------------------------------------|-------|-------------|-------|-------|-------|-------|--------|-----------
         Aggregated                                                                       159     0(0.00%) |   1426       9    6324     23 |   10.75        0.00

Type     Name                                                                          # reqs      # fails |    Avg     Min     Max    Med |   req/s  failures/s
--------|----------------------------------------------------------------------------|-------|-------------|-------|-------|-------|-------|--------|-----------
GET      GET /api/v1/reservas                                                             166     0(0.00%) |     20       8     110     14 |   10.20        0.00
POST     POST /api/v1/auth/login                                                           50     0(0.00%) |   4485    1505    6324   4600 |    5.00        0.00
--------|----------------------------------------------------------------------------|-------|-------------|-------|-------|-------|-------|--------|-----------
         Aggregated                                                                       216     0(0.00%) |   1053       8    6324     17 |   15.20        0.00

Type     Name                                                                          # reqs      # fails |    Avg     Min     Max    Med |   req/s  failures/s
--------|----------------------------------------------------------------------------|-------|-------------|-------|-------|-------|-------|--------|-----------
GET      GET /api/v1/reservas                                                             217     0(0.00%) |     18       7     110     13 |   15.20        0.00
POST     POST /api/v1/auth/login                                                           50     0(0.00%) |   4485    1505    6324   4600 |    4.90        0.00
--------|----------------------------------------------------------------------------|-------|-------------|-------|-------|-------|-------|--------|-----------
         Aggregated                                                                       267     0(0.00%) |    854       7    6324     14 |   20.10        0.00

Type     Name                                                                          # reqs      # fails |    Avg     Min     Max    Med |   req/s  failures/s
--------|----------------------------------------------------------------------------|-------|-------------|-------|-------|-------|-------|--------|-----------
GET      GET /api/v1/reservas                                                             264     0(0.00%) |     16       7     110     12 |   19.30        0.00
POST     POST /api/v1/auth/login                                                           50     0(0.00%) |   4485    1505    6324   4600 |    4.20        0.00
--------|----------------------------------------------------------------------------|-------|-------------|-------|-------|-------|-------|--------|-----------
         Aggregated                                                                       314     0(0.00%) |    728       7    6324     13 |   23.50        0.00

Type     Name                                                                          # reqs      # fails |    Avg     Min     Max    Med |   req/s  failures/s
--------|----------------------------------------------------------------------------|-------|-------------|-------|-------|-------|-------|--------|-----------
GET      GET /api/v1/reservas                                                             314     0(0.00%) |     16       7     110     12 |   23.20        0.00
POST     POST /api/v1/auth/login                                                           50     0(0.00%) |   4485    1505    6324   4600 |    3.60        0.00
--------|----------------------------------------------------------------------------|-------|-------------|-------|-------|-------|-------|--------|-----------
         Aggregated                                                                       364     0(0.00%) |    629       7    6324     12 |   26.80        0.00

Type     Name                                                                          # reqs      # fails |    Avg     Min     Max    Med |   req/s  failures/s
--------|----------------------------------------------------------------------------|-------|-------------|-------|-------|-------|-------|--------|-----------
GET      GET /api/v1/reservas                                                             364     0(0.00%) |     15       7     110     12 |   24.80        0.00
POST     POST /api/v1/auth/login                                                           50     0(0.00%) |   4485    1505    6324   4600 |    1.80        0.00
--------|----------------------------------------------------------------------------|-------|-------------|-------|-------|-------|-------|--------|-----------
         Aggregated                                                                       414     0(0.00%) |    555       7    6324     12 |   26.60        0.00

Type     Name                                                                          # reqs      # fails |    Avg     Min     Max    Med |   req/s  failures/s
--------|----------------------------------------------------------------------------|-------|-------------|-------|-------|-------|-------|--------|-----------
GET      GET /api/v1/reservas                                                             417     0(0.00%) |     15       7     110     12 |   25.50        0.00
POST     POST /api/v1/auth/login                                                           50     0(0.00%) |   4485    1505    6324   4600 |    0.00        0.00
--------|----------------------------------------------------------------------------|-------|-------------|-------|-------|-------|-------|--------|-----------
         Aggregated                                                                       467     0(0.00%) |    494       7    6324     12 |   25.50        0.00

Type     Name                                                                          # reqs      # fails |    Avg     Min     Max    Med |   req/s  failures/s
--------|----------------------------------------------------------------------------|-------|-------------|-------|-------|-------|-------|--------|-----------
GET      GET /api/v1/reservas                                                             473     0(0.00%) |     15       7     110     12 |   25.10        0.00
POST     POST /api/v1/auth/login                                                           50     0(0.00%) |   4485    1505    6324   4600 |    0.00        0.00
--------|----------------------------------------------------------------------------|-------|-------------|-------|-------|-------|-------|--------|-----------
         Aggregated                                                                       523     0(0.00%) |    443       7    6324     13 |   25.10        0.00

Type     Name                                                                          # reqs      # fails |    Avg     Min     Max    Med |   req/s  failures/s
--------|----------------------------------------------------------------------------|-------|-------------|-------|-------|-------|-------|--------|-----------
GET      GET /api/v1/reservas                                                             525     0(0.00%) |     15       7     110     12 |   25.60        0.00
POST     POST /api/v1/auth/login                                                           50     0(0.00%) |   4485    1505    6324   4600 |    0.00        0.00
--------|----------------------------------------------------------------------------|-------|-------------|-------|-------|-------|-------|--------|-----------
         Aggregated                                                                       575     0(0.00%) |    404       7    6324     12 |   25.60        0.00

Type     Name                                                                          # reqs      # fails |    Avg     Min     Max    Med |   req/s  failures/s
--------|----------------------------------------------------------------------------|-------|-------------|-------|-------|-------|-------|--------|-----------
GET      GET /api/v1/reservas                                                             574     0(0.00%) |     15       7     110     12 |   25.70        0.00
POST     POST /api/v1/auth/login                                                           50     0(0.00%) |   4485    1505    6324   4600 |    0.00        0.00
--------|----------------------------------------------------------------------------|-------|-------------|-------|-------|-------|-------|--------|-----------
         Aggregated                                                                       624     0(0.00%) |    373       7    6324     12 |   25.70        0.00

Type     Name                                                                          # reqs      # fails |    Avg     Min     Max    Med |   req/s  failures/s
--------|----------------------------------------------------------------------------|-------|-------------|-------|-------|-------|-------|--------|-----------
GET      GET /api/v1/reservas                                                             624     0(0.00%) |     15       7     110     12 |   25.80        0.00
POST     POST /api/v1/auth/login                                                           50     0(0.00%) |   4485    1505    6324   4600 |    0.00        0.00
--------|----------------------------------------------------------------------------|-------|-------------|-------|-------|-------|-------|--------|-----------
         Aggregated                                                                       674     0(0.00%) |    346       7    6324     12 |   25.80        0.00

Type     Name                                                                          # reqs      # fails |    Avg     Min     Max    Med |   req/s  failures/s
--------|----------------------------------------------------------------------------|-------|-------------|-------|-------|-------|-------|--------|-----------
GET      GET /api/v1/reservas                                                             672     0(0.00%) |     14       7     110     12 |   25.30        0.00
POST     POST /api/v1/auth/login                                                           50     0(0.00%) |   4485    1505    6324   4600 |    0.00        0.00
--------|----------------------------------------------------------------------------|-------|-------------|-------|-------|-------|-------|--------|-----------
         Aggregated                                                                       722     0(0.00%) |    324       7    6324     12 |   25.30        0.00

Type     Name                                                                          # reqs      # fails |    Avg     Min     Max    Med |   req/s  failures/s
--------|----------------------------------------------------------------------------|-------|-------------|-------|-------|-------|-------|--------|-----------
GET      GET /api/v1/reservas                                                             723     0(0.00%) |     14       7     110     12 |   25.80        0.00
POST     POST /api/v1/auth/login                                                           50     0(0.00%) |   4485    1505    6324   4600 |    0.00        0.00
--------|----------------------------------------------------------------------------|-------|-------------|-------|-------|-------|-------|--------|-----------
         Aggregated                                                                       773     0(0.00%) |    304       7    6324     12 |   25.80        0.00

Type     Name                                                                          # reqs      # fails |    Avg     Min     Max    Med |   req/s  failures/s
--------|----------------------------------------------------------------------------|-------|-------------|-------|-------|-------|-------|--------|-----------
GET      GET /api/v1/reservas                                                             772     0(0.00%) |     14       7     110     12 |   25.10        0.00
POST     POST /api/v1/auth/login                                                           50     0(0.00%) |   4485    1505    6324   4600 |    0.00        0.00
--------|----------------------------------------------------------------------------|-------|-------------|-------|-------|-------|-------|--------|-----------
         Aggregated                                                                       822     0(0.00%) |    286       7    6324     12 |   25.10        0.00

Type     Name                                                                          # reqs      # fails |    Avg     Min     Max    Med |   req/s  failures/s
--------|----------------------------------------------------------------------------|-------|-------------|-------|-------|-------|-------|--------|-----------
GET      GET /api/v1/reservas                                                             826     0(0.00%) |     14       7     110     12 |   24.90        0.00
POST     POST /api/v1/auth/login                                                           50     0(0.00%) |   4485    1505    6324   4600 |    0.00        0.00
--------|----------------------------------------------------------------------------|-------|-------------|-------|-------|-------|-------|--------|-----------
         Aggregated                                                                       876     0(0.00%) |    269       7    6324     12 |   24.90        0.00

Type     Name                                                                          # reqs      # fails |    Avg     Min     Max    Med |   req/s  failures/s
--------|----------------------------------------------------------------------------|-------|-------------|-------|-------|-------|-------|--------|-----------
GET      GET /api/v1/reservas                                                             864     0(0.00%) |     14       7     110     12 |   25.10        0.00
POST     POST /api/v1/auth/login                                                           50     0(0.00%) |   4485    1505    6324   4600 |    0.00        0.00
--------|----------------------------------------------------------------------------|-------|-------------|-------|-------|-------|-------|--------|-----------
         Aggregated                                                                       914     0(0.00%) |    259       7    6324     12 |   25.10        0.00

Type     Name                                                                          # reqs      # fails |    Avg     Min     Max    Med |   req/s  failures/s
--------|----------------------------------------------------------------------------|-------|-------------|-------|-------|-------|-------|--------|-----------
GET      GET /api/v1/reservas                                                             917     0(0.00%) |     14       7     110     12 |   24.60        0.00
POST     POST /api/v1/auth/login                                                           50     0(0.00%) |   4485    1505    6324   4600 |    0.00        0.00
--------|----------------------------------------------------------------------------|-------|-------------|-------|-------|-------|-------|--------|-----------
         Aggregated                                                                       967     0(0.00%) |    245       7    6324     12 |   24.60        0.00

Type     Name                                                                          # reqs      # fails |    Avg     Min     Max    Med |   req/s  failures/s
--------|----------------------------------------------------------------------------|-------|-------------|-------|-------|-------|-------|--------|-----------
GET      GET /api/v1/reservas                                                             967     0(0.00%) |     14       7     110     12 |   24.40        0.00
POST     POST /api/v1/auth/login                                                           50     0(0.00%) |   4485    1505    6324   4600 |    0.00        0.00
--------|----------------------------------------------------------------------------|-------|-------------|-------|-------|-------|-------|--------|-----------
         Aggregated                                                                      1017     0(0.00%) |    234       7    6324     12 |   24.40        0.00

Type     Name                                                                          # reqs      # fails |    Avg     Min     Max    Med |   req/s  failures/s
--------|----------------------------------------------------------------------------|-------|-------------|-------|-------|-------|-------|--------|-----------
GET      GET /api/v1/reservas                                                            1012     0(0.00%) |     14       7     110     12 |   24.60        0.00
POST     POST /api/v1/auth/login                                                           50     0(0.00%) |   4485    1505    6324   4600 |    0.00        0.00
--------|----------------------------------------------------------------------------|-------|-------------|-------|-------|-------|-------|--------|-----------
         Aggregated                                                                      1062     0(0.00%) |    224       7    6324     12 |   24.60        0.00

Type     Name                                                                          # reqs      # fails |    Avg     Min     Max    Med |   req/s  failures/s
--------|----------------------------------------------------------------------------|-------|-------------|-------|-------|-------|-------|--------|-----------
GET      GET /api/v1/reservas                                                            1062     0(0.00%) |     14       7     110     12 |   24.00        0.00
POST     POST /api/v1/auth/login                                                           50     0(0.00%) |   4485    1505    6324   4600 |    0.00        0.00
--------|----------------------------------------------------------------------------|-------|-------------|-------|-------|-------|-------|--------|-----------
         Aggregated                                                                      1112     0(0.00%) |    215       7    6324     12 |   24.00        0.00

Type     Name                                                                          # reqs      # fails |    Avg     Min     Max    Med |   req/s  failures/s
--------|----------------------------------------------------------------------------|-------|-------------|-------|-------|-------|-------|--------|-----------
GET      GET /api/v1/reservas                                                            1113     0(0.00%) |     14       7     110     12 |   24.10        0.00
POST     POST /api/v1/auth/login                                                           50     0(0.00%) |   4485    1505    6324   4600 |    0.00        0.00
--------|----------------------------------------------------------------------------|-------|-------------|-------|-------|-------|-------|--------|-----------
         Aggregated                                                                      1163     0(0.00%) |    206       7    6324     12 |   24.10        0.00

Type     Name                                                                          # reqs      # fails |    Avg     Min     Max    Med |   req/s  failures/s
--------|----------------------------------------------------------------------------|-------|-------------|-------|-------|-------|-------|--------|-----------
GET      GET /api/v1/reservas                                                            1162     0(0.00%) |     14       7     110     12 |   24.50        0.00
POST     POST /api/v1/auth/login                                                           50     0(0.00%) |   4485    1505    6324   4600 |    0.00        0.00
--------|----------------------------------------------------------------------------|-------|-------------|-------|-------|-------|-------|--------|-----------
         Aggregated                                                                      1212     0(0.00%) |    198       7    6324     12 |   24.50        0.00

Type     Name                                                                          # reqs      # fails |    Avg     Min     Max    Med |   req/s  failures/s
--------|----------------------------------------------------------------------------|-------|-------------|-------|-------|-------|-------|--------|-----------
GET      GET /api/v1/reservas                                                            1214     0(0.00%) |     14       7     110     12 |   24.60        0.00
POST     POST /api/v1/auth/login                                                           50     0(0.00%) |   4485    1505    6324   4600 |    0.00        0.00
--------|----------------------------------------------------------------------------|-------|-------------|-------|-------|-------|-------|--------|-----------
         Aggregated                                                                      1264     0(0.00%) |    191       7    6324     12 |   24.60        0.00

Type     Name                                                                          # reqs      # fails |    Avg     Min     Max    Med |   req/s  failures/s
--------|----------------------------------------------------------------------------|-------|-------------|-------|-------|-------|-------|--------|-----------
GET      GET /api/v1/reservas                                                            1262     0(0.00%) |     14       7     110     12 |   24.80        0.00
POST     POST /api/v1/auth/login                                                           50     0(0.00%) |   4485    1505    6324   4600 |    0.00        0.00
--------|----------------------------------------------------------------------------|-------|-------------|-------|-------|-------|-------|--------|-----------
         Aggregated                                                                      1312     0(0.00%) |    184       7    6324     12 |   24.80        0.00

Type     Name                                                                          # reqs      # fails |    Avg     Min     Max    Med |   req/s  failures/s
--------|----------------------------------------------------------------------------|-------|-------------|-------|-------|-------|-------|--------|-----------
GET      GET /api/v1/reservas                                                            1313     0(0.00%) |     13       7     110     12 |   25.10        0.00
POST     POST /api/v1/auth/login                                                           50     0(0.00%) |   4485    1505    6324   4600 |    0.00        0.00
--------|----------------------------------------------------------------------------|-------|-------------|-------|-------|-------|-------|--------|-----------
         Aggregated                                                                      1363     0(0.00%) |    178       7    6324     12 |   25.10        0.00

Type     Name                                                                          # reqs      # fails |    Avg     Min     Max    Med |   req/s  failures/s
--------|----------------------------------------------------------------------------|-------|-------------|-------|-------|-------|-------|--------|-----------
GET      GET /api/v1/reservas                                                            1360     0(0.00%) |     13       7     110     12 |   24.70        0.00
POST     POST /api/v1/auth/login                                                           50     0(0.00%) |   4485    1505    6324   4600 |    0.00        0.00
--------|----------------------------------------------------------------------------|-------|-------------|-------|-------|-------|-------|--------|-----------
         Aggregated                                                                      1410     0(0.00%) |    172       7    6324     12 |   24.70        0.00

Type     Name                                                                          # reqs      # fails |    Avg     Min     Max    Med |   req/s  failures/s
--------|----------------------------------------------------------------------------|-------|-------------|-------|-------|-------|-------|--------|-----------
GET      GET /api/v1/reservas                                                            1407     0(0.00%) |     13       7     110     12 |   24.90        0.00
POST     POST /api/v1/auth/login                                                           50     0(0.00%) |   4485    1505    6324   4600 |    0.00        0.00
--------|----------------------------------------------------------------------------|-------|-------------|-------|-------|-------|-------|--------|-----------
         Aggregated                                                                      1457     0(0.00%) |    167       7    6324     12 |   24.90        0.00

Type     Name                                                                          # reqs      # fails |    Avg     Min     Max    Med |   req/s  failures/s
--------|----------------------------------------------------------------------------|-------|-------------|-------|-------|-------|-------|--------|-----------
GET      GET /api/v1/reservas                                                            1461     0(0.00%) |     13       7     110     12 |   24.90        0.00
POST     POST /api/v1/auth/login                                                           50     0(0.00%) |   4485    1505    6324   4600 |    0.00        0.00
--------|----------------------------------------------------------------------------|-------|-------------|-------|-------|-------|-------|--------|-----------
         Aggregated                                                                      1511     0(0.00%) |    161       7    6324     12 |   24.90        0.00

Type     Name                                                                          # reqs      # fails |    Avg     Min     Max    Med |   req/s  failures/s
--------|----------------------------------------------------------------------------|-------|-------------|-------|-------|-------|-------|--------|-----------
GET      GET /api/v1/reservas                                                            1514     0(0.00%) |     14       7     110     12 |   24.60        0.00
POST     POST /api/v1/auth/login                                                           50     0(0.00%) |   4485    1505    6324   4600 |    0.00        0.00
--------|----------------------------------------------------------------------------|-------|-------------|-------|-------|-------|-------|--------|-----------
         Aggregated                                                                      1564     0(0.00%) |    157       7    6324     12 |   24.60        0.00

Type     Name                                                                          # reqs      # fails |    Avg     Min     Max    Med |   req/s  failures/s
--------|----------------------------------------------------------------------------|-------|-------------|-------|-------|-------|-------|--------|-----------
GET      GET /api/v1/reservas                                                            1560     0(0.00%) |     13       7     110     12 |   25.20        0.00
POST     POST /api/v1/auth/login                                                           50     0(0.00%) |   4485    1505    6324   4600 |    0.00        0.00
--------|----------------------------------------------------------------------------|-------|-------------|-------|-------|-------|-------|--------|-----------
         Aggregated                                                                      1610     0(0.00%) |    152       7    6324     12 |   25.20        0.00

Type     Name                                                                          # reqs      # fails |    Avg     Min     Max    Med |   req/s  failures/s
--------|----------------------------------------------------------------------------|-------|-------------|-------|-------|-------|-------|--------|-----------
GET      GET /api/v1/reservas                                                            1611     0(0.00%) |     14       7     110     12 |   24.60        0.00
POST     POST /api/v1/auth/login                                                           50     0(0.00%) |   4485    1505    6324   4600 |    0.00        0.00
--------|----------------------------------------------------------------------------|-------|-------------|-------|-------|-------|-------|--------|-----------
         Aggregated                                                                      1661     0(0.00%) |    149       7    6324     12 |   24.60        0.00

Type     Name                                                                          # reqs      # fails |    Avg     Min     Max    Med |   req/s  failures/s
--------|----------------------------------------------------------------------------|-------|-------------|-------|-------|-------|-------|--------|-----------
GET      GET /api/v1/reservas                                                            1657     0(0.00%) |     14       7     110     12 |   24.40        0.00
POST     POST /api/v1/auth/login                                                           50     0(0.00%) |   4485    1505    6324   4600 |    0.00        0.00
--------|----------------------------------------------------------------------------|-------|-------------|-------|-------|-------|-------|--------|-----------
         Aggregated                                                                      1707     0(0.00%) |    145       7    6324     12 |   24.40        0.00

Type     Name                                                                          # reqs      # fails |    Avg     Min     Max    Med |   req/s  failures/s
--------|----------------------------------------------------------------------------|-------|-------------|-------|-------|-------|-------|--------|-----------
GET      GET /api/v1/reservas                                                            1707     0(0.00%) |     14       7     110     12 |   24.20        0.00
POST     POST /api/v1/auth/login                                                           50     0(0.00%) |   4485    1505    6324   4600 |    0.00        0.00
--------|----------------------------------------------------------------------------|-------|-------------|-------|-------|-------|-------|--------|-----------
         Aggregated                                                                      1757     0(0.00%) |    141       7    6324     12 |   24.20        0.00

Type     Name                                                                          # reqs      # fails |    Avg     Min     Max    Med |   req/s  failures/s
--------|----------------------------------------------------------------------------|-------|-------------|-------|-------|-------|-------|--------|-----------
GET      GET /api/v1/reservas                                                            1759     0(0.00%) |     14       7     110     12 |   24.80        0.00
POST     POST /api/v1/auth/login                                                           50     0(0.00%) |   4485    1505    6324   4600 |    0.00        0.00
--------|----------------------------------------------------------------------------|-------|-------------|-------|-------|-------|-------|--------|-----------
         Aggregated                                                                      1809     0(0.00%) |    137       7    6324     12 |   24.80        0.00

Type     Name                                                                          # reqs      # fails |    Avg     Min     Max    Med |   req/s  failures/s
--------|----------------------------------------------------------------------------|-------|-------------|-------|-------|-------|-------|--------|-----------
GET      GET /api/v1/reservas                                                            1809     0(0.00%) |     14       7     110     12 |   24.10        0.00
POST     POST /api/v1/auth/login                                                           50     0(0.00%) |   4485    1505    6324   4600 |    0.00        0.00
--------|----------------------------------------------------------------------------|-------|-------------|-------|-------|-------|-------|--------|-----------
         Aggregated                                                                      1859     0(0.00%) |    134       7    6324     12 |   24.10        0.00

Type     Name                                                                          # reqs      # fails |    Avg     Min     Max    Med |   req/s  failures/s
--------|----------------------------------------------------------------------------|-------|-------------|-------|-------|-------|-------|--------|-----------
GET      GET /api/v1/reservas                                                            1859     0(0.00%) |     14       7     110     12 |   25.00        0.00
POST     POST /api/v1/auth/login                                                           50     0(0.00%) |   4485    1505    6324   4600 |    0.00        0.00
--------|----------------------------------------------------------------------------|-------|-------------|-------|-------|-------|-------|--------|-----------
         Aggregated                                                                      1909     0(0.00%) |    131       7    6324     12 |   25.00        0.00

Type     Name                                                                          # reqs      # fails |    Avg     Min     Max    Med |   req/s  failures/s
--------|----------------------------------------------------------------------------|-------|-------------|-------|-------|-------|-------|--------|-----------
GET      GET /api/v1/reservas                                                            1908     0(0.00%) |     14       7     110     12 |   25.40        0.00
POST     POST /api/v1/auth/login                                                           50     0(0.00%) |   4485    1505    6324   4600 |    0.00        0.00
--------|----------------------------------------------------------------------------|-------|-------------|-------|-------|-------|-------|--------|-----------
         Aggregated                                                                      1958     0(0.00%) |    128       7    6324     12 |   25.40        0.00

Type     Name                                                                          # reqs      # fails |    Avg     Min     Max    Med |   req/s  failures/s
--------|----------------------------------------------------------------------------|-------|-------------|-------|-------|-------|-------|--------|-----------
GET      GET /api/v1/reservas                                                            1959     0(0.00%) |     14       7     110     12 |   25.60        0.00
POST     POST /api/v1/auth/login                                                           50     0(0.00%) |   4485    1505    6324   4600 |    0.00        0.00
--------|----------------------------------------------------------------------------|-------|-------------|-------|-------|-------|-------|--------|-----------
         Aggregated                                                                      2009     0(0.00%) |    125       7    6324     12 |   25.60        0.00

Type     Name                                                                          # reqs      # fails |    Avg     Min     Max    Med |   req/s  failures/s
--------|----------------------------------------------------------------------------|-------|-------------|-------|-------|-------|-------|--------|-----------
GET      GET /api/v1/reservas                                                            2013     0(0.00%) |     14       7     110     12 |   24.70        0.00
POST     POST /api/v1/auth/login                                                           50     0(0.00%) |   4485    1505    6324   4600 |    0.00        0.00
--------|----------------------------------------------------------------------------|-------|-------------|-------|-------|-------|-------|--------|-----------
         Aggregated                                                                      2063     0(0.00%) |    122       7    6324     12 |   24.70        0.00

Type     Name                                                                          # reqs      # fails |    Avg     Min     Max    Med |   req/s  failures/s
--------|----------------------------------------------------------------------------|-------|-------------|-------|-------|-------|-------|--------|-----------
GET      GET /api/v1/reservas                                                            2060     0(0.00%) |     14       7     110     12 |   24.90        0.00
POST     POST /api/v1/auth/login                                                           50     0(0.00%) |   4485    1505    6324   4600 |    0.00        0.00
--------|----------------------------------------------------------------------------|-------|-------------|-------|-------|-------|-------|--------|-----------
         Aggregated                                                                      2110     0(0.00%) |    120       7    6324     12 |   24.90        0.00

Type     Name                                                                          # reqs      # fails |    Avg     Min     Max    Med |   req/s  failures/s
--------|----------------------------------------------------------------------------|-------|-------------|-------|-------|-------|-------|--------|-----------
GET      GET /api/v1/reservas                                                            2112     0(0.00%) |     14       7     110     12 |   25.40        0.00
POST     POST /api/v1/auth/login                                                           50     0(0.00%) |   4485    1505    6324   4600 |    0.00        0.00
--------|----------------------------------------------------------------------------|-------|-------------|-------|-------|-------|-------|--------|-----------
         Aggregated                                                                      2162     0(0.00%) |    117       7    6324     12 |   25.40        0.00

Type     Name                                                                          # reqs      # fails |    Avg     Min     Max    Med |   req/s  failures/s
--------|----------------------------------------------------------------------------|-------|-------------|-------|-------|-------|-------|--------|-----------
GET      GET /api/v1/reservas                                                            2158     0(0.00%) |     13       7     110     12 |   24.90        0.00
POST     POST /api/v1/auth/login                                                           50     0(0.00%) |   4485    1505    6324   4600 |    0.00        0.00
--------|----------------------------------------------------------------------------|-------|-------------|-------|-------|-------|-------|--------|-----------
         Aggregated                                                                      2208     0(0.00%) |    115       7    6324     12 |   24.90        0.00

Type     Name                                                                          # reqs      # fails |    Avg     Min     Max    Med |   req/s  failures/s
--------|----------------------------------------------------------------------------|-------|-------------|-------|-------|-------|-------|--------|-----------
GET      GET /api/v1/reservas                                                            2210     0(0.00%) |     13       7     110     12 |   24.80        0.00
POST     POST /api/v1/auth/login                                                           50     0(0.00%) |   4485    1505    6324   4600 |    0.00        0.00
--------|----------------------------------------------------------------------------|-------|-------------|-------|-------|-------|-------|--------|-----------
         Aggregated                                                                      2260     0(0.00%) |    112       7    6324     12 |   24.80        0.00

Type     Name                                                                          # reqs      # fails |    Avg     Min     Max    Med |   req/s  failures/s
--------|----------------------------------------------------------------------------|-------|-------------|-------|-------|-------|-------|--------|-----------
GET      GET /api/v1/reservas                                                            2264     0(0.00%) |     13       7     110     12 |   25.50        0.00
POST     POST /api/v1/auth/login                                                           50     0(0.00%) |   4485    1505    6324   4600 |    0.00        0.00
--------|----------------------------------------------------------------------------|-------|-------------|-------|-------|-------|-------|--------|-----------
         Aggregated                                                                      2314     0(0.00%) |    110       7    6324     12 |   25.50        0.00

Type     Name                                                                          # reqs      # fails |    Avg     Min     Max    Med |   req/s  failures/s
--------|----------------------------------------------------------------------------|-------|-------------|-------|-------|-------|-------|--------|-----------
GET      GET /api/v1/reservas                                                            2313     0(0.00%) |     14       7     110     12 |   25.70        0.00
POST     POST /api/v1/auth/login                                                           50     0(0.00%) |   4485    1505    6324   4600 |    0.00        0.00
--------|----------------------------------------------------------------------------|-------|-------------|-------|-------|-------|-------|--------|-----------
         Aggregated                                                                      2363     0(0.00%) |    108       7    6324     12 |   25.70        0.00

Type     Name                                                                          # reqs      # fails |    Avg     Min     Max    Med |   req/s  failures/s
--------|----------------------------------------------------------------------------|-------|-------------|-------|-------|-------|-------|--------|-----------
GET      GET /api/v1/reservas                                                            2364     0(0.00%) |     13       7     110     12 |   25.40        0.00
POST     POST /api/v1/auth/login                                                           50     0(0.00%) |   4485    1505    6324   4600 |    0.00        0.00
--------|----------------------------------------------------------------------------|-------|-------------|-------|-------|-------|-------|--------|-----------
         Aggregated                                                                      2414     0(0.00%) |    106       7    6324     12 |   25.40        0.00

Type     Name                                                                          # reqs      # fails |    Avg     Min     Max    Med |   req/s  failures/s
--------|----------------------------------------------------------------------------|-------|-------------|-------|-------|-------|-------|--------|-----------
GET      GET /api/v1/reservas                                                            2412     0(0.00%) |     13       7     110     12 |   25.20        0.00
POST     POST /api/v1/auth/login                                                           50     0(0.00%) |   4485    1505    6324   4600 |    0.00        0.00
--------|----------------------------------------------------------------------------|-------|-------------|-------|-------|-------|-------|--------|-----------
         Aggregated                                                                      2462     0(0.00%) |    104       7    6324     12 |   25.20        0.00

Type     Name                                                                          # reqs      # fails |    Avg     Min     Max    Med |   req/s  failures/s
--------|----------------------------------------------------------------------------|-------|-------------|-------|-------|-------|-------|--------|-----------
GET      GET /api/v1/reservas                                                            2464     0(0.00%) |     14       7     110     12 |   24.60        0.00
POST     POST /api/v1/auth/login                                                           50     0(0.00%) |   4485    1505    6324   4600 |    0.00        0.00
--------|----------------------------------------------------------------------------|-------|-------------|-------|-------|-------|-------|--------|-----------
         Aggregated                                                                      2514     0(0.00%) |    102       7    6324     12 |   24.60        0.00

Type     Name                                                                          # reqs      # fails |    Avg     Min     Max    Med |   req/s  failures/s
--------|----------------------------------------------------------------------------|-------|-------------|-------|-------|-------|-------|--------|-----------
GET      GET /api/v1/reservas                                                            2505     2(0.08%) |     15       7     251     12 |   25.10        0.00
POST     POST /api/v1/auth/login                                                           50     0(0.00%) |   4485    1505    6324   4600 |    0.00        0.00
--------|----------------------------------------------------------------------------|-------|-------------|-------|-------|-------|-------|--------|-----------
         Aggregated                                                                      2555     2(0.08%) |    102       7    6324     12 |   25.10        0.00

Type     Name                                                                          # reqs      # fails |    Avg     Min     Max    Med |   req/s  failures/s
--------|----------------------------------------------------------------------------|-------|-------------|-------|-------|-------|-------|--------|-----------
GET      GET /api/v1/reservas                                                            2552     2(0.08%) |     16       7     378     12 |   24.30        0.20
POST     POST /api/v1/auth/login                                                           50     0(0.00%) |   4485    1505    6324   4600 |    0.00        0.00
--------|----------------------------------------------------------------------------|-------|-------------|-------|-------|-------|-------|--------|-----------
         Aggregated                                                                      2602     2(0.08%) |    102       7    6324     12 |   24.30        0.20

Type     Name                                                                          # reqs      # fails |    Avg     Min     Max    Med |   req/s  failures/s
--------|----------------------------------------------------------------------------|-------|-------------|-------|-------|-------|-------|--------|-----------
GET      GET /api/v1/reservas                                                            2598     4(0.15%) |     17       7     378     12 |   23.60        0.20
POST     POST /api/v1/auth/login                                                           50     0(0.00%) |   4485    1505    6324   4600 |    0.00        0.00
--------|----------------------------------------------------------------------------|-------|-------------|-------|-------|-------|-------|--------|-----------
         Aggregated                                                                      2648     4(0.15%) |    102       7    6324     12 |   23.60        0.20

Type     Name                                                                          # reqs      # fails |    Avg     Min     Max    Med |   req/s  failures/s
--------|----------------------------------------------------------------------------|-------|-------------|-------|-------|-------|-------|--------|-----------
GET      GET /api/v1/reservas                                                            2648     4(0.15%) |     17       7     378     12 |   24.10        0.40
POST     POST /api/v1/auth/login                                                           50     0(0.00%) |   4485    1505    6324   4600 |    0.00        0.00
--------|----------------------------------------------------------------------------|-------|-------------|-------|-------|-------|-------|--------|-----------
         Aggregated                                                                      2698     4(0.15%) |    100       7    6324     12 |   24.10        0.40

Type     Name                                                                          # reqs      # fails |    Avg     Min     Max    Med |   req/s  failures/s
--------|----------------------------------------------------------------------------|-------|-------------|-------|-------|-------|-------|--------|-----------
GET      GET /api/v1/reservas                                                            2701     4(0.15%) |     17       7     378     12 |   24.30        0.40
POST     POST /api/v1/auth/login                                                           50     0(0.00%) |   4485    1505    6324   4600 |    0.00        0.00
--------|----------------------------------------------------------------------------|-------|-------------|-------|-------|-------|-------|--------|-----------
         Aggregated                                                                      2751     4(0.15%) |     98       7    6324     12 |   24.30        0.40

Type     Name                                                                          # reqs      # fails |    Avg     Min     Max    Med |   req/s  failures/s
--------|----------------------------------------------------------------------------|-------|-------------|-------|-------|-------|-------|--------|-----------
GET      GET /api/v1/reservas                                                            2749     4(0.15%) |     17       7     378     12 |   24.10        0.40
POST     POST /api/v1/auth/login                                                           50     0(0.00%) |   4485    1505    6324   4600 |    0.00        0.00
--------|----------------------------------------------------------------------------|-------|-------------|-------|-------|-------|-------|--------|-----------
         Aggregated                                                                      2799     4(0.14%) |     97       7    6324     12 |   24.10        0.40

Type     Name                                                                          # reqs      # fails |    Avg     Min     Max    Med |   req/s  failures/s
--------|----------------------------------------------------------------------------|-------|-------------|-------|-------|-------|-------|--------|-----------
GET      GET /api/v1/reservas                                                            2801     4(0.14%) |     17       7     378     12 |   24.50        0.20
POST     POST /api/v1/auth/login                                                           50     0(0.00%) |   4485    1505    6324   4600 |    0.00        0.00
--------|----------------------------------------------------------------------------|-------|-------------|-------|-------|-------|-------|--------|-----------
         Aggregated                                                                      2851     4(0.14%) |     95       7    6324     12 |   24.50        0.20

Type     Name                                                                          # reqs      # fails |    Avg     Min     Max    Med |   req/s  failures/s
--------|----------------------------------------------------------------------------|-------|-------------|-------|-------|-------|-------|--------|-----------
GET      GET /api/v1/reservas                                                            2850     4(0.14%) |     17       7     378     12 |   25.10        0.20
POST     POST /api/v1/auth/login                                                           50     0(0.00%) |   4485    1505    6324   4600 |    0.00        0.00
--------|----------------------------------------------------------------------------|-------|-------------|-------|-------|-------|-------|--------|-----------
         Aggregated                                                                      2900     4(0.14%) |     94       7    6324     12 |   25.10        0.20

Type     Name                                                                          # reqs      # fails |    Avg     Min     Max    Med |   req/s  failures/s
--------|----------------------------------------------------------------------------|-------|-------------|-------|-------|-------|-------|--------|-----------
GET      GET /api/v1/reservas                                                            2890     4(0.14%) |     17       7     378     12 |   24.40        0.00
POST     POST /api/v1/auth/login                                                           50     0(0.00%) |   4485    1505    6324   4600 |    0.00        0.00
--------|----------------------------------------------------------------------------|-------|-------------|-------|-------|-------|-------|--------|-----------
         Aggregated                                                                      2940     4(0.14%) |     93       7    6324     12 |   24.40        0.00

Type     Name                                                                          # reqs      # fails |    Avg     Min     Max    Med |   req/s  failures/s
--------|----------------------------------------------------------------------------|-------|-------------|-------|-------|-------|-------|--------|-----------
GET      GET /api/v1/reservas                                                            2942     4(0.14%) |     17       7     378     12 |   24.60        0.00
POST     POST /api/v1/auth/login                                                           50     0(0.00%) |   4485    1505    6324   4600 |    0.00        0.00
--------|----------------------------------------------------------------------------|-------|-------------|-------|-------|-------|-------|--------|-----------
         Aggregated                                                                      2992     4(0.13%) |     91       7    6324     12 |   24.60        0.00

Type     Name                                                                          # reqs      # fails |    Avg     Min     Max    Med |   req/s  failures/s
--------|----------------------------------------------------------------------------|-------|-------------|-------|-------|-------|-------|--------|-----------
GET      GET /api/v1/reservas                                                            2990     4(0.13%) |     17       7     378     12 |   23.90        0.00
POST     POST /api/v1/auth/login                                                           50     0(0.00%) |   4485    1505    6324   4600 |    0.00        0.00
--------|----------------------------------------------------------------------------|-------|-------------|-------|-------|-------|-------|--------|-----------
         Aggregated                                                                      3040     4(0.13%) |     90       7    6324     12 |   23.90        0.00

Type     Name                                                                          # reqs      # fails |    Avg     Min     Max    Med |   req/s  failures/s
--------|----------------------------------------------------------------------------|-------|-------------|-------|-------|-------|-------|--------|-----------
GET      GET /api/v1/reservas                                                            3039     4(0.13%) |     17       7     378     12 |   23.80        0.00
POST     POST /api/v1/auth/login                                                           50     0(0.00%) |   4485    1505    6324   4600 |    0.00        0.00
--------|----------------------------------------------------------------------------|-------|-------------|-------|-------|-------|-------|--------|-----------
         Aggregated                                                                      3089     4(0.13%) |     89       7    6324     12 |   23.80        0.00

Type     Name                                                                          # reqs      # fails |    Avg     Min     Max    Med |   req/s  failures/s
--------|----------------------------------------------------------------------------|-------|-------------|-------|-------|-------|-------|--------|-----------
GET      GET /api/v1/reservas                                                            3084     4(0.13%) |     17       7     378     12 |   23.60        0.00
POST     POST /api/v1/auth/login                                                           50     0(0.00%) |   4485    1505    6324   4600 |    0.00        0.00
--------|----------------------------------------------------------------------------|-------|-------------|-------|-------|-------|-------|--------|-----------
         Aggregated                                                                      3134     4(0.13%) |     88       7    6324     12 |   23.60        0.00

Type     Name                                                                          # reqs      # fails |    Avg     Min     Max    Med |   req/s  failures/s
--------|----------------------------------------------------------------------------|-------|-------------|-------|-------|-------|-------|--------|-----------
GET      GET /api/v1/reservas                                                            3138     4(0.13%) |     16       7     378     12 |   23.90        0.00
POST     POST /api/v1/auth/login                                                           50     0(0.00%) |   4485    1505    6324   4600 |    0.00        0.00
--------|----------------------------------------------------------------------------|-------|-------------|-------|-------|-------|-------|--------|-----------
         Aggregated                                                                      3188     4(0.13%) |     87       7    6324     12 |   23.90        0.00

Type     Name                                                                          # reqs      # fails |    Avg     Min     Max    Med |   req/s  failures/s
--------|----------------------------------------------------------------------------|-------|-------------|-------|-------|-------|-------|--------|-----------
GET      GET /api/v1/reservas                                                            3183     4(0.13%) |     16       7     378     12 |   23.80        0.00
POST     POST /api/v1/auth/login                                                           50     0(0.00%) |   4485    1505    6324   4600 |    0.00        0.00
--------|----------------------------------------------------------------------------|-------|-------------|-------|-------|-------|-------|--------|-----------
         Aggregated                                                                      3233     4(0.12%) |     86       7    6324     12 |   23.80        0.00

Type     Name                                                                          # reqs      # fails |    Avg     Min     Max    Med |   req/s  failures/s
--------|----------------------------------------------------------------------------|-------|-------------|-------|-------|-------|-------|--------|-----------
GET      GET /api/v1/reservas                                                            3232     4(0.12%) |     16       7     378     12 |   23.90        0.00
POST     POST /api/v1/auth/login                                                           50     0(0.00%) |   4485    1505    6324   4600 |    0.00        0.00
--------|----------------------------------------------------------------------------|-------|-------------|-------|-------|-------|-------|--------|-----------
         Aggregated                                                                      3282     4(0.12%) |     84       7    6324     12 |   23.90        0.00

Type     Name                                                                          # reqs      # fails |    Avg     Min     Max    Med |   req/s  failures/s
--------|----------------------------------------------------------------------------|-------|-------------|-------|-------|-------|-------|--------|-----------
GET      GET /api/v1/reservas                                                            3283     4(0.12%) |     16       7     378     12 |   24.40        0.00
POST     POST /api/v1/auth/login                                                           50     0(0.00%) |   4485    1505    6324   4600 |    0.00        0.00
--------|----------------------------------------------------------------------------|-------|-------------|-------|-------|-------|-------|--------|-----------
         Aggregated                                                                      3333     4(0.12%) |     83       7    6324     12 |   24.40        0.00

Type     Name                                                                          # reqs      # fails |    Avg     Min     Max    Med |   req/s  failures/s
--------|----------------------------------------------------------------------------|-------|-------------|-------|-------|-------|-------|--------|-----------
GET      GET /api/v1/reservas                                                            3337     4(0.12%) |     16       7     378     12 |   24.50        0.00
POST     POST /api/v1/auth/login                                                           50     0(0.00%) |   4485    1505    6324   4600 |    0.00        0.00
--------|----------------------------------------------------------------------------|-------|-------------|-------|-------|-------|-------|--------|-----------
         Aggregated                                                                      3387     4(0.12%) |     82       7    6324     12 |   24.50        0.00

Type     Name                                                                          # reqs      # fails |    Avg     Min     Max    Med |   req/s  failures/s
--------|----------------------------------------------------------------------------|-------|-------------|-------|-------|-------|-------|--------|-----------
GET      GET /api/v1/reservas                                                            3382     4(0.12%) |     16       7     378     12 |   24.20        0.00
POST     POST /api/v1/auth/login                                                           50     0(0.00%) |   4485    1505    6324   4600 |    0.00        0.00
--------|----------------------------------------------------------------------------|-------|-------------|-------|-------|-------|-------|--------|-----------
         Aggregated                                                                      3432     4(0.12%) |     81       7    6324     12 |   24.20        0.00

Type     Name                                                                          # reqs      # fails |    Avg     Min     Max    Med |   req/s  failures/s
--------|----------------------------------------------------------------------------|-------|-------------|-------|-------|-------|-------|--------|-----------
GET      GET /api/v1/reservas                                                            3430     4(0.12%) |     16       7     378     12 |   24.70        0.00
POST     POST /api/v1/auth/login                                                           50     0(0.00%) |   4485    1505    6324   4600 |    0.00        0.00
--------|----------------------------------------------------------------------------|-------|-------------|-------|-------|-------|-------|--------|-----------
         Aggregated                                                                      3480     4(0.11%) |     80       7    6324     12 |   24.70        0.00

Type     Name                                                                          # reqs      # fails |    Avg     Min     Max    Med |   req/s  failures/s
--------|----------------------------------------------------------------------------|-------|-------------|-------|-------|-------|-------|--------|-----------
GET      GET /api/v1/reservas                                                            3481     4(0.11%) |     16       7     378     12 |   25.10        0.00
POST     POST /api/v1/auth/login                                                           50     0(0.00%) |   4485    1505    6324   4600 |    0.00        0.00
--------|----------------------------------------------------------------------------|-------|-------------|-------|-------|-------|-------|--------|-----------
         Aggregated                                                                      3531     4(0.11%) |     79       7    6324     12 |   25.10        0.00

Type     Name                                                                          # reqs      # fails |    Avg     Min     Max    Med |   req/s  failures/s
--------|----------------------------------------------------------------------------|-------|-------------|-------|-------|-------|-------|--------|-----------
GET      GET /api/v1/reservas                                                            3527     4(0.11%) |     16       7     378     12 |   24.80        0.00
POST     POST /api/v1/auth/login                                                           50     0(0.00%) |   4485    1505    6324   4600 |    0.00        0.00
--------|----------------------------------------------------------------------------|-------|-------------|-------|-------|-------|-------|--------|-----------
         Aggregated                                                                      3577     4(0.11%) |     78       7    6324     12 |   24.80        0.00

Type     Name                                                                          # reqs      # fails |    Avg     Min     Max    Med |   req/s  failures/s
--------|----------------------------------------------------------------------------|-------|-------------|-------|-------|-------|-------|--------|-----------
GET      GET /api/v1/reservas                                                            3583     4(0.11%) |     16       7     378     12 |   24.10        0.00
POST     POST /api/v1/auth/login                                                           50     0(0.00%) |   4485    1505    6324   4600 |    0.00        0.00
--------|----------------------------------------------------------------------------|-------|-------------|-------|-------|-------|-------|--------|-----------
         Aggregated                                                                      3633     4(0.11%) |     77       7    6324     12 |   24.10        0.00

Type     Name                                                                          # reqs      # fails |    Avg     Min     Max    Med |   req/s  failures/s
--------|----------------------------------------------------------------------------|-------|-------------|-------|-------|-------|-------|--------|-----------
GET      GET /api/v1/reservas                                                            3632     4(0.11%) |     16       7     378     12 |   25.60        0.00
POST     POST /api/v1/auth/login                                                           50     0(0.00%) |   4485    1505    6324   4600 |    0.00        0.00
--------|----------------------------------------------------------------------------|-------|-------------|-------|-------|-------|-------|--------|-----------
         Aggregated                                                                      3682     4(0.11%) |     77       7    6324     12 |   25.60        0.00

Type     Name                                                                          # reqs      # fails |    Avg     Min     Max    Med |   req/s  failures/s
--------|----------------------------------------------------------------------------|-------|-------------|-------|-------|-------|-------|--------|-----------
GET      GET /api/v1/reservas                                                            3681     4(0.11%) |     16       7     378     12 |   25.20        0.00
POST     POST /api/v1/auth/login                                                           50     0(0.00%) |   4485    1505    6324   4600 |    0.00        0.00
--------|----------------------------------------------------------------------------|-------|-------------|-------|-------|-------|-------|--------|-----------
         Aggregated                                                                      3731     4(0.11%) |     76       7    6324     12 |   25.20        0.00

Type     Name                                                                          # reqs      # fails |    Avg     Min     Max    Med |   req/s  failures/s
--------|----------------------------------------------------------------------------|-------|-------------|-------|-------|-------|-------|--------|-----------
GET      GET /api/v1/reservas                                                            3731     4(0.11%) |     16       7     378     12 |   24.40        0.00
POST     POST /api/v1/auth/login                                                           50     0(0.00%) |   4485    1505    6324   4600 |    0.00        0.00
--------|----------------------------------------------------------------------------|-------|-------------|-------|-------|-------|-------|--------|-----------
         Aggregated                                                                      3781     4(0.11%) |     75       7    6324     12 |   24.40        0.00

Type     Name                                                                          # reqs      # fails |    Avg     Min     Max    Med |   req/s  failures/s
--------|----------------------------------------------------------------------------|-------|-------------|-------|-------|-------|-------|--------|-----------
GET      GET /api/v1/reservas                                                            3781     4(0.11%) |     16       7     378     12 |   24.80        0.00
POST     POST /api/v1/auth/login                                                           50     0(0.00%) |   4485    1505    6324   4600 |    0.00        0.00
--------|----------------------------------------------------------------------------|-------|-------------|-------|-------|-------|-------|--------|-----------
         Aggregated                                                                      3831     4(0.10%) |     74       7    6324     12 |   24.80        0.00

Type     Name                                                                          # reqs      # fails |    Avg     Min     Max    Med |   req/s  failures/s
--------|----------------------------------------------------------------------------|-------|-------------|-------|-------|-------|-------|--------|-----------
GET      GET /api/v1/reservas                                                            3836     4(0.10%) |     16       7     378     12 |   25.40        0.00
POST     POST /api/v1/auth/login                                                           50     0(0.00%) |   4485    1505    6324   4600 |    0.00        0.00
--------|----------------------------------------------------------------------------|-------|-------------|-------|-------|-------|-------|--------|-----------
         Aggregated                                                                      3886     4(0.10%) |     73       7    6324     12 |   25.40        0.00

Type     Name                                                                          # reqs      # fails |    Avg     Min     Max    Med |   req/s  failures/s
--------|----------------------------------------------------------------------------|-------|-------------|-------|-------|-------|-------|--------|-----------
GET      GET /api/v1/reservas                                                            3884     4(0.10%) |     16       7     378     12 |   25.00        0.00
POST     POST /api/v1/auth/login                                                           50     0(0.00%) |   4485    1505    6324   4600 |    0.00        0.00
--------|----------------------------------------------------------------------------|-------|-------------|-------|-------|-------|-------|--------|-----------
         Aggregated                                                                      3934     4(0.10%) |     72       7    6324     12 |   25.00        0.00

Type     Name                                                                          # reqs      # fails |    Avg     Min     Max    Med |   req/s  failures/s
--------|----------------------------------------------------------------------------|-------|-------------|-------|-------|-------|-------|--------|-----------
GET      GET /api/v1/reservas                                                            3930     4(0.10%) |     16       7     378     12 |   24.90        0.00
POST     POST /api/v1/auth/login                                                           50     0(0.00%) |   4485    1505    6324   4600 |    0.00        0.00
--------|----------------------------------------------------------------------------|-------|-------------|-------|-------|-------|-------|--------|-----------
         Aggregated                                                                      3980     4(0.10%) |     72       7    6324     12 |   24.90        0.00

Type     Name                                                                          # reqs      # fails |    Avg     Min     Max    Med |   req/s  failures/s
--------|----------------------------------------------------------------------------|-------|-------------|-------|-------|-------|-------|--------|-----------
GET      GET /api/v1/reservas                                                            3982     4(0.10%) |     16       7     378     12 |   25.00        0.00
POST     POST /api/v1/auth/login                                                           50     0(0.00%) |   4485    1505    6324   4600 |    0.00        0.00
--------|----------------------------------------------------------------------------|-------|-------------|-------|-------|-------|-------|--------|-----------
         Aggregated                                                                      4032     4(0.10%) |     71       7    6324     12 |   25.00        0.00

Type     Name                                                                          # reqs      # fails |    Avg     Min     Max    Med |   req/s  failures/s
--------|----------------------------------------------------------------------------|-------|-------------|-------|-------|-------|-------|--------|-----------
GET      GET /api/v1/reservas                                                            4034     4(0.10%) |     16       7     378     12 |   25.30        0.00
POST     POST /api/v1/auth/login                                                           50     0(0.00%) |   4485    1505    6324   4600 |    0.00        0.00
--------|----------------------------------------------------------------------------|-------|-------------|-------|-------|-------|-------|--------|-----------
         Aggregated                                                                      4084     4(0.10%) |     70       7    6324     12 |   25.30        0.00

Type     Name                                                                          # reqs      # fails |    Avg     Min     Max    Med |   req/s  failures/s
--------|----------------------------------------------------------------------------|-------|-------------|-------|-------|-------|-------|--------|-----------
GET      GET /api/v1/reservas                                                            4082     4(0.10%) |     15       7     378     12 |   25.00        0.00
POST     POST /api/v1/auth/login                                                           50     0(0.00%) |   4485    1505    6324   4600 |    0.00        0.00
--------|----------------------------------------------------------------------------|-------|-------------|-------|-------|-------|-------|--------|-----------
         Aggregated                                                                      4132     4(0.10%) |     70       7    6324     12 |   25.00        0.00

Type     Name                                                                          # reqs      # fails |    Avg     Min     Max    Med |   req/s  failures/s
--------|----------------------------------------------------------------------------|-------|-------------|-------|-------|-------|-------|--------|-----------
GET      GET /api/v1/reservas                                                            4134     4(0.10%) |     15       7     378     12 |   24.90        0.00
POST     POST /api/v1/auth/login                                                           50     0(0.00%) |   4485    1505    6324   4600 |    0.00        0.00
--------|----------------------------------------------------------------------------|-------|-------------|-------|-------|-------|-------|--------|-----------
         Aggregated                                                                      4184     4(0.10%) |     69       7    6324     12 |   24.90        0.00

Type     Name                                                                          # reqs      # fails |    Avg     Min     Max    Med |   req/s  failures/s
--------|----------------------------------------------------------------------------|-------|-------------|-------|-------|-------|-------|--------|-----------
GET      GET /api/v1/reservas                                                            4191     4(0.10%) |     15       7     378     12 |   25.40        0.00
POST     POST /api/v1/auth/login                                                           50     0(0.00%) |   4485    1505    6324   4600 |    0.00        0.00
--------|----------------------------------------------------------------------------|-------|-------------|-------|-------|-------|-------|--------|-----------
         Aggregated                                                                      4241     4(0.09%) |     68       7    6324     12 |   25.40        0.00

Type     Name                                                                          # reqs      # fails |    Avg     Min     Max    Med |   req/s  failures/s
--------|----------------------------------------------------------------------------|-------|-------------|-------|-------|-------|-------|--------|-----------
GET      GET /api/v1/reservas                                                            4237     4(0.09%) |     15       7     378     12 |   26.00        0.00
POST     POST /api/v1/auth/login                                                           50     0(0.00%) |   4485    1505    6324   4600 |    0.00        0.00
--------|----------------------------------------------------------------------------|-------|-------------|-------|-------|-------|-------|--------|-----------
         Aggregated                                                                      4287     4(0.09%) |     68       7    6324     12 |   26.00        0.00

Type     Name                                                                          # reqs      # fails |    Avg     Min     Max    Med |   req/s  failures/s
--------|----------------------------------------------------------------------------|-------|-------------|-------|-------|-------|-------|--------|-----------
GET      GET /api/v1/reservas                                                            4288     4(0.09%) |     15       7     378     12 |   25.60        0.00
POST     POST /api/v1/auth/login                                                           50     0(0.00%) |   4485    1505    6324   4600 |    0.00        0.00
--------|----------------------------------------------------------------------------|-------|-------------|-------|-------|-------|-------|--------|-----------
         Aggregated                                                                      4338     4(0.09%) |     67       7    6324     12 |   25.60        0.00

Type     Name                                                                          # reqs      # fails |    Avg     Min     Max    Med |   req/s  failures/s
--------|----------------------------------------------------------------------------|-------|-------------|-------|-------|-------|-------|--------|-----------
GET      GET /api/v1/reservas                                                            4342     4(0.09%) |     15       7     378     12 |   25.90        0.00
POST     POST /api/v1/auth/login                                                           50     0(0.00%) |   4485    1505    6324   4600 |    0.00        0.00
--------|----------------------------------------------------------------------------|-------|-------------|-------|-------|-------|-------|--------|-----------
         Aggregated                                                                      4392     4(0.09%) |     66       7    6324     12 |   25.90        0.00

Type     Name                                                                          # reqs      # fails |    Avg     Min     Max    Med |   req/s  failures/s
--------|----------------------------------------------------------------------------|-------|-------------|-------|-------|-------|-------|--------|-----------
GET      GET /api/v1/reservas                                                            4389     4(0.09%) |     15       7     378     12 |   25.40        0.00
POST     POST /api/v1/auth/login                                                           50     0(0.00%) |   4485    1505    6324   4600 |    0.00        0.00
--------|----------------------------------------------------------------------------|-------|-------------|-------|-------|-------|-------|--------|-----------
         Aggregated                                                                      4439     4(0.09%) |     66       7    6324     12 |   25.40        0.00

Type     Name                                                                          # reqs      # fails |    Avg     Min     Max    Med |   req/s  failures/s
--------|----------------------------------------------------------------------------|-------|-------------|-------|-------|-------|-------|--------|-----------
GET      GET /api/v1/reservas                                                            4436     4(0.09%) |     15       7     378     12 |   25.80        0.00
POST     POST /api/v1/auth/login                                                           50     0(0.00%) |   4485    1505    6324   4600 |    0.00        0.00
--------|----------------------------------------------------------------------------|-------|-------------|-------|-------|-------|-------|--------|-----------
         Aggregated                                                                      4486     4(0.09%) |     65       7    6324     12 |   25.80        0.00

Type     Name                                                                          # reqs      # fails |    Avg     Min     Max    Med |   req/s  failures/s
--------|----------------------------------------------------------------------------|-------|-------------|-------|-------|-------|-------|--------|-----------
GET      GET /api/v1/reservas                                                            4480     4(0.09%) |     15       7     378     12 |   25.00        0.00
POST     POST /api/v1/auth/login                                                           50     0(0.00%) |   4485    1505    6324   4600 |    0.00        0.00
--------|----------------------------------------------------------------------------|-------|-------------|-------|-------|-------|-------|--------|-----------
         Aggregated                                                                      4530     4(0.09%) |     65       7    6324     12 |   25.00        0.00

Type     Name                                                                          # reqs      # fails |    Avg     Min     Max    Med |   req/s  failures/s
--------|----------------------------------------------------------------------------|-------|-------------|-------|-------|-------|-------|--------|-----------
GET      GET /api/v1/reservas                                                            4532     4(0.09%) |     15       7     378     12 |   24.40        0.00
POST     POST /api/v1/auth/login                                                           50     0(0.00%) |   4485    1505    6324   4600 |    0.00        0.00
--------|----------------------------------------------------------------------------|-------|-------------|-------|-------|-------|-------|--------|-----------
         Aggregated                                                                      4582     4(0.09%) |     64       7    6324     12 |   24.40        0.00

Type     Name                                                                          # reqs      # fails |    Avg     Min     Max    Med |   req/s  failures/s
--------|----------------------------------------------------------------------------|-------|-------------|-------|-------|-------|-------|--------|-----------
GET      GET /api/v1/reservas                                                            4583     4(0.09%) |     15       7     378     12 |   24.20        0.00
POST     POST /api/v1/auth/login                                                           50     0(0.00%) |   4485    1505    6324   4600 |    0.00        0.00
--------|----------------------------------------------------------------------------|-------|-------------|-------|-------|-------|-------|--------|-----------
         Aggregated                                                                      4633     4(0.09%) |     63       7    6324     12 |   24.20        0.00

Type     Name                                                                          # reqs      # fails |    Avg     Min     Max    Med |   req/s  failures/s
--------|----------------------------------------------------------------------------|-------|-------------|-------|-------|-------|-------|--------|-----------
GET      GET /api/v1/reservas                                                            4635     4(0.09%) |     15       7     378     12 |   24.10        0.00
POST     POST /api/v1/auth/login                                                           50     0(0.00%) |   4485    1505    6324   4600 |    0.00        0.00
--------|----------------------------------------------------------------------------|-------|-------------|-------|-------|-------|-------|--------|-----------
         Aggregated                                                                      4685     4(0.09%) |     63       7    6324     12 |   24.10        0.00

Type     Name                                                                          # reqs      # fails |    Avg     Min     Max    Med |   req/s  failures/s
--------|----------------------------------------------------------------------------|-------|-------------|-------|-------|-------|-------|--------|-----------
GET      GET /api/v1/reservas                                                            4678     4(0.09%) |     15       7     378     12 |   23.70        0.00
POST     POST /api/v1/auth/login                                                           50     0(0.00%) |   4485    1505    6324   4600 |    0.00        0.00
--------|----------------------------------------------------------------------------|-------|-------------|-------|-------|-------|-------|--------|-----------
         Aggregated                                                                      4728     4(0.08%) |     62       7    6324     12 |   23.70        0.00

Type     Name                                                                          # reqs      # fails |    Avg     Min     Max    Med |   req/s  failures/s
--------|----------------------------------------------------------------------------|-------|-------------|-------|-------|-------|-------|--------|-----------
GET      GET /api/v1/reservas                                                            4731     4(0.08%) |     15       7     378     12 |   24.10        0.00
POST     POST /api/v1/auth/login                                                           50     0(0.00%) |   4485    1505    6324   4600 |    0.00        0.00
--------|----------------------------------------------------------------------------|-------|-------------|-------|-------|-------|-------|--------|-----------
         Aggregated                                                                      4781     4(0.08%) |     62       7    6324     12 |   24.10        0.00

Type     Name                                                                          # reqs      # fails |    Avg     Min     Max    Med |   req/s  failures/s
--------|----------------------------------------------------------------------------|-------|-------------|-------|-------|-------|-------|--------|-----------
GET      GET /api/v1/reservas                                                            4783     4(0.08%) |     15       7     378     12 |   24.90        0.00
POST     POST /api/v1/auth/login                                                           50     0(0.00%) |   4485    1505    6324   4600 |    0.00        0.00
--------|----------------------------------------------------------------------------|-------|-------------|-------|-------|-------|-------|--------|-----------
         Aggregated                                                                      4833     4(0.08%) |     61       7    6324     12 |   24.90        0.00

Type     Name                                                                          # reqs      # fails |    Avg     Min     Max    Med |   req/s  failures/s
--------|----------------------------------------------------------------------------|-------|-------------|-------|-------|-------|-------|--------|-----------
GET      GET /api/v1/reservas                                                            4834     4(0.08%) |     15       7     378     12 |   25.10        0.00
POST     POST /api/v1/auth/login                                                           50     0(0.00%) |   4485    1505    6324   4600 |    0.00        0.00
--------|----------------------------------------------------------------------------|-------|-------------|-------|-------|-------|-------|--------|-----------
         Aggregated                                                                      4884     4(0.08%) |     61       7    6324     12 |   25.10        0.00

Type     Name                                                                          # reqs      # fails |    Avg     Min     Max    Med |   req/s  failures/s
--------|----------------------------------------------------------------------------|-------|-------------|-------|-------|-------|-------|--------|-----------
GET      GET /api/v1/reservas                                                            4879     4(0.08%) |     15       7     378     12 |   24.80        0.00
POST     POST /api/v1/auth/login                                                           50     0(0.00%) |   4485    1505    6324   4600 |    0.00        0.00
--------|----------------------------------------------------------------------------|-------|-------------|-------|-------|-------|-------|--------|-----------
         Aggregated                                                                      4929     4(0.08%) |     60       7    6324     12 |   24.80        0.00

Type     Name                                                                          # reqs      # fails |    Avg     Min     Max    Med |   req/s  failures/s
--------|----------------------------------------------------------------------------|-------|-------------|-------|-------|-------|-------|--------|-----------
GET      GET /api/v1/reservas                                                            4928     4(0.08%) |     15       7     378     12 |   24.90        0.00
POST     POST /api/v1/auth/login                                                           50     0(0.00%) |   4485    1505    6324   4600 |    0.00        0.00
--------|----------------------------------------------------------------------------|-------|-------------|-------|-------|-------|-------|--------|-----------
         Aggregated                                                                      4978     4(0.08%) |     60       7    6324     12 |   24.90        0.00

Type     Name                                                                          # reqs      # fails |    Avg     Min     Max    Med |   req/s  failures/s
--------|----------------------------------------------------------------------------|-------|-------------|-------|-------|-------|-------|--------|-----------
GET      GET /api/v1/reservas                                                            4982     4(0.08%) |     15       7     378     12 |   25.00        0.00
POST     POST /api/v1/auth/login                                                           50     0(0.00%) |   4485    1505    6324   4600 |    0.00        0.00
--------|----------------------------------------------------------------------------|-------|-------------|-------|-------|-------|-------|--------|-----------
         Aggregated                                                                      5032     4(0.08%) |     59       7    6324     12 |   25.00        0.00

Type     Name                                                                          # reqs      # fails |    Avg     Min     Max    Med |   req/s  failures/s
--------|----------------------------------------------------------------------------|-------|-------------|-------|-------|-------|-------|--------|-----------
GET      GET /api/v1/reservas                                                            5035     4(0.08%) |     15       7     378     12 |   24.90        0.00
POST     POST /api/v1/auth/login                                                           50     0(0.00%) |   4485    1505    6324   4600 |    0.00        0.00
--------|----------------------------------------------------------------------------|-------|-------------|-------|-------|-------|-------|--------|-----------
         Aggregated                                                                      5085     4(0.08%) |     59       7    6324     12 |   24.90        0.00

Type     Name                                                                          # reqs      # fails |    Avg     Min     Max    Med |   req/s  failures/s
--------|----------------------------------------------------------------------------|-------|-------------|-------|-------|-------|-------|--------|-----------
GET      GET /api/v1/reservas                                                            5078     4(0.08%) |     15       7     378     12 |   24.90        0.00
POST     POST /api/v1/auth/login                                                           50     0(0.00%) |   4485    1505    6324   4600 |    0.00        0.00
--------|----------------------------------------------------------------------------|-------|-------------|-------|-------|-------|-------|--------|-----------
         Aggregated                                                                      5128     4(0.08%) |     58       7    6324     12 |   24.90        0.00

Type     Name                                                                          # reqs      # fails |    Avg     Min     Max    Med |   req/s  failures/s
--------|----------------------------------------------------------------------------|-------|-------------|-------|-------|-------|-------|--------|-----------
GET      GET /api/v1/reservas                                                            5125     4(0.08%) |     15       7     378     12 |   25.00        0.00
POST     POST /api/v1/auth/login                                                           50     0(0.00%) |   4485    1505    6324   4600 |    0.00        0.00
--------|----------------------------------------------------------------------------|-------|-------------|-------|-------|-------|-------|--------|-----------
         Aggregated                                                                      5175     4(0.08%) |     58       7    6324     12 |   25.00        0.00

Type     Name                                                                          # reqs      # fails |    Avg     Min     Max    Med |   req/s  failures/s
--------|----------------------------------------------------------------------------|-------|-------------|-------|-------|-------|-------|--------|-----------
GET      GET /api/v1/reservas                                                            5176     4(0.08%) |     15       7     378     12 |   25.00        0.00
POST     POST /api/v1/auth/login                                                           50     0(0.00%) |   4485    1505    6324   4600 |    0.00        0.00
--------|----------------------------------------------------------------------------|-------|-------------|-------|-------|-------|-------|--------|-----------
         Aggregated                                                                      5226     4(0.08%) |     58       7    6324     12 |   25.00        0.00

Type     Name                                                                          # reqs      # fails |    Avg     Min     Max    Med |   req/s  failures/s
--------|----------------------------------------------------------------------------|-------|-------------|-------|-------|-------|-------|--------|-----------
GET      GET /api/v1/reservas                                                            5225     4(0.08%) |     15       7     378     12 |   24.60        0.00
POST     POST /api/v1/auth/login                                                           50     0(0.00%) |   4485    1505    6324   4600 |    0.00        0.00
--------|----------------------------------------------------------------------------|-------|-------------|-------|-------|-------|-------|--------|-----------
         Aggregated                                                                      5275     4(0.08%) |     57       7    6324     12 |   24.60        0.00

Type     Name                                                                          # reqs      # fails |    Avg     Min     Max    Med |   req/s  failures/s
--------|----------------------------------------------------------------------------|-------|-------------|-------|-------|-------|-------|--------|-----------
GET      GET /api/v1/reservas                                                            5280     4(0.08%) |     15       7     378     12 |   24.40        0.00
POST     POST /api/v1/auth/login                                                           50     0(0.00%) |   4485    1505    6324   4600 |    0.00        0.00
--------|----------------------------------------------------------------------------|-------|-------------|-------|-------|-------|-------|--------|-----------
         Aggregated                                                                      5330     4(0.08%) |     57       7    6324     12 |   24.40        0.00

Type     Name                                                                          # reqs      # fails |    Avg     Min     Max    Med |   req/s  failures/s
--------|----------------------------------------------------------------------------|-------|-------------|-------|-------|-------|-------|--------|-----------
GET      GET /api/v1/reservas                                                            5321     4(0.08%) |     15       7     378     12 |   24.80        0.00
POST     POST /api/v1/auth/login                                                           50     0(0.00%) |   4485    1505    6324   4600 |    0.00        0.00
--------|----------------------------------------------------------------------------|-------|-------------|-------|-------|-------|-------|--------|-----------
         Aggregated                                                                      5371     4(0.07%) |     56       7    6324     12 |   24.80        0.00

Type     Name                                                                          # reqs      # fails |    Avg     Min     Max    Med |   req/s  failures/s
--------|----------------------------------------------------------------------------|-------|-------------|-------|-------|-------|-------|--------|-----------
GET      GET /api/v1/reservas                                                            5372     4(0.07%) |     15       7     378     12 |   24.80        0.00
POST     POST /api/v1/auth/login                                                           50     0(0.00%) |   4485    1505    6324   4600 |    0.00        0.00
--------|----------------------------------------------------------------------------|-------|-------------|-------|-------|-------|-------|--------|-----------
         Aggregated                                                                      5422     4(0.07%) |     56       7    6324     12 |   24.80        0.00

Type     Name                                                                          # reqs      # fails |    Avg     Min     Max    Med |   req/s  failures/s
--------|----------------------------------------------------------------------------|-------|-------------|-------|-------|-------|-------|--------|-----------
GET      GET /api/v1/reservas                                                            5422     4(0.07%) |     15       7     378     12 |   24.30        0.00
POST     POST /api/v1/auth/login                                                           50     0(0.00%) |   4485    1505    6324   4600 |    0.00        0.00
--------|----------------------------------------------------------------------------|-------|-------------|-------|-------|-------|-------|--------|-----------
         Aggregated                                                                      5472     4(0.07%) |     55       7    6324     12 |   24.30        0.00

Type     Name                                                                          # reqs      # fails |    Avg     Min     Max    Med |   req/s  failures/s
--------|----------------------------------------------------------------------------|-------|-------------|-------|-------|-------|-------|--------|-----------
GET      GET /api/v1/reservas                                                            5474     4(0.07%) |     15       7     378     12 |   24.50        0.00
POST     POST /api/v1/auth/login                                                           50     0(0.00%) |   4485    1505    6324   4600 |    0.00        0.00
--------|----------------------------------------------------------------------------|-------|-------------|-------|-------|-------|-------|--------|-----------
         Aggregated                                                                      5524     4(0.07%) |     56       7    6324     12 |   24.50        0.00

Type     Name                                                                          # reqs      # fails |    Avg     Min     Max    Med |   req/s  failures/s
--------|----------------------------------------------------------------------------|-------|-------------|-------|-------|-------|-------|--------|-----------
GET      GET /api/v1/reservas                                                            5518    10(0.18%) |     16       7     411     12 |   24.80        0.00
POST     POST /api/v1/auth/login                                                           50     0(0.00%) |   4485    1505    6324   4600 |    0.00        0.00
--------|----------------------------------------------------------------------------|-------|-------------|-------|-------|-------|-------|--------|-----------
         Aggregated                                                                      5568    10(0.18%) |     56       7    6324     12 |   24.80        0.00

Type     Name                                                                          # reqs      # fails |    Avg     Min     Max    Med |   req/s  failures/s
--------|----------------------------------------------------------------------------|-------|-------------|-------|-------|-------|-------|--------|-----------
GET      GET /api/v1/reservas                                                            5570    10(0.18%) |     16       7     411     12 |   24.10        0.60
POST     POST /api/v1/auth/login                                                           50     0(0.00%) |   4485    1505    6324   4600 |    0.00        0.00
--------|----------------------------------------------------------------------------|-------|-------------|-------|-------|-------|-------|--------|-----------
         Aggregated                                                                      5620    10(0.18%) |     56       7    6324     12 |   24.10        0.60

Type     Name                                                                          # reqs      # fails |    Avg     Min     Max    Med |   req/s  failures/s
--------|----------------------------------------------------------------------------|-------|-------------|-------|-------|-------|-------|--------|-----------
GET      GET /api/v1/reservas                                                            5616    10(0.18%) |     16       7     411     12 |   24.60        0.60
POST     POST /api/v1/auth/login                                                           50     0(0.00%) |   4485    1505    6324   4600 |    0.00        0.00
--------|----------------------------------------------------------------------------|-------|-------------|-------|-------|-------|-------|--------|-----------
         Aggregated                                                                      5666    10(0.18%) |     56       7    6324     12 |   24.60        0.60

Type     Name                                                                          # reqs      # fails |    Avg     Min     Max    Med |   req/s  failures/s
--------|----------------------------------------------------------------------------|-------|-------------|-------|-------|-------|-------|--------|-----------
GET      GET /api/v1/reservas                                                            5668    10(0.18%) |     16       7     411     12 |   24.90        0.60
POST     POST /api/v1/auth/login                                                           50     0(0.00%) |   4485    1505    6324   4600 |    0.00        0.00
--------|----------------------------------------------------------------------------|-------|-------------|-------|-------|-------|-------|--------|-----------
         Aggregated                                                                      5718    10(0.17%) |     55       7    6324     12 |   24.90        0.60

Type     Name                                                                          # reqs      # fails |    Avg     Min     Max    Med |   req/s  failures/s
--------|----------------------------------------------------------------------------|-------|-------------|-------|-------|-------|-------|--------|-----------
GET      GET /api/v1/reservas                                                            5715    10(0.17%) |     16       7     411     12 |   25.00        0.60
POST     POST /api/v1/auth/login                                                           50     0(0.00%) |   4485    1505    6324   4600 |    0.00        0.00
--------|----------------------------------------------------------------------------|-------|-------------|-------|-------|-------|-------|--------|-----------
         Aggregated                                                                      5765    10(0.17%) |     55       7    6324     12 |   25.00        0.60

Type     Name                                                                          # reqs      # fails |    Avg     Min     Max    Med |   req/s  failures/s
--------|----------------------------------------------------------------------------|-------|-------------|-------|-------|-------|-------|--------|-----------
GET      GET /api/v1/reservas                                                            5768    10(0.17%) |     16       7     411     12 |   24.50        0.60
POST     POST /api/v1/auth/login                                                           50     0(0.00%) |   4485    1505    6324   4600 |    0.00        0.00
--------|----------------------------------------------------------------------------|-------|-------------|-------|-------|-------|-------|--------|-----------
         Aggregated                                                                      5818    10(0.17%) |     55       7    6324     12 |   24.50        0.60

Type     Name                                                                          # reqs      # fails |    Avg     Min     Max    Med |   req/s  failures/s
--------|----------------------------------------------------------------------------|-------|-------------|-------|-------|-------|-------|--------|-----------
GET      GET /api/v1/reservas                                                            5817    10(0.17%) |     16       7     411     12 |   24.40        0.00
POST     POST /api/v1/auth/login                                                           50     0(0.00%) |   4485    1505    6324   4600 |    0.00        0.00
--------|----------------------------------------------------------------------------|-------|-------------|-------|-------|-------|-------|--------|-----------
         Aggregated                                                                      5867    10(0.17%) |     54       7    6324     12 |   24.40        0.00

Type     Name                                                                          # reqs      # fails |    Avg     Min     Max    Med |   req/s  failures/s
--------|----------------------------------------------------------------------------|-------|-------------|-------|-------|-------|-------|--------|-----------
GET      GET /api/v1/reservas                                                            5864    10(0.17%) |     16       7     411     12 |   24.70        0.00
POST     POST /api/v1/auth/login                                                           50     0(0.00%) |   4485    1505    6324   4600 |    0.00        0.00
--------|----------------------------------------------------------------------------|-------|-------------|-------|-------|-------|-------|--------|-----------
         Aggregated                                                                      5914    10(0.17%) |     54       7    6324     12 |   24.70        0.00

Type     Name                                                                          # reqs      # fails |    Avg     Min     Max    Med |   req/s  failures/s
--------|----------------------------------------------------------------------------|-------|-------------|-------|-------|-------|-------|--------|-----------
GET      GET /api/v1/reservas                                                            5917    10(0.17%) |     16       7     411     12 |   23.90        0.00
POST     POST /api/v1/auth/login                                                           50     0(0.00%) |   4485    1505    6324   4600 |    0.00        0.00
--------|----------------------------------------------------------------------------|-------|-------------|-------|-------|-------|-------|--------|-----------
         Aggregated                                                                      5967    10(0.17%) |     54       7    6324     12 |   23.90        0.00

Type     Name                                                                          # reqs      # fails |    Avg     Min     Max    Med |   req/s  failures/s
--------|----------------------------------------------------------------------------|-------|-------------|-------|-------|-------|-------|--------|-----------
GET      GET /api/v1/reservas                                                            5960    10(0.17%) |     16       7     411     12 |   24.60        0.00
POST     POST /api/v1/auth/login                                                           50     0(0.00%) |   4485    1505    6324   4600 |    0.00        0.00
--------|----------------------------------------------------------------------------|-------|-------------|-------|-------|-------|-------|--------|-----------
         Aggregated                                                                      6010    10(0.17%) |     53       7    6324     12 |   24.60        0.00

Type     Name                                                                          # reqs      # fails |    Avg     Min     Max    Med |   req/s  failures/s
--------|----------------------------------------------------------------------------|-------|-------------|-------|-------|-------|-------|--------|-----------
GET      GET /api/v1/reservas                                                            6013    10(0.17%) |     16       7     411     12 |   24.50        0.00
POST     POST /api/v1/auth/login                                                           50     0(0.00%) |   4485    1505    6324   4600 |    0.00        0.00
--------|----------------------------------------------------------------------------|-------|-------------|-------|-------|-------|-------|--------|-----------
         Aggregated                                                                      6063    10(0.16%) |     53       7    6324     12 |   24.50        0.00

Type     Name                                                                          # reqs      # fails |    Avg     Min     Max    Med |   req/s  failures/s
--------|----------------------------------------------------------------------------|-------|-------------|-------|-------|-------|-------|--------|-----------
GET      GET /api/v1/reservas                                                            6063    10(0.16%) |     16       7     411     12 |   24.90        0.00
POST     POST /api/v1/auth/login                                                           50     0(0.00%) |   4485    1505    6324   4600 |    0.00        0.00
--------|----------------------------------------------------------------------------|-------|-------------|-------|-------|-------|-------|--------|-----------
         Aggregated                                                                      6113    10(0.16%) |     53       7    6324     12 |   24.90        0.00

Type     Name                                                                          # reqs      # fails |    Avg     Min     Max    Med |   req/s  failures/s
--------|----------------------------------------------------------------------------|-------|-------------|-------|-------|-------|-------|--------|-----------
GET      GET /api/v1/reservas                                                            6110    10(0.16%) |     16       7     411     12 |   23.90        0.00
POST     POST /api/v1/auth/login                                                           50     0(0.00%) |   4485    1505    6324   4600 |    0.00        0.00
--------|----------------------------------------------------------------------------|-------|-------------|-------|-------|-------|-------|--------|-----------
         Aggregated                                                                      6160    10(0.16%) |     52       7    6324     12 |   23.90        0.00

Type     Name                                                                          # reqs      # fails |    Avg     Min     Max    Med |   req/s  failures/s
--------|----------------------------------------------------------------------------|-------|-------------|-------|-------|-------|-------|--------|-----------
GET      GET /api/v1/reservas                                                            6156    10(0.16%) |     16       7     411     12 |   24.60        0.00
POST     POST /api/v1/auth/login                                                           50     0(0.00%) |   4485    1505    6324   4600 |    0.00        0.00
--------|----------------------------------------------------------------------------|-------|-------------|-------|-------|-------|-------|--------|-----------
         Aggregated                                                                      6206    10(0.16%) |     52       7    6324     12 |   24.60        0.00

Type     Name                                                                          # reqs      # fails |    Avg     Min     Max    Med |   req/s  failures/s
--------|----------------------------------------------------------------------------|-------|-------------|-------|-------|-------|-------|--------|-----------
GET      GET /api/v1/reservas                                                            6206    10(0.16%) |     16       7     411     12 |   24.10        0.00
POST     POST /api/v1/auth/login                                                           50     0(0.00%) |   4485    1505    6324   4600 |    0.00        0.00
--------|----------------------------------------------------------------------------|-------|-------------|-------|-------|-------|-------|--------|-----------
         Aggregated                                                                      6256    10(0.16%) |     52       7    6324     12 |   24.10        0.00

Type     Name                                                                          # reqs      # fails |    Avg     Min     Max    Med |   req/s  failures/s
--------|----------------------------------------------------------------------------|-------|-------------|-------|-------|-------|-------|--------|-----------
GET      GET /api/v1/reservas                                                            6260    10(0.16%) |     16       7     411     12 |   24.30        0.00
POST     POST /api/v1/auth/login                                                           50     0(0.00%) |   4485    1505    6324   4600 |    0.00        0.00
--------|----------------------------------------------------------------------------|-------|-------------|-------|-------|-------|-------|--------|-----------
         Aggregated                                                                      6310    10(0.16%) |     51       7    6324     12 |   24.30        0.00

Type     Name                                                                          # reqs      # fails |    Avg     Min     Max    Med |   req/s  failures/s
--------|----------------------------------------------------------------------------|-------|-------------|-------|-------|-------|-------|--------|-----------
GET      GET /api/v1/reservas                                                            6310    10(0.16%) |     16       7     411     12 |   24.70        0.00
POST     POST /api/v1/auth/login                                                           50     0(0.00%) |   4485    1505    6324   4600 |    0.00        0.00
--------|----------------------------------------------------------------------------|-------|-------------|-------|-------|-------|-------|--------|-----------
         Aggregated                                                                      6360    10(0.16%) |     51       7    6324     12 |   24.70        0.00

Type     Name                                                                          # reqs      # fails |    Avg     Min     Max    Med |   req/s  failures/s
--------|----------------------------------------------------------------------------|-------|-------------|-------|-------|-------|-------|--------|-----------
GET      GET /api/v1/reservas                                                            6356    10(0.16%) |     16       7     411     12 |   25.00        0.00
POST     POST /api/v1/auth/login                                                           50     0(0.00%) |   4485    1505    6324   4600 |    0.00        0.00
--------|----------------------------------------------------------------------------|-------|-------------|-------|-------|-------|-------|--------|-----------
         Aggregated                                                                      6406    10(0.16%) |     51       7    6324     12 |   25.00        0.00

Type     Name                                                                          # reqs      # fails |    Avg     Min     Max    Med |   req/s  failures/s
--------|----------------------------------------------------------------------------|-------|-------------|-------|-------|-------|-------|--------|-----------
GET      GET /api/v1/reservas                                                            6402    10(0.16%) |     16       7     411     12 |   24.50        0.00
POST     POST /api/v1/auth/login                                                           50     0(0.00%) |   4485    1505    6324   4600 |    0.00        0.00
--------|----------------------------------------------------------------------------|-------|-------------|-------|-------|-------|-------|--------|-----------
         Aggregated                                                                      6452    10(0.15%) |     50       7    6324     12 |   24.50        0.00

Type     Name                                                                          # reqs      # fails |    Avg     Min     Max    Med |   req/s  failures/s
--------|----------------------------------------------------------------------------|-------|-------------|-------|-------|-------|-------|--------|-----------
GET      GET /api/v1/reservas                                                            6448    10(0.16%) |     16       7     411     12 |   24.20        0.00
POST     POST /api/v1/auth/login                                                           50     0(0.00%) |   4485    1505    6324   4600 |    0.00        0.00
--------|----------------------------------------------------------------------------|-------|-------------|-------|-------|-------|-------|--------|-----------
         Aggregated                                                                      6498    10(0.15%) |     50       7    6324     12 |   24.20        0.00

Type     Name                                                                          # reqs      # fails |    Avg     Min     Max    Med |   req/s  failures/s
--------|----------------------------------------------------------------------------|-------|-------------|-------|-------|-------|-------|--------|-----------
GET      GET /api/v1/reservas                                                            6505    10(0.15%) |     16       7     411     12 |   24.20        0.00
POST     POST /api/v1/auth/login                                                           50     0(0.00%) |   4485    1505    6324   4600 |    0.00        0.00
--------|----------------------------------------------------------------------------|-------|-------------|-------|-------|-------|-------|--------|-----------
         Aggregated                                                                      6555    10(0.15%) |     50       7    6324     12 |   24.20        0.00

Type     Name                                                                          # reqs      # fails |    Avg     Min     Max    Med |   req/s  failures/s
--------|----------------------------------------------------------------------------|-------|-------------|-------|-------|-------|-------|--------|-----------
GET      GET /api/v1/reservas                                                            6557    10(0.15%) |     16       7     411     12 |   24.00        0.00
POST     POST /api/v1/auth/login                                                           50     0(0.00%) |   4485    1505    6324   4600 |    0.00        0.00
--------|----------------------------------------------------------------------------|-------|-------------|-------|-------|-------|-------|--------|-----------
         Aggregated                                                                      6607    10(0.15%) |     50       7    6324     12 |   24.00        0.00

Type     Name                                                                          # reqs      # fails |    Avg     Min     Max    Med |   req/s  failures/s
--------|----------------------------------------------------------------------------|-------|-------------|-------|-------|-------|-------|--------|-----------
GET      GET /api/v1/reservas                                                            6604    10(0.15%) |     16       7     411     12 |   24.80        0.00
POST     POST /api/v1/auth/login                                                           50     0(0.00%) |   4485    1505    6324   4600 |    0.00        0.00
--------|----------------------------------------------------------------------------|-------|-------------|-------|-------|-------|-------|--------|-----------
         Aggregated                                                                      6654    10(0.15%) |     49       7    6324     12 |   24.80        0.00

Type     Name                                                                          # reqs      # fails |    Avg     Min     Max    Med |   req/s  failures/s
--------|----------------------------------------------------------------------------|-------|-------------|-------|-------|-------|-------|--------|-----------
GET      GET /api/v1/reservas                                                            6655    10(0.15%) |     16       7     411     12 |   24.80        0.00
POST     POST /api/v1/auth/login                                                           50     0(0.00%) |   4485    1505    6324   4600 |    0.00        0.00
--------|----------------------------------------------------------------------------|-------|-------------|-------|-------|-------|-------|--------|-----------
         Aggregated                                                                      6705    10(0.15%) |     49       7    6324     12 |   24.80        0.00

Type     Name                                                                          # reqs      # fails |    Avg     Min     Max    Med |   req/s  failures/s
--------|----------------------------------------------------------------------------|-------|-------------|-------|-------|-------|-------|--------|-----------
GET      GET /api/v1/reservas                                                            6708    10(0.15%) |     16       7     411     12 |   25.90        0.00
POST     POST /api/v1/auth/login                                                           50     0(0.00%) |   4485    1505    6324   4600 |    0.00        0.00
--------|----------------------------------------------------------------------------|-------|-------------|-------|-------|-------|-------|--------|-----------
         Aggregated                                                                      6758    10(0.15%) |     49       7    6324     12 |   25.90        0.00

Type     Name                                                                          # reqs      # fails |    Avg     Min     Max    Med |   req/s  failures/s
--------|----------------------------------------------------------------------------|-------|-------------|-------|-------|-------|-------|--------|-----------
GET      GET /api/v1/reservas                                                            6757    10(0.15%) |     16       7     411     12 |   25.60        0.00
POST     POST /api/v1/auth/login                                                           50     0(0.00%) |   4485    1505    6324   4600 |    0.00        0.00
--------|----------------------------------------------------------------------------|-------|-------------|-------|-------|-------|-------|--------|-----------
         Aggregated                                                                      6807    10(0.15%) |     48       7    6324     12 |   25.60        0.00

Type     Name                                                                          # reqs      # fails |    Avg     Min     Max    Med |   req/s  failures/s
--------|----------------------------------------------------------------------------|-------|-------------|-------|-------|-------|-------|--------|-----------
GET      GET /api/v1/reservas                                                            6808    10(0.15%) |     16       7     411     12 |   25.20        0.00
POST     POST /api/v1/auth/login                                                           50     0(0.00%) |   4485    1505    6324   4600 |    0.00        0.00
--------|----------------------------------------------------------------------------|-------|-------------|-------|-------|-------|-------|--------|-----------
         Aggregated                                                                      6858    10(0.15%) |     48       7    6324     12 |   25.20        0.00

Type     Name                                                                          # reqs      # fails |    Avg     Min     Max    Med |   req/s  failures/s
--------|----------------------------------------------------------------------------|-------|-------------|-------|-------|-------|-------|--------|-----------
GET      GET /api/v1/reservas                                                            6855    10(0.15%) |     16       7     411     12 |   24.60        0.00
POST     POST /api/v1/auth/login                                                           50     0(0.00%) |   4485    1505    6324   4600 |    0.00        0.00
--------|----------------------------------------------------------------------------|-------|-------------|-------|-------|-------|-------|--------|-----------
         Aggregated                                                                      6905    10(0.14%) |     48       7    6324     12 |   24.60        0.00

Type     Name                                                                          # reqs      # fails |    Avg     Min     Max    Med |   req/s  failures/s
--------|----------------------------------------------------------------------------|-------|-------------|-------|-------|-------|-------|--------|-----------
GET      GET /api/v1/reservas                                                            6905    10(0.14%) |     16       7     411     12 |   25.30        0.00
POST     POST /api/v1/auth/login                                                           50     0(0.00%) |   4485    1505    6324   4600 |    0.00        0.00
--------|----------------------------------------------------------------------------|-------|-------------|-------|-------|-------|-------|--------|-----------
         Aggregated                                                                      6955    10(0.14%) |     48       7    6324     12 |   25.30        0.00

Type     Name                                                                          # reqs      # fails |    Avg     Min     Max    Med |   req/s  failures/s
--------|----------------------------------------------------------------------------|-------|-------------|-------|-------|-------|-------|--------|-----------
GET      GET /api/v1/reservas                                                            6953    10(0.14%) |     16       7     411     12 |   24.00        0.00
POST     POST /api/v1/auth/login                                                           50     0(0.00%) |   4485    1505    6324   4600 |    0.00        0.00
--------|----------------------------------------------------------------------------|-------|-------------|-------|-------|-------|-------|--------|-----------
         Aggregated                                                                      7003    10(0.14%) |     47       7    6324     12 |   24.00        0.00

Type     Name                                                                          # reqs      # fails |    Avg     Min     Max    Med |   req/s  failures/s
--------|----------------------------------------------------------------------------|-------|-------------|-------|-------|-------|-------|--------|-----------
GET      GET /api/v1/reservas                                                            7002    10(0.14%) |     15       7     411     12 |   24.80        0.00
POST     POST /api/v1/auth/login                                                           50     0(0.00%) |   4485    1505    6324   4600 |    0.00        0.00
--------|----------------------------------------------------------------------------|-------|-------------|-------|-------|-------|-------|--------|-----------
         Aggregated                                                                      7052    10(0.14%) |     47       7    6324     12 |   24.80        0.00

Type     Name                                                                          # reqs      # fails |    Avg     Min     Max    Med |   req/s  failures/s
--------|----------------------------------------------------------------------------|-------|-------------|-------|-------|-------|-------|--------|-----------
GET      GET /api/v1/reservas                                                            7049    10(0.14%) |     15       7     411     12 |   24.50        0.00
POST     POST /api/v1/auth/login                                                           50     0(0.00%) |   4485    1505    6324   4600 |    0.00        0.00
--------|----------------------------------------------------------------------------|-------|-------------|-------|-------|-------|-------|--------|-----------
         Aggregated                                                                      7099    10(0.14%) |     47       7    6324     12 |   24.50        0.00

Type     Name                                                                          # reqs      # fails |    Avg     Min     Max    Med |   req/s  failures/s
--------|----------------------------------------------------------------------------|-------|-------------|-------|-------|-------|-------|--------|-----------
GET      GET /api/v1/reservas                                                            7104    10(0.14%) |     15       7     411     12 |   24.60        0.00
POST     POST /api/v1/auth/login                                                           50     0(0.00%) |   4485    1505    6324   4600 |    0.00        0.00
--------|----------------------------------------------------------------------------|-------|-------------|-------|-------|-------|-------|--------|-----------
         Aggregated                                                                      7154    10(0.14%) |     47       7    6324     12 |   24.60        0.00

Type     Name                                                                          # reqs      # fails |    Avg     Min     Max    Med |   req/s  failures/s
--------|----------------------------------------------------------------------------|-------|-------------|-------|-------|-------|-------|--------|-----------
GET      GET /api/v1/reservas                                                            7154    10(0.14%) |     15       7     411     12 |   24.60        0.00
POST     POST /api/v1/auth/login                                                           50     0(0.00%) |   4485    1505    6324   4600 |    0.00        0.00
--------|----------------------------------------------------------------------------|-------|-------------|-------|-------|-------|-------|--------|-----------
         Aggregated                                                                      7204    10(0.14%) |     46       7    6324     12 |   24.60        0.00

Type     Name                                                                          # reqs      # fails |    Avg     Min     Max    Med |   req/s  failures/s
--------|----------------------------------------------------------------------------|-------|-------------|-------|-------|-------|-------|--------|-----------
GET      GET /api/v1/reservas                                                            7202    10(0.14%) |     15       7     411     12 |   24.90        0.00
POST     POST /api/v1/auth/login                                                           50     0(0.00%) |   4485    1505    6324   4600 |    0.00        0.00
--------|----------------------------------------------------------------------------|-------|-------------|-------|-------|-------|-------|--------|-----------
         Aggregated                                                                      7252    10(0.14%) |     46       7    6324     12 |   24.90        0.00

Type     Name                                                                          # reqs      # fails |    Avg     Min     Max    Med |   req/s  failures/s
--------|----------------------------------------------------------------------------|-------|-------------|-------|-------|-------|-------|--------|-----------
GET      GET /api/v1/reservas                                                            7252    10(0.14%) |     15       7     411     12 |   25.40        0.00
POST     POST /api/v1/auth/login                                                           50     0(0.00%) |   4485    1505    6324   4600 |    0.00        0.00
--------|----------------------------------------------------------------------------|-------|-------------|-------|-------|-------|-------|--------|-----------
         Aggregated                                                                      7302    10(0.14%) |     46       7    6324     12 |   25.40        0.00

[2026-09-05 02:08:18,491] servidor-proyectos/INFO/locust.main: --run-time limit reached, shutting down
[2026-09-05 02:08:18,603] servidor-proyectos/INFO/locust.main: Shutting down (exit code 1)
Type     Name                                                                          # reqs      # fails |    Avg     Min     Max    Med |   req/s  failures/s
--------|----------------------------------------------------------------------------|-------|-------------|-------|-------|-------|-------|--------|-----------
GET      GET /api/v1/reservas                                                            7271    10(0.14%) |     15       7     411     12 |   24.32        0.03
POST     POST /api/v1/auth/login                                                           50     0(0.00%) |   4485    1505    6324   4600 |    0.17        0.00
--------|----------------------------------------------------------------------------|-------|-------------|-------|-------|-------|-------|--------|-----------
         Aggregated                                                                      7321    10(0.14%) |     46       7    6324     12 |   24.48        0.03

Response time percentiles (approximated)
Type     Name                                                                                  50%    66%    75%    80%    90%    95%    98%    99%  99.9% 99.99%   100% # reqs
--------|--------------------------------------------------------------------------------|--------|------|------|------|------|------|------|------|------|------|------|------
GET      GET /api/v1/reservas                                                                   12     13     14     15     19     26     56    120    330    410    410   7271
POST     POST /api/v1/auth/login                                                              4600   5300   5500   5700   5700   5900   6300   6300   6300   6300   6300     50
--------|--------------------------------------------------------------------------------|--------|------|------|------|------|------|------|------|------|------|------|------
         Aggregated                                                                             12     13     14     15     19     29     87    240   5700   6300   6300   7321

Error report
# occurrences      Error                                                                                               
------------------|---------------------------------------------------------------------------------------------------------------------------------------------
10                 GET GET /api/v1/reservas: HTTP esperado 200, recibido 500                                           
------------------|---------------------------------------------------------------------------------------------------------------------------------------------

