[2026-09-05 01:48:15,093] servidor-proyectos/INFO/locust.main: Starting Locust 2.46.4
[2026-09-05 01:48:15,094] servidor-proyectos/INFO/locust.main: Run time limit set to 300 seconds
Type     Name                                                                          # reqs      # fails |    Avg     Min     Max    Med |   req/s  failures/s
--------|----------------------------------------------------------------------------|-------|-------------|-------|-------|-------|-------|--------|-----------
--------|----------------------------------------------------------------------------|-------|-------------|-------|-------|-------|-------|--------|-----------
         Aggregated                                                                         0     0(0.00%) |      0       0       0      0 |    0.00        0.00

[2026-09-05 01:48:15,096] servidor-proyectos/INFO/locust.runners: Ramping to 50 users at a rate of 10.00 per second
Type     Name                                                                          # reqs      # fails |    Avg     Min     Max    Med |   req/s  failures/s
--------|----------------------------------------------------------------------------|-------|-------------|-------|-------|-------|-------|--------|-----------
POST     POST /api/v1/auth/login                                                            3     0(0.00%) |   1505    1414    1580   1500 |    0.00        0.00
--------|----------------------------------------------------------------------------|-------|-------------|-------|-------|-------|-------|--------|-----------
         Aggregated                                                                         3     0(0.00%) |   1505    1414    1580   1500 |    0.00        0.00

Type     Name                                                                          # reqs      # fails |    Avg     Min     Max    Med |   req/s  failures/s
--------|----------------------------------------------------------------------------|-------|-------------|-------|-------|-------|-------|--------|-----------
GET      GET /api/v1/reservas                                                               8     0(0.00%) |    316      62     714    190 |    0.00        0.00
POST     POST /api/v1/auth/login                                                            7     0(0.00%) |   2163    1414    3378   2100 |    0.00        0.00
--------|----------------------------------------------------------------------------|-------|-------------|-------|-------|-------|-------|--------|-----------
         Aggregated                                                                        15     0(0.00%) |   1178      62    3378    710 |    0.00        0.00

[2026-09-05 01:48:19,101] servidor-proyectos/INFO/locust.runners: All users spawned: {"ReservasUser": 50} (50 total users)
Type     Name                                                                          # reqs      # fails |    Avg     Min     Max    Med |   req/s  failures/s
--------|----------------------------------------------------------------------------|-------|-------------|-------|-------|-------|-------|--------|-----------
GET      GET /api/v1/reservas                                                              19     0(0.00%) |    197      49     714    120 |    2.00        0.00
POST     POST /api/v1/auth/login                                                           11     0(0.00%) |   3260    1414    5743   3100 |    1.75        0.00
--------|----------------------------------------------------------------------------|-------|-------------|-------|-------|-------|-------|--------|-----------
         Aggregated                                                                        30     0(0.00%) |   1320      49    5743    220 |    3.75        0.00

Type     Name                                                                          # reqs      # fails |    Avg     Min     Max    Med |   req/s  failures/s
--------|----------------------------------------------------------------------------|-------|-------------|-------|-------|-------|-------|--------|-----------
GET      GET /api/v1/reservas                                                              33     0(0.00%) |    143      38     714     74 |    3.00        0.00
POST     POST /api/v1/auth/login                                                           15     0(0.00%) |   4086    1414    6701   4400 |    1.67        0.00
--------|----------------------------------------------------------------------------|-------|-------------|-------|-------|-------|-------|--------|-----------
         Aggregated                                                                        48     0(0.00%) |   1375      38    6701    130 |    4.67        0.00

Type     Name                                                                          # reqs      # fails |    Avg     Min     Max    Med |   req/s  failures/s
--------|----------------------------------------------------------------------------|-------|-------------|-------|-------|-------|-------|--------|-----------
GET      GET /api/v1/reservas                                                              55     0(0.00%) |    114      35     714     65 |    3.14        0.00
POST     POST /api/v1/auth/login                                                           22     0(0.00%) |   5129    1414    8456   5700 |    1.57        0.00
--------|----------------------------------------------------------------------------|-------|-------------|-------|-------|-------|-------|--------|-----------
         Aggregated                                                                        77     0(0.00%) |   1547      35    8456     95 |    4.71        0.00

Type     Name                                                                          # reqs      # fails |    Avg     Min     Max    Med |   req/s  failures/s
--------|----------------------------------------------------------------------------|-------|-------------|-------|-------|-------|-------|--------|-----------
GET      GET /api/v1/reservas                                                              95     0(0.00%) |    139      35     714     88 |    5.50        0.00
POST     POST /api/v1/auth/login                                                           34     0(0.00%) |   6189    1414    9371   6900 |    2.20        0.00
--------|----------------------------------------------------------------------------|-------|-------------|-------|-------|-------|-------|--------|-----------
         Aggregated                                                                       129     0(0.00%) |   1734      35    9371    150 |    7.70        0.00

Type     Name                                                                          # reqs      # fails |    Avg     Min     Max    Med |   req/s  failures/s
--------|----------------------------------------------------------------------------|-------|-------------|-------|-------|-------|-------|--------|-----------
GET      GET /api/v1/reservas                                                             142     0(0.00%) |    162      26     714    110 |    9.30        0.00
POST     POST /api/v1/auth/login                                                           50     0(0.00%) |   7203    1414   10423   7700 |    3.10        0.00
--------|----------------------------------------------------------------------------|-------|-------------|-------|-------|-------|-------|--------|-----------
         Aggregated                                                                       192     0(0.00%) |   1995      26   10423    210 |   12.40        0.00

Type     Name                                                                          # reqs      # fails |    Avg     Min     Max    Med |   req/s  failures/s
--------|----------------------------------------------------------------------------|-------|-------------|-------|-------|-------|-------|--------|-----------
GET      GET /api/v1/reservas                                                             193     0(0.00%) |    152      24     714    110 |   13.10        0.00
POST     POST /api/v1/auth/login                                                           50     0(0.00%) |   7203    1414   10423   7700 |    4.30        0.00
--------|----------------------------------------------------------------------------|-------|-------------|-------|-------|-------|-------|--------|-----------
         Aggregated                                                                       243     0(0.00%) |   1603      24   10423    160 |   17.40        0.00

Type     Name                                                                          # reqs      # fails |    Avg     Min     Max    Med |   req/s  failures/s
--------|----------------------------------------------------------------------------|-------|-------------|-------|-------|-------|-------|--------|-----------
GET      GET /api/v1/reservas                                                             239     0(0.00%) |    133      22     714     88 |   17.40        0.00
POST     POST /api/v1/auth/login                                                           50     0(0.00%) |   7203    1414   10423   7700 |    4.00        0.00
--------|----------------------------------------------------------------------------|-------|-------------|-------|-------|-------|-------|--------|-----------
         Aggregated                                                                       289     0(0.00%) |   1356      22   10423    120 |   21.40        0.00

Type     Name                                                                          # reqs      # fails |    Avg     Min     Max    Med |   req/s  failures/s
--------|----------------------------------------------------------------------------|-------|-------------|-------|-------|-------|-------|--------|-----------
GET      GET /api/v1/reservas                                                             293     0(0.00%) |    114      20     714     66 |   20.60        0.00
POST     POST /api/v1/auth/login                                                           50     0(0.00%) |   7203    1414   10423   7700 |    3.60        0.00
--------|----------------------------------------------------------------------------|-------|-------------|-------|-------|-------|-------|--------|-----------
         Aggregated                                                                       343     0(0.00%) |   1147      20   10423     88 |   24.20        0.00

Type     Name                                                                          # reqs      # fails |    Avg     Min     Max    Med |   req/s  failures/s
--------|----------------------------------------------------------------------------|-------|-------------|-------|-------|-------|-------|--------|-----------
GET      GET /api/v1/reservas                                                             336     0(0.00%) |    103      19     714     55 |   23.10        0.00
POST     POST /api/v1/auth/login                                                           50     0(0.00%) |   7203    1414   10423   7700 |    2.80        0.00
--------|----------------------------------------------------------------------------|-------|-------------|-------|-------|-------|-------|--------|-----------
         Aggregated                                                                       386     0(0.00%) |   1022      19   10423     67 |   25.90        0.00

Type     Name                                                                          # reqs      # fails |    Avg     Min     Max    Med |   req/s  failures/s
--------|----------------------------------------------------------------------------|-------|-------------|-------|-------|-------|-------|--------|-----------
GET      GET /api/v1/reservas                                                             383     0(0.00%) |     93      19     714     46 |   24.10        0.00
POST     POST /api/v1/auth/login                                                           50     0(0.00%) |   7203    1414   10423   7700 |    1.60        0.00
--------|----------------------------------------------------------------------------|-------|-------------|-------|-------|-------|-------|--------|-----------
         Aggregated                                                                       433     0(0.00%) |    914      19   10423     56 |   25.70        0.00

Type     Name                                                                          # reqs      # fails |    Avg     Min     Max    Med |   req/s  failures/s
--------|----------------------------------------------------------------------------|-------|-------------|-------|-------|-------|-------|--------|-----------
GET      GET /api/v1/reservas                                                             434     0(0.00%) |     88      18     714     45 |   24.00        0.00
POST     POST /api/v1/auth/login                                                           50     0(0.00%) |   7203    1414   10423   7700 |    0.00        0.00
--------|----------------------------------------------------------------------------|-------|-------------|-------|-------|-------|-------|--------|-----------
         Aggregated                                                                       484     0(0.00%) |    823      18   10423     51 |   24.00        0.00

Type     Name                                                                          # reqs      # fails |    Avg     Min     Max    Med |   req/s  failures/s
--------|----------------------------------------------------------------------------|-------|-------------|-------|-------|-------|-------|--------|-----------
GET      GET /api/v1/reservas                                                             483     0(0.00%) |     83      18     714     40 |   24.00        0.00
POST     POST /api/v1/auth/login                                                           50     0(0.00%) |   7203    1414   10423   7700 |    0.00        0.00
--------|----------------------------------------------------------------------------|-------|-------------|-------|-------|-------|-------|--------|-----------
         Aggregated                                                                       533     0(0.00%) |    751      18   10423     46 |   24.00        0.00

Type     Name                                                                          # reqs      # fails |    Avg     Min     Max    Med |   req/s  failures/s
--------|----------------------------------------------------------------------------|-------|-------------|-------|-------|-------|-------|--------|-----------
GET      GET /api/v1/reservas                                                             530     0(0.00%) |     80      18     714     39 |   24.20        0.00
POST     POST /api/v1/auth/login                                                           50     0(0.00%) |   7203    1414   10423   7700 |    0.00        0.00
--------|----------------------------------------------------------------------------|-------|-------------|-------|-------|-------|-------|--------|-----------
         Aggregated                                                                       580     0(0.00%) |    694      18   10423     45 |   24.20        0.00

Type     Name                                                                          # reqs      # fails |    Avg     Min     Max    Med |   req/s  failures/s
--------|----------------------------------------------------------------------------|-------|-------------|-------|-------|-------|-------|--------|-----------
GET      GET /api/v1/reservas                                                             579     0(0.00%) |     75      17     714     36 |   23.80        0.00
POST     POST /api/v1/auth/login                                                           50     0(0.00%) |   7203    1414   10423   7700 |    0.00        0.00
--------|----------------------------------------------------------------------------|-------|-------------|-------|-------|-------|-------|--------|-----------
         Aggregated                                                                       629     0(0.00%) |    642      17   10423     40 |   23.80        0.00

Type     Name                                                                          # reqs      # fails |    Avg     Min     Max    Med |   req/s  failures/s
--------|----------------------------------------------------------------------------|-------|-------------|-------|-------|-------|-------|--------|-----------
GET      GET /api/v1/reservas                                                             631     0(0.00%) |     72      16     714     35 |   24.20        0.00
POST     POST /api/v1/auth/login                                                           50     0(0.00%) |   7203    1414   10423   7700 |    0.00        0.00
--------|----------------------------------------------------------------------------|-------|-------------|-------|-------|-------|-------|--------|-----------
         Aggregated                                                                       681     0(0.00%) |    595      16   10423     38 |   24.20        0.00

Type     Name                                                                          # reqs      # fails |    Avg     Min     Max    Med |   req/s  failures/s
--------|----------------------------------------------------------------------------|-------|-------------|-------|-------|-------|-------|--------|-----------
GET      GET /api/v1/reservas                                                             675     0(0.00%) |     68      16     714     33 |   25.10        0.00
POST     POST /api/v1/auth/login                                                           50     0(0.00%) |   7203    1414   10423   7700 |    0.00        0.00
--------|----------------------------------------------------------------------------|-------|-------------|-------|-------|-------|-------|--------|-----------
         Aggregated                                                                       725     0(0.00%) |    560      16   10423     35 |   25.10        0.00

Type     Name                                                                          # reqs      # fails |    Avg     Min     Max    Med |   req/s  failures/s
--------|----------------------------------------------------------------------------|-------|-------------|-------|-------|-------|-------|--------|-----------
GET      GET /api/v1/reservas                                                             728     0(0.00%) |     72      16     714     34 |   24.20        0.00
POST     POST /api/v1/auth/login                                                           50     0(0.00%) |   7203    1414   10423   7700 |    0.00        0.00
--------|----------------------------------------------------------------------------|-------|-------------|-------|-------|-------|-------|--------|-----------
         Aggregated                                                                       778     0(0.00%) |    530      16   10423     36 |   24.20        0.00

Type     Name                                                                          # reqs      # fails |    Avg     Min     Max    Med |   req/s  failures/s
--------|----------------------------------------------------------------------------|-------|-------------|-------|-------|-------|-------|--------|-----------
GET      GET /api/v1/reservas                                                             776     0(0.00%) |     70      16     714     34 |   24.50        0.00
POST     POST /api/v1/auth/login                                                           50     0(0.00%) |   7203    1414   10423   7700 |    0.00        0.00
--------|----------------------------------------------------------------------------|-------|-------------|-------|-------|-------|-------|--------|-----------
         Aggregated                                                                       826     0(0.00%) |    501      16   10423     35 |   24.50        0.00

Type     Name                                                                          # reqs      # fails |    Avg     Min     Max    Med |   req/s  failures/s
--------|----------------------------------------------------------------------------|-------|-------------|-------|-------|-------|-------|--------|-----------
GET      GET /api/v1/reservas                                                             820     0(0.00%) |     68      16     714     32 |   25.20        0.00
POST     POST /api/v1/auth/login                                                           50     0(0.00%) |   7203    1414   10423   7700 |    0.00        0.00
--------|----------------------------------------------------------------------------|-------|-------------|-------|-------|-------|-------|--------|-----------
         Aggregated                                                                       870     0(0.00%) |    478      16   10423     34 |   25.20        0.00

Type     Name                                                                          # reqs      # fails |    Avg     Min     Max    Med |   req/s  failures/s
--------|----------------------------------------------------------------------------|-------|-------------|-------|-------|-------|-------|--------|-----------
GET      GET /api/v1/reservas                                                             870     0(0.00%) |     65      14     714     30 |   24.30        0.00
POST     POST /api/v1/auth/login                                                           50     0(0.00%) |   7203    1414   10423   7700 |    0.00        0.00
--------|----------------------------------------------------------------------------|-------|-------------|-------|-------|-------|-------|--------|-----------
         Aggregated                                                                       920     0(0.00%) |    453      14   10423     32 |   24.30        0.00

Type     Name                                                                          # reqs      # fails |    Avg     Min     Max    Med |   req/s  failures/s
--------|----------------------------------------------------------------------------|-------|-------------|-------|-------|-------|-------|--------|-----------
GET      GET /api/v1/reservas                                                             919     0(0.00%) |     63      14     714     29 |   23.60        0.00
POST     POST /api/v1/auth/login                                                           50     0(0.00%) |   7203    1414   10423   7700 |    0.00        0.00
--------|----------------------------------------------------------------------------|-------|-------------|-------|-------|-------|-------|--------|-----------
         Aggregated                                                                       969     0(0.00%) |    431      14   10423     31 |   23.60        0.00

Type     Name                                                                          # reqs      # fails |    Avg     Min     Max    Med |   req/s  failures/s
--------|----------------------------------------------------------------------------|-------|-------------|-------|-------|-------|-------|--------|-----------
GET      GET /api/v1/reservas                                                             971     0(0.00%) |     61      14     714     28 |   24.40        0.00
POST     POST /api/v1/auth/login                                                           50     0(0.00%) |   7203    1414   10423   7700 |    0.00        0.00
--------|----------------------------------------------------------------------------|-------|-------------|-------|-------|-------|-------|--------|-----------
         Aggregated                                                                      1021     0(0.00%) |    410      14   10423     30 |   24.40        0.00

Type     Name                                                                          # reqs      # fails |    Avg     Min     Max    Med |   req/s  failures/s
--------|----------------------------------------------------------------------------|-------|-------------|-------|-------|-------|-------|--------|-----------
GET      GET /api/v1/reservas                                                            1026     0(0.00%) |     59      14     714     28 |   24.40        0.00
POST     POST /api/v1/auth/login                                                           50     0(0.00%) |   7203    1414   10423   7700 |    0.00        0.00
--------|----------------------------------------------------------------------------|-------|-------------|-------|-------|-------|-------|--------|-----------
         Aggregated                                                                      1076     0(0.00%) |    391      14   10423     29 |   24.40        0.00

Type     Name                                                                          # reqs      # fails |    Avg     Min     Max    Med |   req/s  failures/s
--------|----------------------------------------------------------------------------|-------|-------------|-------|-------|-------|-------|--------|-----------
GET      GET /api/v1/reservas                                                            1080     0(0.00%) |     57      14     714     27 |   24.70        0.00
POST     POST /api/v1/auth/login                                                           50     0(0.00%) |   7203    1414   10423   7700 |    0.00        0.00
--------|----------------------------------------------------------------------------|-------|-------------|-------|-------|-------|-------|--------|-----------
         Aggregated                                                                      1130     0(0.00%) |    373      14   10423     28 |   24.70        0.00

Type     Name                                                                          # reqs      # fails |    Avg     Min     Max    Med |   req/s  failures/s
--------|----------------------------------------------------------------------------|-------|-------------|-------|-------|-------|-------|--------|-----------
GET      GET /api/v1/reservas                                                            1126     0(0.00%) |     56      13     714     26 |   25.90        0.00
POST     POST /api/v1/auth/login                                                           50     0(0.00%) |   7203    1414   10423   7700 |    0.00        0.00
--------|----------------------------------------------------------------------------|-------|-------------|-------|-------|-------|-------|--------|-----------
         Aggregated                                                                      1176     0(0.00%) |    359      13   10423     27 |   25.90        0.00

Type     Name                                                                          # reqs      # fails |    Avg     Min     Max    Med |   req/s  failures/s
--------|----------------------------------------------------------------------------|-------|-------------|-------|-------|-------|-------|--------|-----------
GET      GET /api/v1/reservas                                                            1184     0(0.00%) |     54      13     714     26 |   25.70        0.00
POST     POST /api/v1/auth/login                                                           50     0(0.00%) |   7203    1414   10423   7700 |    0.00        0.00
--------|----------------------------------------------------------------------------|-------|-------------|-------|-------|-------|-------|--------|-----------
         Aggregated                                                                      1234     0(0.00%) |    343      13   10423     26 |   25.70        0.00

Type     Name                                                                          # reqs      # fails |    Avg     Min     Max    Med |   req/s  failures/s
--------|----------------------------------------------------------------------------|-------|-------------|-------|-------|-------|-------|--------|-----------
GET      GET /api/v1/reservas                                                            1229     0(0.00%) |     52      13     714     25 |   25.70        0.00
POST     POST /api/v1/auth/login                                                           50     0(0.00%) |   7203    1414   10423   7700 |    0.00        0.00
--------|----------------------------------------------------------------------------|-------|-------------|-------|-------|-------|-------|--------|-----------
         Aggregated                                                                      1279     0(0.00%) |    332      13   10423     26 |   25.70        0.00

Type     Name                                                                          # reqs      # fails |    Avg     Min     Max    Med |   req/s  failures/s
--------|----------------------------------------------------------------------------|-------|-------------|-------|-------|-------|-------|--------|-----------
GET      GET /api/v1/reservas                                                            1283     0(0.00%) |     51      13     714     25 |   25.70        0.00
POST     POST /api/v1/auth/login                                                           50     0(0.00%) |   7203    1414   10423   7700 |    0.00        0.00
--------|----------------------------------------------------------------------------|-------|-------------|-------|-------|-------|-------|--------|-----------
         Aggregated                                                                      1333     0(0.00%) |    319      13   10423     25 |   25.70        0.00

Type     Name                                                                          # reqs      # fails |    Avg     Min     Max    Med |   req/s  failures/s
--------|----------------------------------------------------------------------------|-------|-------------|-------|-------|-------|-------|--------|-----------
GET      GET /api/v1/reservas                                                            1335     0(0.00%) |     50      12     714     25 |   25.80        0.00
POST     POST /api/v1/auth/login                                                           50     0(0.00%) |   7203    1414   10423   7700 |    0.00        0.00
--------|----------------------------------------------------------------------------|-------|-------------|-------|-------|-------|-------|--------|-----------
         Aggregated                                                                      1385     0(0.00%) |    308      12   10423     25 |   25.80        0.00

Type     Name                                                                          # reqs      # fails |    Avg     Min     Max    Med |   req/s  failures/s
--------|----------------------------------------------------------------------------|-------|-------------|-------|-------|-------|-------|--------|-----------
GET      GET /api/v1/reservas                                                            1387     0(0.00%) |     49      12     714     24 |   25.30        0.00
POST     POST /api/v1/auth/login                                                           50     0(0.00%) |   7203    1414   10423   7700 |    0.00        0.00
--------|----------------------------------------------------------------------------|-------|-------------|-------|-------|-------|-------|--------|-----------
         Aggregated                                                                      1437     0(0.00%) |    298      12   10423     25 |   25.30        0.00

Type     Name                                                                          # reqs      # fails |    Avg     Min     Max    Med |   req/s  failures/s
--------|----------------------------------------------------------------------------|-------|-------------|-------|-------|-------|-------|--------|-----------
GET      GET /api/v1/reservas                                                            1429     0(0.00%) |     48      12     714     24 |   25.60        0.00
POST     POST /api/v1/auth/login                                                           50     0(0.00%) |   7203    1414   10423   7700 |    0.00        0.00
--------|----------------------------------------------------------------------------|-------|-------------|-------|-------|-------|-------|--------|-----------
         Aggregated                                                                      1479     0(0.00%) |    290      12   10423     24 |   25.60        0.00

Type     Name                                                                          # reqs      # fails |    Avg     Min     Max    Med |   req/s  failures/s
--------|----------------------------------------------------------------------------|-------|-------------|-------|-------|-------|-------|--------|-----------
GET      GET /api/v1/reservas                                                            1478     0(0.00%) |     47      12     714     23 |   24.80        0.00
POST     POST /api/v1/auth/login                                                           50     0(0.00%) |   7203    1414   10423   7700 |    0.00        0.00
--------|----------------------------------------------------------------------------|-------|-------------|-------|-------|-------|-------|--------|-----------
         Aggregated                                                                      1528     0(0.00%) |    281      12   10423     24 |   24.80        0.00

Type     Name                                                                          # reqs      # fails |    Avg     Min     Max    Med |   req/s  failures/s
--------|----------------------------------------------------------------------------|-------|-------------|-------|-------|-------|-------|--------|-----------
GET      GET /api/v1/reservas                                                            1525     0(0.00%) |     46      12     714     24 |   24.60        0.00
POST     POST /api/v1/auth/login                                                           50     0(0.00%) |   7203    1414   10423   7700 |    0.00        0.00
--------|----------------------------------------------------------------------------|-------|-------------|-------|-------|-------|-------|--------|-----------
         Aggregated                                                                      1575     0(0.00%) |    273      12   10423     24 |   24.60        0.00

Type     Name                                                                          # reqs      # fails |    Avg     Min     Max    Med |   req/s  failures/s
--------|----------------------------------------------------------------------------|-------|-------------|-------|-------|-------|-------|--------|-----------
GET      GET /api/v1/reservas                                                            1579     0(0.00%) |     45      12     714     23 |   23.80        0.00
POST     POST /api/v1/auth/login                                                           50     0(0.00%) |   7203    1414   10423   7700 |    0.00        0.00
--------|----------------------------------------------------------------------------|-------|-------------|-------|-------|-------|-------|--------|-----------
         Aggregated                                                                      1629     0(0.00%) |    265      12   10423     24 |   23.80        0.00

Type     Name                                                                          # reqs      # fails |    Avg     Min     Max    Med |   req/s  failures/s
--------|----------------------------------------------------------------------------|-------|-------------|-------|-------|-------|-------|--------|-----------
GET      GET /api/v1/reservas                                                            1628     0(0.00%) |     44      11     714     23 |   24.40        0.00
POST     POST /api/v1/auth/login                                                           50     0(0.00%) |   7203    1414   10423   7700 |    0.00        0.00
--------|----------------------------------------------------------------------------|-------|-------------|-------|-------|-------|-------|--------|-----------
         Aggregated                                                                      1678     0(0.00%) |    258      11   10423     23 |   24.40        0.00

Type     Name                                                                          # reqs      # fails |    Avg     Min     Max    Med |   req/s  failures/s
--------|----------------------------------------------------------------------------|-------|-------------|-------|-------|-------|-------|--------|-----------
GET      GET /api/v1/reservas                                                            1680     0(0.00%) |     44      11     714     23 |   24.40        0.00
POST     POST /api/v1/auth/login                                                           50     0(0.00%) |   7203    1414   10423   7700 |    0.00        0.00
--------|----------------------------------------------------------------------------|-------|-------------|-------|-------|-------|-------|--------|-----------
         Aggregated                                                                      1730     0(0.00%) |    251      11   10423     23 |   24.40        0.00

Type     Name                                                                          # reqs      # fails |    Avg     Min     Max    Med |   req/s  failures/s
--------|----------------------------------------------------------------------------|-------|-------------|-------|-------|-------|-------|--------|-----------
GET      GET /api/v1/reservas                                                            1730     0(0.00%) |     43      11     714     22 |   25.50        0.00
POST     POST /api/v1/auth/login                                                           50     0(0.00%) |   7203    1414   10423   7700 |    0.00        0.00
--------|----------------------------------------------------------------------------|-------|-------------|-------|-------|-------|-------|--------|-----------
         Aggregated                                                                      1780     0(0.00%) |    244      11   10423     23 |   25.50        0.00

Type     Name                                                                          # reqs      # fails |    Avg     Min     Max    Med |   req/s  failures/s
--------|----------------------------------------------------------------------------|-------|-------------|-------|-------|-------|-------|--------|-----------
GET      GET /api/v1/reservas                                                            1772     0(0.00%) |     42      11     714     22 |   25.00        0.00
POST     POST /api/v1/auth/login                                                           50     0(0.00%) |   7203    1414   10423   7700 |    0.00        0.00
--------|----------------------------------------------------------------------------|-------|-------------|-------|-------|-------|-------|--------|-----------
         Aggregated                                                                      1822     0(0.00%) |    239      11   10423     22 |   25.00        0.00

Type     Name                                                                          # reqs      # fails |    Avg     Min     Max    Med |   req/s  failures/s
--------|----------------------------------------------------------------------------|-------|-------------|-------|-------|-------|-------|--------|-----------
GET      GET /api/v1/reservas                                                            1821     0(0.00%) |     42      11     714     22 |   24.90        0.00
POST     POST /api/v1/auth/login                                                           50     0(0.00%) |   7203    1414   10423   7700 |    0.00        0.00
--------|----------------------------------------------------------------------------|-------|-------------|-------|-------|-------|-------|--------|-----------
         Aggregated                                                                      1871     0(0.00%) |    233      11   10423     22 |   24.90        0.00

Type     Name                                                                          # reqs      # fails |    Avg     Min     Max    Med |   req/s  failures/s
--------|----------------------------------------------------------------------------|-------|-------------|-------|-------|-------|-------|--------|-----------
GET      GET /api/v1/reservas                                                            1865     0(0.00%) |     41      11     714     22 |   24.00        0.00
POST     POST /api/v1/auth/login                                                           50     0(0.00%) |   7203    1414   10423   7700 |    0.00        0.00
--------|----------------------------------------------------------------------------|-------|-------------|-------|-------|-------|-------|--------|-----------
         Aggregated                                                                      1915     0(0.00%) |    228      11   10423     22 |   24.00        0.00

Type     Name                                                                          # reqs      # fails |    Avg     Min     Max    Med |   req/s  failures/s
--------|----------------------------------------------------------------------------|-------|-------------|-------|-------|-------|-------|--------|-----------
GET      GET /api/v1/reservas                                                            1911     0(0.00%) |     40      11     714     21 |   24.00        0.00
POST     POST /api/v1/auth/login                                                           50     0(0.00%) |   7203    1414   10423   7700 |    0.00        0.00
--------|----------------------------------------------------------------------------|-------|-------------|-------|-------|-------|-------|--------|-----------
         Aggregated                                                                      1961     0(0.00%) |    223      11   10423     22 |   24.00        0.00

Type     Name                                                                          # reqs      # fails |    Avg     Min     Max    Med |   req/s  failures/s
--------|----------------------------------------------------------------------------|-------|-------------|-------|-------|-------|-------|--------|-----------
GET      GET /api/v1/reservas                                                            1966     0(0.00%) |     40      11     714     21 |   23.20        0.00
POST     POST /api/v1/auth/login                                                           50     0(0.00%) |   7203    1414   10423   7700 |    0.00        0.00
--------|----------------------------------------------------------------------------|-------|-------------|-------|-------|-------|-------|--------|-----------
         Aggregated                                                                      2016     0(0.00%) |    217      11   10423     22 |   23.20        0.00

Type     Name                                                                          # reqs      # fails |    Avg     Min     Max    Med |   req/s  failures/s
--------|----------------------------------------------------------------------------|-------|-------------|-------|-------|-------|-------|--------|-----------
GET      GET /api/v1/reservas                                                            2015     0(0.00%) |     39      11     714     21 |   24.00        0.00
POST     POST /api/v1/auth/login                                                           50     0(0.00%) |   7203    1414   10423   7700 |    0.00        0.00
--------|----------------------------------------------------------------------------|-------|-------------|-------|-------|-------|-------|--------|-----------
         Aggregated                                                                      2065     0(0.00%) |    213      11   10423     21 |   24.00        0.00

Type     Name                                                                          # reqs      # fails |    Avg     Min     Max    Med |   req/s  failures/s
--------|----------------------------------------------------------------------------|-------|-------------|-------|-------|-------|-------|--------|-----------
GET      GET /api/v1/reservas                                                            2062     0(0.00%) |     39      11     714     21 |   24.60        0.00
POST     POST /api/v1/auth/login                                                           50     0(0.00%) |   7203    1414   10423   7700 |    0.00        0.00
--------|----------------------------------------------------------------------------|-------|-------------|-------|-------|-------|-------|--------|-----------
         Aggregated                                                                      2112     0(0.00%) |    208      11   10423     21 |   24.60        0.00

Type     Name                                                                          # reqs      # fails |    Avg     Min     Max    Med |   req/s  failures/s
--------|----------------------------------------------------------------------------|-------|-------------|-------|-------|-------|-------|--------|-----------
GET      GET /api/v1/reservas                                                            2110     0(0.00%) |     38       9     714     21 |   24.40        0.00
POST     POST /api/v1/auth/login                                                           50     0(0.00%) |   7203    1414   10423   7700 |    0.00        0.00
--------|----------------------------------------------------------------------------|-------|-------------|-------|-------|-------|-------|--------|-----------
         Aggregated                                                                      2160     0(0.00%) |    204       9   10423     21 |   24.40        0.00

Type     Name                                                                          # reqs      # fails |    Avg     Min     Max    Med |   req/s  failures/s
--------|----------------------------------------------------------------------------|-------|-------------|-------|-------|-------|-------|--------|-----------
GET      GET /api/v1/reservas                                                            2161     0(0.00%) |     38       9     714     21 |   24.50        0.00
POST     POST /api/v1/auth/login                                                           50     0(0.00%) |   7203    1414   10423   7700 |    0.00        0.00
--------|----------------------------------------------------------------------------|-------|-------------|-------|-------|-------|-------|--------|-----------
         Aggregated                                                                      2211     0(0.00%) |    200       9   10423     21 |   24.50        0.00

Type     Name                                                                          # reqs      # fails |    Avg     Min     Max    Med |   req/s  failures/s
--------|----------------------------------------------------------------------------|-------|-------------|-------|-------|-------|-------|--------|-----------
GET      GET /api/v1/reservas                                                            2209     0(0.00%) |     37       9     714     20 |   24.40        0.00
POST     POST /api/v1/auth/login                                                           50     0(0.00%) |   7203    1414   10423   7700 |    0.00        0.00
--------|----------------------------------------------------------------------------|-------|-------------|-------|-------|-------|-------|--------|-----------
         Aggregated                                                                      2259     0(0.00%) |    196       9   10423     21 |   24.40        0.00

Type     Name                                                                          # reqs      # fails |    Avg     Min     Max    Med |   req/s  failures/s
--------|----------------------------------------------------------------------------|-------|-------------|-------|-------|-------|-------|--------|-----------
GET      GET /api/v1/reservas                                                            2256     0(0.00%) |     37       9     714     20 |   24.10        0.00
POST     POST /api/v1/auth/login                                                           50     0(0.00%) |   7203    1414   10423   7700 |    0.00        0.00
--------|----------------------------------------------------------------------------|-------|-------------|-------|-------|-------|-------|--------|-----------
         Aggregated                                                                      2306     0(0.00%) |    192       9   10423     21 |   24.10        0.00

Type     Name                                                                          # reqs      # fails |    Avg     Min     Max    Med |   req/s  failures/s
--------|----------------------------------------------------------------------------|-------|-------------|-------|-------|-------|-------|--------|-----------
GET      GET /api/v1/reservas                                                            2305     0(0.00%) |     37       9     714     20 |   23.80        0.00
POST     POST /api/v1/auth/login                                                           50     0(0.00%) |   7203    1414   10423   7700 |    0.00        0.00
--------|----------------------------------------------------------------------------|-------|-------------|-------|-------|-------|-------|--------|-----------
         Aggregated                                                                      2355     0(0.00%) |    189       9   10423     20 |   23.80        0.00

Type     Name                                                                          # reqs      # fails |    Avg     Min     Max    Med |   req/s  failures/s
--------|----------------------------------------------------------------------------|-------|-------------|-------|-------|-------|-------|--------|-----------
GET      GET /api/v1/reservas                                                            2353     0(0.00%) |     36       9     714     20 |   24.10        0.00
POST     POST /api/v1/auth/login                                                           50     0(0.00%) |   7203    1414   10423   7700 |    0.00        0.00
--------|----------------------------------------------------------------------------|-------|-------------|-------|-------|-------|-------|--------|-----------
         Aggregated                                                                      2403     0(0.00%) |    185       9   10423     20 |   24.10        0.00

Type     Name                                                                          # reqs      # fails |    Avg     Min     Max    Med |   req/s  failures/s
--------|----------------------------------------------------------------------------|-------|-------------|-------|-------|-------|-------|--------|-----------
GET      GET /api/v1/reservas                                                            2401     0(0.00%) |     36       9     714     20 |   24.20        0.00
POST     POST /api/v1/auth/login                                                           50     0(0.00%) |   7203    1414   10423   7700 |    0.00        0.00
--------|----------------------------------------------------------------------------|-------|-------------|-------|-------|-------|-------|--------|-----------
         Aggregated                                                                      2451     0(0.00%) |    182       9   10423     20 |   24.20        0.00

Type     Name                                                                          # reqs      # fails |    Avg     Min     Max    Med |   req/s  failures/s
--------|----------------------------------------------------------------------------|-------|-------------|-------|-------|-------|-------|--------|-----------
GET      GET /api/v1/reservas                                                            2450     0(0.00%) |     35       9     714     20 |   24.10        0.00
POST     POST /api/v1/auth/login                                                           50     0(0.00%) |   7203    1414   10423   7700 |    0.00        0.00
--------|----------------------------------------------------------------------------|-------|-------------|-------|-------|-------|-------|--------|-----------
         Aggregated                                                                      2500     0(0.00%) |    179       9   10423     20 |   24.10        0.00

Type     Name                                                                          # reqs      # fails |    Avg     Min     Max    Med |   req/s  failures/s
--------|----------------------------------------------------------------------------|-------|-------------|-------|-------|-------|-------|--------|-----------
GET      GET /api/v1/reservas                                                            2498     0(0.00%) |     35       9     714     20 |   23.80        0.00
POST     POST /api/v1/auth/login                                                           50     0(0.00%) |   7203    1414   10423   7700 |    0.00        0.00
--------|----------------------------------------------------------------------------|-------|-------------|-------|-------|-------|-------|--------|-----------
         Aggregated                                                                      2548     0(0.00%) |    176       9   10423     20 |   23.80        0.00

Type     Name                                                                          # reqs      # fails |    Avg     Min     Max    Med |   req/s  failures/s
--------|----------------------------------------------------------------------------|-------|-------------|-------|-------|-------|-------|--------|-----------
GET      GET /api/v1/reservas                                                            2542     0(0.00%) |     35       9     714     20 |   24.00        0.00
POST     POST /api/v1/auth/login                                                           50     0(0.00%) |   7203    1414   10423   7700 |    0.00        0.00
--------|----------------------------------------------------------------------------|-------|-------------|-------|-------|-------|-------|--------|-----------
         Aggregated                                                                      2592     0(0.00%) |    174       9   10423     20 |   24.00        0.00

Type     Name                                                                          # reqs      # fails |    Avg     Min     Max    Med |   req/s  failures/s
--------|----------------------------------------------------------------------------|-------|-------------|-------|-------|-------|-------|--------|-----------
GET      GET /api/v1/reservas                                                            2592     2(0.08%) |     40       9     735     20 |   23.60        0.00
POST     POST /api/v1/auth/login                                                           50     0(0.00%) |   7203    1414   10423   7700 |    0.00        0.00
--------|----------------------------------------------------------------------------|-------|-------------|-------|-------|-------|-------|--------|-----------
         Aggregated                                                                      2642     2(0.08%) |    175       9   10423     20 |   23.60        0.00

Type     Name                                                                          # reqs      # fails |    Avg     Min     Max    Med |   req/s  failures/s
--------|----------------------------------------------------------------------------|-------|-------------|-------|-------|-------|-------|--------|-----------
GET      GET /api/v1/reservas                                                            2642     2(0.08%) |     39       9     735     20 |   23.90        0.20
POST     POST /api/v1/auth/login                                                           50     0(0.00%) |   7203    1414   10423   7700 |    0.00        0.00
--------|----------------------------------------------------------------------------|-------|-------------|-------|-------|-------|-------|--------|-----------
         Aggregated                                                                      2692     2(0.07%) |    172       9   10423     20 |   23.90        0.20

Type     Name                                                                          # reqs      # fails |    Avg     Min     Max    Med |   req/s  failures/s
--------|----------------------------------------------------------------------------|-------|-------------|-------|-------|-------|-------|--------|-----------
GET      GET /api/v1/reservas                                                            2694     2(0.07%) |     39       9     735     20 |   24.20        0.20
POST     POST /api/v1/auth/login                                                           50     0(0.00%) |   7203    1414   10423   7700 |    0.00        0.00
--------|----------------------------------------------------------------------------|-------|-------------|-------|-------|-------|-------|--------|-----------
         Aggregated                                                                      2744     2(0.07%) |    169       9   10423     20 |   24.20        0.20

Type     Name                                                                          # reqs      # fails |    Avg     Min     Max    Med |   req/s  failures/s
--------|----------------------------------------------------------------------------|-------|-------------|-------|-------|-------|-------|--------|-----------
GET      GET /api/v1/reservas                                                            2744     2(0.07%) |     39       9     735     20 |   24.70        0.20
POST     POST /api/v1/auth/login                                                           50     0(0.00%) |   7203    1414   10423   7700 |    0.00        0.00
--------|----------------------------------------------------------------------------|-------|-------------|-------|-------|-------|-------|--------|-----------
         Aggregated                                                                      2794     2(0.07%) |    167       9   10423     20 |   24.70        0.20

Type     Name                                                                          # reqs      # fails |    Avg     Min     Max    Med |   req/s  failures/s
--------|----------------------------------------------------------------------------|-------|-------------|-------|-------|-------|-------|--------|-----------
GET      GET /api/v1/reservas                                                            2795     2(0.07%) |     38       9     735     20 |   24.50        0.20
POST     POST /api/v1/auth/login                                                           50     0(0.00%) |   7203    1414   10423   7700 |    0.00        0.00
--------|----------------------------------------------------------------------------|-------|-------------|-------|-------|-------|-------|--------|-----------
         Aggregated                                                                      2845     2(0.07%) |    164       9   10423     20 |   24.50        0.20

Type     Name                                                                          # reqs      # fails |    Avg     Min     Max    Med |   req/s  failures/s
--------|----------------------------------------------------------------------------|-------|-------------|-------|-------|-------|-------|--------|-----------
GET      GET /api/v1/reservas                                                            2838     2(0.07%) |     38       9     735     20 |   25.50        0.20
POST     POST /api/v1/auth/login                                                           50     0(0.00%) |   7203    1414   10423   7700 |    0.00        0.00
--------|----------------------------------------------------------------------------|-------|-------------|-------|-------|-------|-------|--------|-----------
         Aggregated                                                                      2888     2(0.07%) |    162       9   10423     20 |   25.50        0.20

Type     Name                                                                          # reqs      # fails |    Avg     Min     Max    Med |   req/s  failures/s
--------|----------------------------------------------------------------------------|-------|-------------|-------|-------|-------|-------|--------|-----------
GET      GET /api/v1/reservas                                                            2898     2(0.07%) |     38       9     735     20 |   24.40        0.00
POST     POST /api/v1/auth/login                                                           50     0(0.00%) |   7203    1414   10423   7700 |    0.00        0.00
--------|----------------------------------------------------------------------------|-------|-------------|-------|-------|-------|-------|--------|-----------
         Aggregated                                                                      2948     2(0.07%) |    159       9   10423     20 |   24.40        0.00

Type     Name                                                                          # reqs      # fails |    Avg     Min     Max    Med |   req/s  failures/s
--------|----------------------------------------------------------------------------|-------|-------------|-------|-------|-------|-------|--------|-----------
GET      GET /api/v1/reservas                                                            2945     2(0.07%) |     37       9     735     20 |   25.40        0.00
POST     POST /api/v1/auth/login                                                           50     0(0.00%) |   7203    1414   10423   7700 |    0.00        0.00
--------|----------------------------------------------------------------------------|-------|-------------|-------|-------|-------|-------|--------|-----------
         Aggregated                                                                      2995     2(0.07%) |    157       9   10423     20 |   25.40        0.00

Type     Name                                                                          # reqs      # fails |    Avg     Min     Max    Med |   req/s  failures/s
--------|----------------------------------------------------------------------------|-------|-------------|-------|-------|-------|-------|--------|-----------
GET      GET /api/v1/reservas                                                            2989     2(0.07%) |     37       9     735     19 |   25.20        0.00
POST     POST /api/v1/auth/login                                                           50     0(0.00%) |   7203    1414   10423   7700 |    0.00        0.00
--------|----------------------------------------------------------------------------|-------|-------------|-------|-------|-------|-------|--------|-----------
         Aggregated                                                                      3039     2(0.07%) |    155       9   10423     20 |   25.20        0.00

Type     Name                                                                          # reqs      # fails |    Avg     Min     Max    Med |   req/s  failures/s
--------|----------------------------------------------------------------------------|-------|-------------|-------|-------|-------|-------|--------|-----------
GET      GET /api/v1/reservas                                                            3041     2(0.07%) |     37       9     735     19 |   24.50        0.00
POST     POST /api/v1/auth/login                                                           50     0(0.00%) |   7203    1414   10423   7700 |    0.00        0.00
--------|----------------------------------------------------------------------------|-------|-------------|-------|-------|-------|-------|--------|-----------
         Aggregated                                                                      3091     2(0.06%) |    153       9   10423     20 |   24.50        0.00

Type     Name                                                                          # reqs      # fails |    Avg     Min     Max    Med |   req/s  failures/s
--------|----------------------------------------------------------------------------|-------|-------------|-------|-------|-------|-------|--------|-----------
GET      GET /api/v1/reservas                                                            3087     2(0.06%) |     36       9     735     19 |   24.20        0.00
POST     POST /api/v1/auth/login                                                           50     0(0.00%) |   7203    1414   10423   7700 |    0.00        0.00
--------|----------------------------------------------------------------------------|-------|-------------|-------|-------|-------|-------|--------|-----------
         Aggregated                                                                      3137     2(0.06%) |    151       9   10423     19 |   24.20        0.00

Type     Name                                                                          # reqs      # fails |    Avg     Min     Max    Med |   req/s  failures/s
--------|----------------------------------------------------------------------------|-------|-------------|-------|-------|-------|-------|--------|-----------
GET      GET /api/v1/reservas                                                            3141     2(0.06%) |     36       9     735     19 |   25.10        0.00
POST     POST /api/v1/auth/login                                                           50     0(0.00%) |   7203    1414   10423   7700 |    0.00        0.00
--------|----------------------------------------------------------------------------|-------|-------------|-------|-------|-------|-------|--------|-----------
         Aggregated                                                                      3191     2(0.06%) |    148       9   10423     19 |   25.10        0.00

Type     Name                                                                          # reqs      # fails |    Avg     Min     Max    Med |   req/s  failures/s
--------|----------------------------------------------------------------------------|-------|-------------|-------|-------|-------|-------|--------|-----------
GET      GET /api/v1/reservas                                                            3187     2(0.06%) |     36       9     735     19 |   24.30        0.00
POST     POST /api/v1/auth/login                                                           50     0(0.00%) |   7203    1414   10423   7700 |    0.00        0.00
--------|----------------------------------------------------------------------------|-------|-------------|-------|-------|-------|-------|--------|-----------
         Aggregated                                                                      3237     2(0.06%) |    146       9   10423     19 |   24.30        0.00

Type     Name                                                                          # reqs      # fails |    Avg     Min     Max    Med |   req/s  failures/s
--------|----------------------------------------------------------------------------|-------|-------------|-------|-------|-------|-------|--------|-----------
GET      GET /api/v1/reservas                                                            3244     2(0.06%) |     35       9     735     19 |   24.00        0.00
POST     POST /api/v1/auth/login                                                           50     0(0.00%) |   7203    1414   10423   7700 |    0.00        0.00
--------|----------------------------------------------------------------------------|-------|-------------|-------|-------|-------|-------|--------|-----------
         Aggregated                                                                      3294     2(0.06%) |    144       9   10423     19 |   24.00        0.00

Type     Name                                                                          # reqs      # fails |    Avg     Min     Max    Med |   req/s  failures/s
--------|----------------------------------------------------------------------------|-------|-------------|-------|-------|-------|-------|--------|-----------
GET      GET /api/v1/reservas                                                            3288     2(0.06%) |     35       9     735     19 |   25.70        0.00
POST     POST /api/v1/auth/login                                                           50     0(0.00%) |   7203    1414   10423   7700 |    0.00        0.00
--------|----------------------------------------------------------------------------|-------|-------------|-------|-------|-------|-------|--------|-----------
         Aggregated                                                                      3338     2(0.06%) |    142       9   10423     19 |   25.70        0.00

Type     Name                                                                          # reqs      # fails |    Avg     Min     Max    Med |   req/s  failures/s
--------|----------------------------------------------------------------------------|-------|-------------|-------|-------|-------|-------|--------|-----------
GET      GET /api/v1/reservas                                                            3340     2(0.06%) |     35       9     735     19 |   24.80        0.00
POST     POST /api/v1/auth/login                                                           50     0(0.00%) |   7203    1414   10423   7700 |    0.00        0.00
--------|----------------------------------------------------------------------------|-------|-------------|-------|-------|-------|-------|--------|-----------
         Aggregated                                                                      3390     2(0.06%) |    141       9   10423     19 |   24.80        0.00

Type     Name                                                                          # reqs      # fails |    Avg     Min     Max    Med |   req/s  failures/s
--------|----------------------------------------------------------------------------|-------|-------------|-------|-------|-------|-------|--------|-----------
GET      GET /api/v1/reservas                                                            3398     2(0.06%) |     35       9     735     19 |   25.20        0.00
POST     POST /api/v1/auth/login                                                           50     0(0.00%) |   7203    1414   10423   7700 |    0.00        0.00
--------|----------------------------------------------------------------------------|-------|-------------|-------|-------|-------|-------|--------|-----------
         Aggregated                                                                      3448     2(0.06%) |    139       9   10423     19 |   25.20        0.00

Type     Name                                                                          # reqs      # fails |    Avg     Min     Max    Med |   req/s  failures/s
--------|----------------------------------------------------------------------------|-------|-------------|-------|-------|-------|-------|--------|-----------
GET      GET /api/v1/reservas                                                            3455     2(0.06%) |     34       9     735     19 |   26.00        0.00
POST     POST /api/v1/auth/login                                                           50     0(0.00%) |   7203    1414   10423   7700 |    0.00        0.00
--------|----------------------------------------------------------------------------|-------|-------------|-------|-------|-------|-------|--------|-----------
         Aggregated                                                                      3505     2(0.06%) |    137       9   10423     19 |   26.00        0.00

Type     Name                                                                          # reqs      # fails |    Avg     Min     Max    Med |   req/s  failures/s
--------|----------------------------------------------------------------------------|-------|-------------|-------|-------|-------|-------|--------|-----------
GET      GET /api/v1/reservas                                                            3502     2(0.06%) |     34       9     735     19 |   26.30        0.00
POST     POST /api/v1/auth/login                                                           50     0(0.00%) |   7203    1414   10423   7700 |    0.00        0.00
--------|----------------------------------------------------------------------------|-------|-------------|-------|-------|-------|-------|--------|-----------
         Aggregated                                                                      3552     2(0.06%) |    135       9   10423     19 |   26.30        0.00

Type     Name                                                                          # reqs      # fails |    Avg     Min     Max    Med |   req/s  failures/s
--------|----------------------------------------------------------------------------|-------|-------------|-------|-------|-------|-------|--------|-----------
GET      GET /api/v1/reservas                                                            3548     2(0.06%) |     34       9     735     18 |   25.90        0.00
POST     POST /api/v1/auth/login                                                           50     0(0.00%) |   7203    1414   10423   7700 |    0.00        0.00
--------|----------------------------------------------------------------------------|-------|-------------|-------|-------|-------|-------|--------|-----------
         Aggregated                                                                      3598     2(0.06%) |    133       9   10423     19 |   25.90        0.00

Type     Name                                                                          # reqs      # fails |    Avg     Min     Max    Med |   req/s  failures/s
--------|----------------------------------------------------------------------------|-------|-------------|-------|-------|-------|-------|--------|-----------
GET      GET /api/v1/reservas                                                            3602     2(0.06%) |     33       9     735     18 |   26.30        0.00
POST     POST /api/v1/auth/login                                                           50     0(0.00%) |   7203    1414   10423   7700 |    0.00        0.00
--------|----------------------------------------------------------------------------|-------|-------------|-------|-------|-------|-------|--------|-----------
         Aggregated                                                                      3652     2(0.05%) |    132       9   10423     18 |   26.30        0.00

Type     Name                                                                          # reqs      # fails |    Avg     Min     Max    Med |   req/s  failures/s
--------|----------------------------------------------------------------------------|-------|-------------|-------|-------|-------|-------|--------|-----------
GET      GET /api/v1/reservas                                                            3654     2(0.05%) |     33       9     735     18 |   25.90        0.00
POST     POST /api/v1/auth/login                                                           50     0(0.00%) |   7203    1414   10423   7700 |    0.00        0.00
--------|----------------------------------------------------------------------------|-------|-------------|-------|-------|-------|-------|--------|-----------
         Aggregated                                                                      3704     2(0.05%) |    130       9   10423     18 |   25.90        0.00

Type     Name                                                                          # reqs      # fails |    Avg     Min     Max    Med |   req/s  failures/s
--------|----------------------------------------------------------------------------|-------|-------------|-------|-------|-------|-------|--------|-----------
GET      GET /api/v1/reservas                                                            3705     2(0.05%) |     33       9     735     18 |   25.40        0.00
POST     POST /api/v1/auth/login                                                           50     0(0.00%) |   7203    1414   10423   7700 |    0.00        0.00
--------|----------------------------------------------------------------------------|-------|-------------|-------|-------|-------|-------|--------|-----------
         Aggregated                                                                      3755     2(0.05%) |    128       9   10423     18 |   25.40        0.00

Type     Name                                                                          # reqs      # fails |    Avg     Min     Max    Med |   req/s  failures/s
--------|----------------------------------------------------------------------------|-------|-------------|-------|-------|-------|-------|--------|-----------
GET      GET /api/v1/reservas                                                            3756     2(0.05%) |     33       9     735     18 |   25.10        0.00
POST     POST /api/v1/auth/login                                                           50     0(0.00%) |   7203    1414   10423   7700 |    0.00        0.00
--------|----------------------------------------------------------------------------|-------|-------------|-------|-------|-------|-------|--------|-----------
         Aggregated                                                                      3806     2(0.05%) |    127       9   10423     18 |   25.10        0.00

Type     Name                                                                          # reqs      # fails |    Avg     Min     Max    Med |   req/s  failures/s
--------|----------------------------------------------------------------------------|-------|-------------|-------|-------|-------|-------|--------|-----------
GET      GET /api/v1/reservas                                                            3800     2(0.05%) |     33       9     735     18 |   25.20        0.00
POST     POST /api/v1/auth/login                                                           50     0(0.00%) |   7203    1414   10423   7700 |    0.00        0.00
--------|----------------------------------------------------------------------------|-------|-------------|-------|-------|-------|-------|--------|-----------
         Aggregated                                                                      3850     2(0.05%) |    126       9   10423     18 |   25.20        0.00

Type     Name                                                                          # reqs      # fails |    Avg     Min     Max    Med |   req/s  failures/s
--------|----------------------------------------------------------------------------|-------|-------------|-------|-------|-------|-------|--------|-----------
GET      GET /api/v1/reservas                                                            3856     2(0.05%) |     32       9     735     18 |   25.40        0.00
POST     POST /api/v1/auth/login                                                           50     0(0.00%) |   7203    1414   10423   7700 |    0.00        0.00
--------|----------------------------------------------------------------------------|-------|-------------|-------|-------|-------|-------|--------|-----------
         Aggregated                                                                      3906     2(0.05%) |    124       9   10423     18 |   25.40        0.00

Type     Name                                                                          # reqs      # fails |    Avg     Min     Max    Med |   req/s  failures/s
--------|----------------------------------------------------------------------------|-------|-------------|-------|-------|-------|-------|--------|-----------
GET      GET /api/v1/reservas                                                            3898     2(0.05%) |     32       9     735     18 |   25.60        0.00
POST     POST /api/v1/auth/login                                                           50     0(0.00%) |   7203    1414   10423   7700 |    0.00        0.00
--------|----------------------------------------------------------------------------|-------|-------------|-------|-------|-------|-------|--------|-----------
         Aggregated                                                                      3948     2(0.05%) |    123       9   10423     18 |   25.60        0.00

Type     Name                                                                          # reqs      # fails |    Avg     Min     Max    Med |   req/s  failures/s
--------|----------------------------------------------------------------------------|-------|-------------|-------|-------|-------|-------|--------|-----------
GET      GET /api/v1/reservas                                                            3944     2(0.05%) |     33       9     735     18 |   24.40        0.00
POST     POST /api/v1/auth/login                                                           50     0(0.00%) |   7203    1414   10423   7700 |    0.00        0.00
--------|----------------------------------------------------------------------------|-------|-------------|-------|-------|-------|-------|--------|-----------
         Aggregated                                                                      3994     2(0.05%) |    123       9   10423     18 |   24.40        0.00

Type     Name                                                                          # reqs      # fails |    Avg     Min     Max    Med |   req/s  failures/s
--------|----------------------------------------------------------------------------|-------|-------------|-------|-------|-------|-------|--------|-----------
GET      GET /api/v1/reservas                                                            3993     2(0.05%) |     33       9     735     18 |   24.30        0.00
POST     POST /api/v1/auth/login                                                           50     0(0.00%) |   7203    1414   10423   7700 |    0.00        0.00
--------|----------------------------------------------------------------------------|-------|-------------|-------|-------|-------|-------|--------|-----------
         Aggregated                                                                      4043     2(0.05%) |    122       9   10423     18 |   24.30        0.00

Type     Name                                                                          # reqs      # fails |    Avg     Min     Max    Med |   req/s  failures/s
--------|----------------------------------------------------------------------------|-------|-------------|-------|-------|-------|-------|--------|-----------
GET      GET /api/v1/reservas                                                            4041     2(0.05%) |     33       9     735     18 |   23.60        0.00
POST     POST /api/v1/auth/login                                                           50     0(0.00%) |   7203    1414   10423   7700 |    0.00        0.00
--------|----------------------------------------------------------------------------|-------|-------------|-------|-------|-------|-------|--------|-----------
         Aggregated                                                                      4091     2(0.05%) |    121       9   10423     18 |   23.60        0.00

Type     Name                                                                          # reqs      # fails |    Avg     Min     Max    Med |   req/s  failures/s
--------|----------------------------------------------------------------------------|-------|-------------|-------|-------|-------|-------|--------|-----------
GET      GET /api/v1/reservas                                                            4088     2(0.05%) |     33       9     735     18 |   23.60        0.00
POST     POST /api/v1/auth/login                                                           50     0(0.00%) |   7203    1414   10423   7700 |    0.00        0.00
--------|----------------------------------------------------------------------------|-------|-------------|-------|-------|-------|-------|--------|-----------
         Aggregated                                                                      4138     2(0.05%) |    120       9   10423     19 |   23.60        0.00

Type     Name                                                                          # reqs      # fails |    Avg     Min     Max    Med |   req/s  failures/s
--------|----------------------------------------------------------------------------|-------|-------------|-------|-------|-------|-------|--------|-----------
GET      GET /api/v1/reservas                                                            4137     2(0.05%) |     34       9     735     19 |   23.10        0.00
POST     POST /api/v1/auth/login                                                           50     0(0.00%) |   7203    1414   10423   7700 |    0.00        0.00
--------|----------------------------------------------------------------------------|-------|-------------|-------|-------|-------|-------|--------|-----------
         Aggregated                                                                      4187     2(0.05%) |    120       9   10423     19 |   23.10        0.00

Type     Name                                                                          # reqs      # fails |    Avg     Min     Max    Med |   req/s  failures/s
--------|----------------------------------------------------------------------------|-------|-------------|-------|-------|-------|-------|--------|-----------
GET      GET /api/v1/reservas                                                            4189     2(0.05%) |     34       9     735     19 |   24.20        0.00
POST     POST /api/v1/auth/login                                                           50     0(0.00%) |   7203    1414   10423   7700 |    0.00        0.00
--------|----------------------------------------------------------------------------|-------|-------------|-------|-------|-------|-------|--------|-----------
         Aggregated                                                                      4239     2(0.05%) |    119       9   10423     19 |   24.20        0.00

Type     Name                                                                          # reqs      # fails |    Avg     Min     Max    Med |   req/s  failures/s
--------|----------------------------------------------------------------------------|-------|-------------|-------|-------|-------|-------|--------|-----------
GET      GET /api/v1/reservas                                                            4237     2(0.05%) |     34       9     735     19 |   24.60        0.00
POST     POST /api/v1/auth/login                                                           50     0(0.00%) |   7203    1414   10423   7700 |    0.00        0.00
--------|----------------------------------------------------------------------------|-------|-------------|-------|-------|-------|-------|--------|-----------
         Aggregated                                                                      4287     2(0.05%) |    117       9   10423     19 |   24.60        0.00

Type     Name                                                                          # reqs      # fails |    Avg     Min     Max    Med |   req/s  failures/s
--------|----------------------------------------------------------------------------|-------|-------------|-------|-------|-------|-------|--------|-----------
GET      GET /api/v1/reservas                                                            4289     2(0.05%) |     34       9     735     19 |   24.40        0.00
POST     POST /api/v1/auth/login                                                           50     0(0.00%) |   7203    1414   10423   7700 |    0.00        0.00
--------|----------------------------------------------------------------------------|-------|-------------|-------|-------|-------|-------|--------|-----------
         Aggregated                                                                      4339     2(0.05%) |    116       9   10423     19 |   24.40        0.00

Type     Name                                                                          # reqs      # fails |    Avg     Min     Max    Med |   req/s  failures/s
--------|----------------------------------------------------------------------------|-------|-------------|-------|-------|-------|-------|--------|-----------
GET      GET /api/v1/reservas                                                            4337     2(0.05%) |     33       9     735     18 |   25.20        0.00
POST     POST /api/v1/auth/login                                                           50     0(0.00%) |   7203    1414   10423   7700 |    0.00        0.00
--------|----------------------------------------------------------------------------|-------|-------------|-------|-------|-------|-------|--------|-----------
         Aggregated                                                                      4387     2(0.05%) |    115       9   10423     19 |   25.20        0.00

Type     Name                                                                          # reqs      # fails |    Avg     Min     Max    Med |   req/s  failures/s
--------|----------------------------------------------------------------------------|-------|-------------|-------|-------|-------|-------|--------|-----------
GET      GET /api/v1/reservas                                                            4391     2(0.05%) |     33       9     735     18 |   25.00        0.00
POST     POST /api/v1/auth/login                                                           50     0(0.00%) |   7203    1414   10423   7700 |    0.00        0.00
--------|----------------------------------------------------------------------------|-------|-------------|-------|-------|-------|-------|--------|-----------
         Aggregated                                                                      4441     2(0.05%) |    114       9   10423     18 |   25.00        0.00

Type     Name                                                                          # reqs      # fails |    Avg     Min     Max    Med |   req/s  failures/s
--------|----------------------------------------------------------------------------|-------|-------------|-------|-------|-------|-------|--------|-----------
GET      GET /api/v1/reservas                                                            4429     2(0.05%) |     33       9     735     18 |   24.50        0.00
POST     POST /api/v1/auth/login                                                           50     0(0.00%) |   7203    1414   10423   7700 |    0.00        0.00
--------|----------------------------------------------------------------------------|-------|-------------|-------|-------|-------|-------|--------|-----------
         Aggregated                                                                      4479     2(0.04%) |    113       9   10423     18 |   24.50        0.00

Type     Name                                                                          # reqs      # fails |    Avg     Min     Max    Med |   req/s  failures/s
--------|----------------------------------------------------------------------------|-------|-------------|-------|-------|-------|-------|--------|-----------
GET      GET /api/v1/reservas                                                            4482     2(0.04%) |     33       9     735     18 |   24.00        0.00
POST     POST /api/v1/auth/login                                                           50     0(0.00%) |   7203    1414   10423   7700 |    0.00        0.00
--------|----------------------------------------------------------------------------|-------|-------------|-------|-------|-------|-------|--------|-----------
         Aggregated                                                                      4532     2(0.04%) |    112       9   10423     18 |   24.00        0.00

Type     Name                                                                          # reqs      # fails |    Avg     Min     Max    Med |   req/s  failures/s
--------|----------------------------------------------------------------------------|-------|-------------|-------|-------|-------|-------|--------|-----------
GET      GET /api/v1/reservas                                                            4532     2(0.04%) |     33       9     735     18 |   24.50        0.00
POST     POST /api/v1/auth/login                                                           50     0(0.00%) |   7203    1414   10423   7700 |    0.00        0.00
--------|----------------------------------------------------------------------------|-------|-------------|-------|-------|-------|-------|--------|-----------
         Aggregated                                                                      4582     2(0.04%) |    111       9   10423     18 |   24.50        0.00

Type     Name                                                                          # reqs      # fails |    Avg     Min     Max    Med |   req/s  failures/s
--------|----------------------------------------------------------------------------|-------|-------------|-------|-------|-------|-------|--------|-----------
GET      GET /api/v1/reservas                                                            4588     2(0.04%) |     33       9     735     18 |   23.80        0.00
POST     POST /api/v1/auth/login                                                           50     0(0.00%) |   7203    1414   10423   7700 |    0.00        0.00
--------|----------------------------------------------------------------------------|-------|-------------|-------|-------|-------|-------|--------|-----------
         Aggregated                                                                      4638     2(0.04%) |    110       9   10423     18 |   23.80        0.00

Type     Name                                                                          # reqs      # fails |    Avg     Min     Max    Med |   req/s  failures/s
--------|----------------------------------------------------------------------------|-------|-------------|-------|-------|-------|-------|--------|-----------
GET      GET /api/v1/reservas                                                            4635     2(0.04%) |     32       9     735     18 |   24.80        0.00
POST     POST /api/v1/auth/login                                                           50     0(0.00%) |   7203    1414   10423   7700 |    0.00        0.00
--------|----------------------------------------------------------------------------|-------|-------------|-------|-------|-------|-------|--------|-----------
         Aggregated                                                                      4685     2(0.04%) |    109       9   10423     18 |   24.80        0.00

Type     Name                                                                          # reqs      # fails |    Avg     Min     Max    Med |   req/s  failures/s
--------|----------------------------------------------------------------------------|-------|-------------|-------|-------|-------|-------|--------|-----------
GET      GET /api/v1/reservas                                                            4689     2(0.04%) |     32       9     735     18 |   25.40        0.00
POST     POST /api/v1/auth/login                                                           50     0(0.00%) |   7203    1414   10423   7700 |    0.00        0.00
--------|----------------------------------------------------------------------------|-------|-------------|-------|-------|-------|-------|--------|-----------
         Aggregated                                                                      4739     2(0.04%) |    108       9   10423     18 |   25.40        0.00

Type     Name                                                                          # reqs      # fails |    Avg     Min     Max    Med |   req/s  failures/s
--------|----------------------------------------------------------------------------|-------|-------------|-------|-------|-------|-------|--------|-----------
GET      GET /api/v1/reservas                                                            4737     2(0.04%) |     32       9     735     18 |   25.30        0.00
POST     POST /api/v1/auth/login                                                           50     0(0.00%) |   7203    1414   10423   7700 |    0.00        0.00
--------|----------------------------------------------------------------------------|-------|-------------|-------|-------|-------|-------|--------|-----------
         Aggregated                                                                      4787     2(0.04%) |    107       9   10423     18 |   25.30        0.00

Type     Name                                                                          # reqs      # fails |    Avg     Min     Max    Med |   req/s  failures/s
--------|----------------------------------------------------------------------------|-------|-------------|-------|-------|-------|-------|--------|-----------
GET      GET /api/v1/reservas                                                            4782     2(0.04%) |     32       9     735     18 |   25.20        0.00
POST     POST /api/v1/auth/login                                                           50     0(0.00%) |   7203    1414   10423   7700 |    0.00        0.00
--------|----------------------------------------------------------------------------|-------|-------------|-------|-------|-------|-------|--------|-----------
         Aggregated                                                                      4832     2(0.04%) |    106       9   10423     18 |   25.20        0.00

Type     Name                                                                          # reqs      # fails |    Avg     Min     Max    Med |   req/s  failures/s
--------|----------------------------------------------------------------------------|-------|-------------|-------|-------|-------|-------|--------|-----------
GET      GET /api/v1/reservas                                                            4834     2(0.04%) |     32       9     735     18 |   25.40        0.00
POST     POST /api/v1/auth/login                                                           50     0(0.00%) |   7203    1414   10423   7700 |    0.00        0.00
--------|----------------------------------------------------------------------------|-------|-------------|-------|-------|-------|-------|--------|-----------
         Aggregated                                                                      4884     2(0.04%) |    105       9   10423     18 |   25.40        0.00

Type     Name                                                                          # reqs      # fails |    Avg     Min     Max    Med |   req/s  failures/s
--------|----------------------------------------------------------------------------|-------|-------------|-------|-------|-------|-------|--------|-----------
GET      GET /api/v1/reservas                                                            4880     2(0.04%) |     32       9     735     18 |   24.70        0.00
POST     POST /api/v1/auth/login                                                           50     0(0.00%) |   7203    1414   10423   7700 |    0.00        0.00
--------|----------------------------------------------------------------------------|-------|-------------|-------|-------|-------|-------|--------|-----------
         Aggregated                                                                      4930     2(0.04%) |    104       9   10423     18 |   24.70        0.00

Type     Name                                                                          # reqs      # fails |    Avg     Min     Max    Med |   req/s  failures/s
--------|----------------------------------------------------------------------------|-------|-------------|-------|-------|-------|-------|--------|-----------
GET      GET /api/v1/reservas                                                            4935     2(0.04%) |     31       9     735     18 |   24.30        0.00
POST     POST /api/v1/auth/login                                                           50     0(0.00%) |   7203    1414   10423   7700 |    0.00        0.00
--------|----------------------------------------------------------------------------|-------|-------------|-------|-------|-------|-------|--------|-----------
         Aggregated                                                                      4985     2(0.04%) |    103       9   10423     18 |   24.30        0.00

Type     Name                                                                          # reqs      # fails |    Avg     Min     Max    Med |   req/s  failures/s
--------|----------------------------------------------------------------------------|-------|-------------|-------|-------|-------|-------|--------|-----------
GET      GET /api/v1/reservas                                                            4979     2(0.04%) |     31       9     735     18 |   24.60        0.00
POST     POST /api/v1/auth/login                                                           50     0(0.00%) |   7203    1414   10423   7700 |    0.00        0.00
--------|----------------------------------------------------------------------------|-------|-------------|-------|-------|-------|-------|--------|-----------
         Aggregated                                                                      5029     2(0.04%) |    103       9   10423     18 |   24.60        0.00

Type     Name                                                                          # reqs      # fails |    Avg     Min     Max    Med |   req/s  failures/s
--------|----------------------------------------------------------------------------|-------|-------------|-------|-------|-------|-------|--------|-----------
GET      GET /api/v1/reservas                                                            5029     2(0.04%) |     31       9     735     18 |   24.60        0.00
POST     POST /api/v1/auth/login                                                           50     0(0.00%) |   7203    1414   10423   7700 |    0.00        0.00
--------|----------------------------------------------------------------------------|-------|-------------|-------|-------|-------|-------|--------|-----------
         Aggregated                                                                      5079     2(0.04%) |    102       9   10423     18 |   24.60        0.00

Type     Name                                                                          # reqs      # fails |    Avg     Min     Max    Med |   req/s  failures/s
--------|----------------------------------------------------------------------------|-------|-------------|-------|-------|-------|-------|--------|-----------
GET      GET /api/v1/reservas                                                            5077     2(0.04%) |     31       9     735     17 |   24.20        0.00
POST     POST /api/v1/auth/login                                                           50     0(0.00%) |   7203    1414   10423   7700 |    0.00        0.00
--------|----------------------------------------------------------------------------|-------|-------------|-------|-------|-------|-------|--------|-----------
         Aggregated                                                                      5127     2(0.04%) |    101       9   10423     18 |   24.20        0.00

Type     Name                                                                          # reqs      # fails |    Avg     Min     Max    Med |   req/s  failures/s
--------|----------------------------------------------------------------------------|-------|-------------|-------|-------|-------|-------|--------|-----------
GET      GET /api/v1/reservas                                                            5128     2(0.04%) |     31       9     735     17 |   24.30        0.00
POST     POST /api/v1/auth/login                                                           50     0(0.00%) |   7203    1414   10423   7700 |    0.00        0.00
--------|----------------------------------------------------------------------------|-------|-------------|-------|-------|-------|-------|--------|-----------
         Aggregated                                                                      5178     2(0.04%) |    100       9   10423     18 |   24.30        0.00

Type     Name                                                                          # reqs      # fails |    Avg     Min     Max    Med |   req/s  failures/s
--------|----------------------------------------------------------------------------|-------|-------------|-------|-------|-------|-------|--------|-----------
GET      GET /api/v1/reservas                                                            5182     2(0.04%) |     31       9     735     17 |   24.70        0.00
POST     POST /api/v1/auth/login                                                           50     0(0.00%) |   7203    1414   10423   7700 |    0.00        0.00
--------|----------------------------------------------------------------------------|-------|-------------|-------|-------|-------|-------|--------|-----------
         Aggregated                                                                      5232     2(0.04%) |     99       9   10423     18 |   24.70        0.00

Type     Name                                                                          # reqs      # fails |    Avg     Min     Max    Med |   req/s  failures/s
--------|----------------------------------------------------------------------------|-------|-------------|-------|-------|-------|-------|--------|-----------
GET      GET /api/v1/reservas                                                            5229     2(0.04%) |     31       9     735     17 |   24.90        0.00
POST     POST /api/v1/auth/login                                                           50     0(0.00%) |   7203    1414   10423   7700 |    0.00        0.00
--------|----------------------------------------------------------------------------|-------|-------------|-------|-------|-------|-------|--------|-----------
         Aggregated                                                                      5279     2(0.04%) |     99       9   10423     18 |   24.90        0.00

Type     Name                                                                          # reqs      # fails |    Avg     Min     Max    Med |   req/s  failures/s
--------|----------------------------------------------------------------------------|-------|-------------|-------|-------|-------|-------|--------|-----------
GET      GET /api/v1/reservas                                                            5275     2(0.04%) |     31       9     735     17 |   25.10        0.00
POST     POST /api/v1/auth/login                                                           50     0(0.00%) |   7203    1414   10423   7700 |    0.00        0.00
--------|----------------------------------------------------------------------------|-------|-------------|-------|-------|-------|-------|--------|-----------
         Aggregated                                                                      5325     2(0.04%) |     98       9   10423     18 |   25.10        0.00

Type     Name                                                                          # reqs      # fails |    Avg     Min     Max    Med |   req/s  failures/s
--------|----------------------------------------------------------------------------|-------|-------------|-------|-------|-------|-------|--------|-----------
GET      GET /api/v1/reservas                                                            5320     2(0.04%) |     30       9     735     17 |   25.00        0.00
POST     POST /api/v1/auth/login                                                           50     0(0.00%) |   7203    1414   10423   7700 |    0.00        0.00
--------|----------------------------------------------------------------------------|-------|-------------|-------|-------|-------|-------|--------|-----------
         Aggregated                                                                      5370     2(0.04%) |     97       9   10423     17 |   25.00        0.00

Type     Name                                                                          # reqs      # fails |    Avg     Min     Max    Med |   req/s  failures/s
--------|----------------------------------------------------------------------------|-------|-------------|-------|-------|-------|-------|--------|-----------
GET      GET /api/v1/reservas                                                            5371     2(0.04%) |     30       9     735     17 |   24.50        0.00
POST     POST /api/v1/auth/login                                                           50     0(0.00%) |   7203    1414   10423   7700 |    0.00        0.00
--------|----------------------------------------------------------------------------|-------|-------------|-------|-------|-------|-------|--------|-----------
         Aggregated                                                                      5421     2(0.04%) |     96       9   10423     17 |   24.50        0.00

Type     Name                                                                          # reqs      # fails |    Avg     Min     Max    Med |   req/s  failures/s
--------|----------------------------------------------------------------------------|-------|-------------|-------|-------|-------|-------|--------|-----------
GET      GET /api/v1/reservas                                                            5420     2(0.04%) |     30       9     735     17 |   24.40        0.00
POST     POST /api/v1/auth/login                                                           50     0(0.00%) |   7203    1414   10423   7700 |    0.00        0.00
--------|----------------------------------------------------------------------------|-------|-------------|-------|-------|-------|-------|--------|-----------
         Aggregated                                                                      5470     2(0.04%) |     96       9   10423     17 |   24.40        0.00

Type     Name                                                                          # reqs      # fails |    Avg     Min     Max    Med |   req/s  failures/s
--------|----------------------------------------------------------------------------|-------|-------------|-------|-------|-------|-------|--------|-----------
GET      GET /api/v1/reservas                                                            5470     2(0.04%) |     30       9     735     17 |   24.10        0.00
POST     POST /api/v1/auth/login                                                           50     0(0.00%) |   7203    1414   10423   7700 |    0.00        0.00
--------|----------------------------------------------------------------------------|-------|-------------|-------|-------|-------|-------|--------|-----------
         Aggregated                                                                      5520     2(0.04%) |     95       9   10423     17 |   24.10        0.00

Type     Name                                                                          # reqs      # fails |    Avg     Min     Max    Med |   req/s  failures/s
--------|----------------------------------------------------------------------------|-------|-------------|-------|-------|-------|-------|--------|-----------
GET      GET /api/v1/reservas                                                            5520     2(0.04%) |     30       9     735     17 |   23.80        0.00
POST     POST /api/v1/auth/login                                                           50     0(0.00%) |   7203    1414   10423   7700 |    0.00        0.00
--------|----------------------------------------------------------------------------|-------|-------------|-------|-------|-------|-------|--------|-----------
         Aggregated                                                                      5570     2(0.04%) |     94       9   10423     17 |   23.80        0.00

Type     Name                                                                          # reqs      # fails |    Avg     Min     Max    Med |   req/s  failures/s
--------|----------------------------------------------------------------------------|-------|-------------|-------|-------|-------|-------|--------|-----------
GET      GET /api/v1/reservas                                                            5566     2(0.04%) |     30       9     735     17 |   24.20        0.00
POST     POST /api/v1/auth/login                                                           50     0(0.00%) |   7203    1414   10423   7700 |    0.00        0.00
--------|----------------------------------------------------------------------------|-------|-------------|-------|-------|-------|-------|--------|-----------
         Aggregated                                                                      5616     2(0.04%) |     94       9   10423     17 |   24.20        0.00

Type     Name                                                                          # reqs      # fails |    Avg     Min     Max    Med |   req/s  failures/s
--------|----------------------------------------------------------------------------|-------|-------------|-------|-------|-------|-------|--------|-----------
GET      GET /api/v1/reservas                                                            5613     2(0.04%) |     30       9     735     17 |   24.60        0.00
POST     POST /api/v1/auth/login                                                           50     0(0.00%) |   7203    1414   10423   7700 |    0.00        0.00
--------|----------------------------------------------------------------------------|-------|-------------|-------|-------|-------|-------|--------|-----------
         Aggregated                                                                      5663     2(0.04%) |     93       9   10423     17 |   24.60        0.00

Type     Name                                                                          # reqs      # fails |    Avg     Min     Max    Med |   req/s  failures/s
--------|----------------------------------------------------------------------------|-------|-------------|-------|-------|-------|-------|--------|-----------
GET      GET /api/v1/reservas                                                            5663     2(0.04%) |     30       9     735     17 |   23.60        0.00
POST     POST /api/v1/auth/login                                                           50     0(0.00%) |   7203    1414   10423   7700 |    0.00        0.00
--------|----------------------------------------------------------------------------|-------|-------------|-------|-------|-------|-------|--------|-----------
         Aggregated                                                                      5713     2(0.04%) |     92       9   10423     17 |   23.60        0.00

Type     Name                                                                          # reqs      # fails |    Avg     Min     Max    Med |   req/s  failures/s
--------|----------------------------------------------------------------------------|-------|-------------|-------|-------|-------|-------|--------|-----------
GET      GET /api/v1/reservas                                                            5708     2(0.04%) |     30       9     735     17 |   24.00        0.00
POST     POST /api/v1/auth/login                                                           50     0(0.00%) |   7203    1414   10423   7700 |    0.00        0.00
--------|----------------------------------------------------------------------------|-------|-------------|-------|-------|-------|-------|--------|-----------
         Aggregated                                                                      5758     2(0.03%) |     93       9   10423     17 |   24.00        0.00

Type     Name                                                                          # reqs      # fails |    Avg     Min     Max    Med |   req/s  failures/s
--------|----------------------------------------------------------------------------|-------|-------------|-------|-------|-------|-------|--------|-----------
GET      GET /api/v1/reservas                                                            5761     2(0.03%) |     31       9     735     17 |   23.10        0.00
POST     POST /api/v1/auth/login                                                           50     0(0.00%) |   7203    1414   10423   7700 |    0.00        0.00
--------|----------------------------------------------------------------------------|-------|-------------|-------|-------|-------|-------|--------|-----------
         Aggregated                                                                      5811     2(0.03%) |     93       9   10423     17 |   23.10        0.00

Type     Name                                                                          # reqs      # fails |    Avg     Min     Max    Med |   req/s  failures/s
--------|----------------------------------------------------------------------------|-------|-------------|-------|-------|-------|-------|--------|-----------
GET      GET /api/v1/reservas                                                            5799     2(0.03%) |     32       9     735     17 |   23.50        0.00
POST     POST /api/v1/auth/login                                                           50     0(0.00%) |   7203    1414   10423   7700 |    0.00        0.00
--------|----------------------------------------------------------------------------|-------|-------------|-------|-------|-------|-------|--------|-----------
         Aggregated                                                                      5849     2(0.03%) |     93       9   10423     17 |   23.50        0.00

Type     Name                                                                          # reqs      # fails |    Avg     Min     Max    Med |   req/s  failures/s
--------|----------------------------------------------------------------------------|-------|-------------|-------|-------|-------|-------|--------|-----------
GET      GET /api/v1/reservas                                                            5848     2(0.03%) |     33       9     927     17 |   22.80        0.00
POST     POST /api/v1/auth/login                                                           50     0(0.00%) |   7203    1414   10423   7700 |    0.00        0.00
--------|----------------------------------------------------------------------------|-------|-------------|-------|-------|-------|-------|--------|-----------
         Aggregated                                                                      5898     2(0.03%) |     94       9   10423     18 |   22.80        0.00

Type     Name                                                                          # reqs      # fails |    Avg     Min     Max    Med |   req/s  failures/s
--------|----------------------------------------------------------------------------|-------|-------------|-------|-------|-------|-------|--------|-----------
GET      GET /api/v1/reservas                                                            5900     2(0.03%) |     33       9     927     17 |   23.90        0.00
POST     POST /api/v1/auth/login                                                           50     0(0.00%) |   7203    1414   10423   7700 |    0.00        0.00
--------|----------------------------------------------------------------------------|-------|-------------|-------|-------|-------|-------|--------|-----------
         Aggregated                                                                      5950     2(0.03%) |     93       9   10423     17 |   23.90        0.00

Type     Name                                                                          # reqs      # fails |    Avg     Min     Max    Med |   req/s  failures/s
--------|----------------------------------------------------------------------------|-------|-------------|-------|-------|-------|-------|--------|-----------
GET      GET /api/v1/reservas                                                            5954     2(0.03%) |     33       9     927     17 |   24.20        0.00
POST     POST /api/v1/auth/login                                                           50     0(0.00%) |   7203    1414   10423   7700 |    0.00        0.00
--------|----------------------------------------------------------------------------|-------|-------------|-------|-------|-------|-------|--------|-----------
         Aggregated                                                                      6004     2(0.03%) |     92       9   10423     17 |   24.20        0.00

Type     Name                                                                          # reqs      # fails |    Avg     Min     Max    Med |   req/s  failures/s
--------|----------------------------------------------------------------------------|-------|-------------|-------|-------|-------|-------|--------|-----------
GET      GET /api/v1/reservas                                                            6004     2(0.03%) |     33       9     927     17 |   24.80        0.00
POST     POST /api/v1/auth/login                                                           50     0(0.00%) |   7203    1414   10423   7700 |    0.00        0.00
--------|----------------------------------------------------------------------------|-------|-------------|-------|-------|-------|-------|--------|-----------
         Aggregated                                                                      6054     2(0.03%) |     92       9   10423     17 |   24.80        0.00

Type     Name                                                                          # reqs      # fails |    Avg     Min     Max    Med |   req/s  failures/s
--------|----------------------------------------------------------------------------|-------|-------------|-------|-------|-------|-------|--------|-----------
GET      GET /api/v1/reservas                                                            6055     2(0.03%) |     32       9     927     17 |   25.10        0.00
POST     POST /api/v1/auth/login                                                           50     0(0.00%) |   7203    1414   10423   7700 |    0.00        0.00
--------|----------------------------------------------------------------------------|-------|-------------|-------|-------|-------|-------|--------|-----------
         Aggregated                                                                      6105     2(0.03%) |     91       9   10423     17 |   25.10        0.00

Type     Name                                                                          # reqs      # fails |    Avg     Min     Max    Med |   req/s  failures/s
--------|----------------------------------------------------------------------------|-------|-------------|-------|-------|-------|-------|--------|-----------
GET      GET /api/v1/reservas                                                            6111     2(0.03%) |     32       9     927     17 |   26.20        0.00
POST     POST /api/v1/auth/login                                                           50     0(0.00%) |   7203    1414   10423   7700 |    0.00        0.00
--------|----------------------------------------------------------------------------|-------|-------------|-------|-------|-------|-------|--------|-----------
         Aggregated                                                                      6161     2(0.03%) |     90       9   10423     17 |   26.20        0.00

Type     Name                                                                          # reqs      # fails |    Avg     Min     Max    Med |   req/s  failures/s
--------|----------------------------------------------------------------------------|-------|-------------|-------|-------|-------|-------|--------|-----------
GET      GET /api/v1/reservas                                                            6159     2(0.03%) |     32       9     927     17 |   25.70        0.00
POST     POST /api/v1/auth/login                                                           50     0(0.00%) |   7203    1414   10423   7700 |    0.00        0.00
--------|----------------------------------------------------------------------------|-------|-------------|-------|-------|-------|-------|--------|-----------
         Aggregated                                                                      6209     2(0.03%) |     90       9   10423     17 |   25.70        0.00

Type     Name                                                                          # reqs      # fails |    Avg     Min     Max    Med |   req/s  failures/s
--------|----------------------------------------------------------------------------|-------|-------------|-------|-------|-------|-------|--------|-----------
GET      GET /api/v1/reservas                                                            6206     2(0.03%) |     32       9     927     17 |   25.50        0.00
POST     POST /api/v1/auth/login                                                           50     0(0.00%) |   7203    1414   10423   7700 |    0.00        0.00
--------|----------------------------------------------------------------------------|-------|-------------|-------|-------|-------|-------|--------|-----------
         Aggregated                                                                      6256     2(0.03%) |     89       9   10423     17 |   25.50        0.00

Type     Name                                                                          # reqs      # fails |    Avg     Min     Max    Med |   req/s  failures/s
--------|----------------------------------------------------------------------------|-------|-------------|-------|-------|-------|-------|--------|-----------
GET      GET /api/v1/reservas                                                            6255     2(0.03%) |     32       9     927     17 |   25.40        0.00
POST     POST /api/v1/auth/login                                                           50     0(0.00%) |   7203    1414   10423   7700 |    0.00        0.00
--------|----------------------------------------------------------------------------|-------|-------------|-------|-------|-------|-------|--------|-----------
         Aggregated                                                                      6305     2(0.03%) |     89       9   10423     17 |   25.40        0.00

Type     Name                                                                          # reqs      # fails |    Avg     Min     Max    Med |   req/s  failures/s
--------|----------------------------------------------------------------------------|-------|-------------|-------|-------|-------|-------|--------|-----------
GET      GET /api/v1/reservas                                                            6306     2(0.03%) |     32       9     927     17 |   25.00        0.00
POST     POST /api/v1/auth/login                                                           50     0(0.00%) |   7203    1414   10423   7700 |    0.00        0.00
--------|----------------------------------------------------------------------------|-------|-------------|-------|-------|-------|-------|--------|-----------
         Aggregated                                                                      6356     2(0.03%) |     88       9   10423     17 |   25.00        0.00

Type     Name                                                                          # reqs      # fails |    Avg     Min     Max    Med |   req/s  failures/s
--------|----------------------------------------------------------------------------|-------|-------------|-------|-------|-------|-------|--------|-----------
GET      GET /api/v1/reservas                                                            6352     2(0.03%) |     32       9     927     17 |   24.20        0.00
POST     POST /api/v1/auth/login                                                           50     0(0.00%) |   7203    1414   10423   7700 |    0.00        0.00
--------|----------------------------------------------------------------------------|-------|-------------|-------|-------|-------|-------|--------|-----------
         Aggregated                                                                      6402     2(0.03%) |     88       9   10423     17 |   24.20        0.00

Type     Name                                                                          # reqs      # fails |    Avg     Min     Max    Med |   req/s  failures/s
--------|----------------------------------------------------------------------------|-------|-------------|-------|-------|-------|-------|--------|-----------
GET      GET /api/v1/reservas                                                            6398     2(0.03%) |     31       8     927     17 |   24.50        0.00
POST     POST /api/v1/auth/login                                                           50     0(0.00%) |   7203    1414   10423   7700 |    0.00        0.00
--------|----------------------------------------------------------------------------|-------|-------------|-------|-------|-------|-------|--------|-----------
         Aggregated                                                                      6448     2(0.03%) |     87       8   10423     17 |   24.50        0.00

Type     Name                                                                          # reqs      # fails |    Avg     Min     Max    Med |   req/s  failures/s
--------|----------------------------------------------------------------------------|-------|-------------|-------|-------|-------|-------|--------|-----------
GET      GET /api/v1/reservas                                                            6448     2(0.03%) |     31       8     927     17 |   23.90        0.00
POST     POST /api/v1/auth/login                                                           50     0(0.00%) |   7203    1414   10423   7700 |    0.00        0.00
--------|----------------------------------------------------------------------------|-------|-------------|-------|-------|-------|-------|--------|-----------
         Aggregated                                                                      6498     2(0.03%) |     86       8   10423     17 |   23.90        0.00

Type     Name                                                                          # reqs      # fails |    Avg     Min     Max    Med |   req/s  failures/s
--------|----------------------------------------------------------------------------|-------|-------------|-------|-------|-------|-------|--------|-----------
GET      GET /api/v1/reservas                                                            6498     2(0.03%) |     31       8     927     17 |   24.30        0.00
POST     POST /api/v1/auth/login                                                           50     0(0.00%) |   7203    1414   10423   7700 |    0.00        0.00
--------|----------------------------------------------------------------------------|-------|-------------|-------|-------|-------|-------|--------|-----------
         Aggregated                                                                      6548     2(0.03%) |     86       8   10423     17 |   24.30        0.00

Type     Name                                                                          # reqs      # fails |    Avg     Min     Max    Med |   req/s  failures/s
--------|----------------------------------------------------------------------------|-------|-------------|-------|-------|-------|-------|--------|-----------
GET      GET /api/v1/reservas                                                            6542     2(0.03%) |     31       8     927     17 |   24.00        0.00
POST     POST /api/v1/auth/login                                                           50     0(0.00%) |   7203    1414   10423   7700 |    0.00        0.00
--------|----------------------------------------------------------------------------|-------|-------------|-------|-------|-------|-------|--------|-----------
         Aggregated                                                                      6592     2(0.03%) |     85       8   10423     17 |   24.00        0.00

Type     Name                                                                          # reqs      # fails |    Avg     Min     Max    Med |   req/s  failures/s
--------|----------------------------------------------------------------------------|-------|-------------|-------|-------|-------|-------|--------|-----------
GET      GET /api/v1/reservas                                                            6592     2(0.03%) |     31       8     927     17 |   24.20        0.00
POST     POST /api/v1/auth/login                                                           50     0(0.00%) |   7203    1414   10423   7700 |    0.00        0.00
--------|----------------------------------------------------------------------------|-------|-------------|-------|-------|-------|-------|--------|-----------
         Aggregated                                                                      6642     2(0.03%) |     85       8   10423     17 |   24.20        0.00

Type     Name                                                                          # reqs      # fails |    Avg     Min     Max    Med |   req/s  failures/s
--------|----------------------------------------------------------------------------|-------|-------------|-------|-------|-------|-------|--------|-----------
GET      GET /api/v1/reservas                                                            6648     2(0.03%) |     31       8     927     17 |   24.40        0.00
POST     POST /api/v1/auth/login                                                           50     0(0.00%) |   7203    1414   10423   7700 |    0.00        0.00
--------|----------------------------------------------------------------------------|-------|-------------|-------|-------|-------|-------|--------|-----------
         Aggregated                                                                      6698     2(0.03%) |     84       8   10423     17 |   24.40        0.00

Type     Name                                                                          # reqs      # fails |    Avg     Min     Max    Med |   req/s  failures/s
--------|----------------------------------------------------------------------------|-------|-------------|-------|-------|-------|-------|--------|-----------
GET      GET /api/v1/reservas                                                            6694     2(0.03%) |     31       8     927     17 |   25.00        0.00
POST     POST /api/v1/auth/login                                                           50     0(0.00%) |   7203    1414   10423   7700 |    0.00        0.00
--------|----------------------------------------------------------------------------|-------|-------------|-------|-------|-------|-------|--------|-----------
         Aggregated                                                                      6744     2(0.03%) |     84       8   10423     17 |   25.00        0.00

Type     Name                                                                          # reqs      # fails |    Avg     Min     Max    Med |   req/s  failures/s
--------|----------------------------------------------------------------------------|-------|-------------|-------|-------|-------|-------|--------|-----------
GET      GET /api/v1/reservas                                                            6742     2(0.03%) |     31       8     927     17 |   24.60        0.00
POST     POST /api/v1/auth/login                                                           50     0(0.00%) |   7203    1414   10423   7700 |    0.00        0.00
--------|----------------------------------------------------------------------------|-------|-------------|-------|-------|-------|-------|--------|-----------
         Aggregated                                                                      6792     2(0.03%) |     83       8   10423     17 |   24.60        0.00

Type     Name                                                                          # reqs      # fails |    Avg     Min     Max    Med |   req/s  failures/s
--------|----------------------------------------------------------------------------|-------|-------------|-------|-------|-------|-------|--------|-----------
GET      GET /api/v1/reservas                                                            6790     2(0.03%) |     30       8     927     17 |   24.40        0.00
POST     POST /api/v1/auth/login                                                           50     0(0.00%) |   7203    1414   10423   7700 |    0.00        0.00
--------|----------------------------------------------------------------------------|-------|-------------|-------|-------|-------|-------|--------|-----------
         Aggregated                                                                      6840     2(0.03%) |     83       8   10423     17 |   24.40        0.00

Type     Name                                                                          # reqs      # fails |    Avg     Min     Max    Med |   req/s  failures/s
--------|----------------------------------------------------------------------------|-------|-------------|-------|-------|-------|-------|--------|-----------
GET      GET /api/v1/reservas                                                            6838     2(0.03%) |     30       8     927     17 |   24.80        0.00
POST     POST /api/v1/auth/login                                                           50     0(0.00%) |   7203    1414   10423   7700 |    0.00        0.00
--------|----------------------------------------------------------------------------|-------|-------------|-------|-------|-------|-------|--------|-----------
         Aggregated                                                                      6888     2(0.03%) |     82       8   10423     17 |   24.80        0.00

Type     Name                                                                          # reqs      # fails |    Avg     Min     Max    Med |   req/s  failures/s
--------|----------------------------------------------------------------------------|-------|-------------|-------|-------|-------|-------|--------|-----------
GET      GET /api/v1/reservas                                                            6894     2(0.03%) |     30       8     927     17 |   24.30        0.00
POST     POST /api/v1/auth/login                                                           50     0(0.00%) |   7203    1414   10423   7700 |    0.00        0.00
--------|----------------------------------------------------------------------------|-------|-------------|-------|-------|-------|-------|--------|-----------
         Aggregated                                                                      6944     2(0.03%) |     82       8   10423     17 |   24.30        0.00

Type     Name                                                                          # reqs      # fails |    Avg     Min     Max    Med |   req/s  failures/s
--------|----------------------------------------------------------------------------|-------|-------------|-------|-------|-------|-------|--------|-----------
GET      GET /api/v1/reservas                                                            6942     2(0.03%) |     30       8     927     16 |   24.40        0.00
POST     POST /api/v1/auth/login                                                           50     0(0.00%) |   7203    1414   10423   7700 |    0.00        0.00
--------|----------------------------------------------------------------------------|-------|-------------|-------|-------|-------|-------|--------|-----------
         Aggregated                                                                      6992     2(0.03%) |     81       8   10423     17 |   24.40        0.00

Type     Name                                                                          # reqs      # fails |    Avg     Min     Max    Med |   req/s  failures/s
--------|----------------------------------------------------------------------------|-------|-------------|-------|-------|-------|-------|--------|-----------
GET      GET /api/v1/reservas                                                            6990     2(0.03%) |     30       8     927     16 |   24.70        0.00
POST     POST /api/v1/auth/login                                                           50     0(0.00%) |   7203    1414   10423   7700 |    0.00        0.00
--------|----------------------------------------------------------------------------|-------|-------------|-------|-------|-------|-------|--------|-----------
         Aggregated                                                                      7040     2(0.03%) |     81       8   10423     16 |   24.70        0.00

Type     Name                                                                          # reqs      # fails |    Avg     Min     Max    Med |   req/s  failures/s
--------|----------------------------------------------------------------------------|-------|-------------|-------|-------|-------|-------|--------|-----------
GET      GET /api/v1/reservas                                                            7044     2(0.03%) |     30       8     927     16 |   24.70        0.00
POST     POST /api/v1/auth/login                                                           50     0(0.00%) |   7203    1414   10423   7700 |    0.00        0.00
--------|----------------------------------------------------------------------------|-------|-------------|-------|-------|-------|-------|--------|-----------
         Aggregated                                                                      7094     2(0.03%) |     80       8   10423     16 |   24.70        0.00

Type     Name                                                                          # reqs      # fails |    Avg     Min     Max    Med |   req/s  failures/s
--------|----------------------------------------------------------------------------|-------|-------------|-------|-------|-------|-------|--------|-----------
GET      GET /api/v1/reservas                                                            7090     2(0.03%) |     30       8     927     16 |   24.70        0.00
POST     POST /api/v1/auth/login                                                           50     0(0.00%) |   7203    1414   10423   7700 |    0.00        0.00
--------|----------------------------------------------------------------------------|-------|-------------|-------|-------|-------|-------|--------|-----------
         Aggregated                                                                      7140     2(0.03%) |     80       8   10423     16 |   24.70        0.00

Type     Name                                                                          # reqs      # fails |    Avg     Min     Max    Med |   req/s  failures/s
--------|----------------------------------------------------------------------------|-------|-------------|-------|-------|-------|-------|--------|-----------
GET      GET /api/v1/reservas                                                            7141     2(0.03%) |     30       8     927     16 |   25.30        0.00
POST     POST /api/v1/auth/login                                                           50     0(0.00%) |   7203    1414   10423   7700 |    0.00        0.00
--------|----------------------------------------------------------------------------|-------|-------------|-------|-------|-------|-------|--------|-----------
         Aggregated                                                                      7191     2(0.03%) |     79       8   10423     16 |   25.30        0.00

[2026-09-05 01:53:14,836] servidor-proyectos/INFO/locust.main: --run-time limit reached, shutting down
[2026-09-05 01:53:15,057] servidor-proyectos/INFO/locust.main: Shutting down (exit code 1)
Type     Name                                                                          # reqs      # fails |    Avg     Min     Max    Med |   req/s  failures/s
--------|----------------------------------------------------------------------------|-------|-------------|-------|-------|-------|-------|--------|-----------
GET      GET /api/v1/reservas                                                            7173     2(0.03%) |     30       8     927     16 |   23.93        0.01
POST     POST /api/v1/auth/login                                                           50     0(0.00%) |   7203    1414   10423   7700 |    0.17        0.00
--------|----------------------------------------------------------------------------|-------|-------------|-------|-------|-------|-------|--------|-----------
         Aggregated                                                                      7223     2(0.03%) |     79       8   10423     16 |   24.10        0.01

Response time percentiles (approximated)
Type     Name                                                                                  50%    66%    75%    80%    90%    95%    98%    99%  99.9% 99.99%   100% # reqs
--------|--------------------------------------------------------------------------------|--------|------|------|------|------|------|------|------|------|------|------|------
GET      GET /api/v1/reservas                                                                   16     20     23     26     44     87    220    320    630    930    930   7173
POST     POST /api/v1/auth/login                                                              7800   8800   9000   9200  10000  10000  10000  10000  10000  10000  10000     50
--------|--------------------------------------------------------------------------------|--------|------|------|------|------|------|------|------|------|------|------|------
         Aggregated                                                                             16     20     23     26     47    100    260    450   9600  10000  10000   7223

Error report
# occurrences      Error                                                                                               
------------------|---------------------------------------------------------------------------------------------------------------------------------------------
2                  GET GET /api/v1/reservas: HTTP esperado 200, recibido 500                                           
------------------|---------------------------------------------------------------------------------------------------------------------------------------------

