[2026-09-05 02:08:19,224] servidor-proyectos/INFO/locust.main: Starting Locust 2.46.4
[2026-09-05 02:08:19,225] servidor-proyectos/INFO/locust.main: Run time limit set to 300 seconds
Type     Name                                                                          # reqs      # fails |    Avg     Min     Max    Med |   req/s  failures/s
--------|----------------------------------------------------------------------------|-------|-------------|-------|-------|-------|-------|--------|-----------
--------|----------------------------------------------------------------------------|-------|-------------|-------|-------|-------|-------|--------|-----------
         Aggregated                                                                         0     0(0.00%) |      0       0       0      0 |    0.00        0.00

[2026-09-05 02:08:19,226] servidor-proyectos/INFO/locust.runners: Ramping to 50 users at a rate of 10.00 per second
Type     Name                                                                          # reqs      # fails |    Avg     Min     Max    Med |   req/s  failures/s
--------|----------------------------------------------------------------------------|-------|-------------|-------|-------|-------|-------|--------|-----------
GET      GET /api/v1/reservas                                                               4     0(0.00%) |     51      13     113     33 |    0.00        0.00
POST     POST /api/v1/auth/login                                                            4     0(0.00%) |   1420     993    1795   1300 |    0.00        0.00
--------|----------------------------------------------------------------------------|-------|-------------|-------|-------|-------|-------|--------|-----------
         Aggregated                                                                         8     0(0.00%) |    736      13    1795    110 |    0.00        0.00

Type     Name                                                                          # reqs      # fails |    Avg     Min     Max    Med |   req/s  failures/s
--------|----------------------------------------------------------------------------|-------|-------------|-------|-------|-------|-------|--------|-----------
GET      GET /api/v1/reservas                                                              16     0(0.00%) |     38      10     122     14 |    1.50        0.00
POST     POST /api/v1/auth/login                                                           10     0(0.00%) |   2284     993    3483   2300 |    1.50        0.00
--------|----------------------------------------------------------------------------|-------|-------------|-------|-------|-------|-------|--------|-----------
         Aggregated                                                                        26     0(0.00%) |    902      10    3483     55 |    3.00        0.00

[2026-09-05 02:08:23,233] servidor-proyectos/INFO/locust.runners: All users spawned: {"ReservasUser": 50} (50 total users)
Type     Name                                                                          # reqs      # fails |    Avg     Min     Max    Med |   req/s  failures/s
--------|----------------------------------------------------------------------------|-------|-------------|-------|-------|-------|-------|--------|-----------
GET      GET /api/v1/reservas                                                              30     0(0.00%) |     27       9     122     14 |    3.25        0.00
POST     POST /api/v1/auth/login                                                           16     0(0.00%) |   2900     993    4728   2900 |    2.50        0.00
--------|----------------------------------------------------------------------------|-------|-------------|-------|-------|-------|-------|--------|-----------
         Aggregated                                                                        46     0(0.00%) |   1026       9    4728     30 |    5.75        0.00

Type     Name                                                                          # reqs      # fails |    Avg     Min     Max    Med |   req/s  failures/s
--------|----------------------------------------------------------------------------|-------|-------------|-------|-------|-------|-------|--------|-----------
GET      GET /api/v1/reservas                                                              60     0(0.00%) |     24       9     122     15 |    4.83        0.00
POST     POST /api/v1/auth/login                                                           32     0(0.00%) |   4032     993    6669   3800 |    2.50        0.00
--------|----------------------------------------------------------------------------|-------|-------------|-------|-------|-------|-------|--------|-----------
         Aggregated                                                                        92     0(0.00%) |   1418       9    6669     25 |    7.33        0.00

Type     Name                                                                          # reqs      # fails |    Avg     Min     Max    Med |   req/s  failures/s
--------|----------------------------------------------------------------------------|-------|-------------|-------|-------|-------|-------|--------|-----------
GET      GET /api/v1/reservas                                                             109     0(0.00%) |     23       9     122     14 |    7.25        0.00
POST     POST /api/v1/auth/login                                                           50     0(0.00%) |   4576     993    7242   4700 |    4.00        0.00
--------|----------------------------------------------------------------------------|-------|-------------|-------|-------|-------|-------|--------|-----------
         Aggregated                                                                       159     0(0.00%) |   1455       9    7242     24 |   11.25        0.00

Type     Name                                                                          # reqs      # fails |    Avg     Min     Max    Med |   req/s  failures/s
--------|----------------------------------------------------------------------------|-------|-------------|-------|-------|-------|-------|--------|-----------
GET      GET /api/v1/reservas                                                             163     0(0.00%) |     19       9     122     13 |   10.70        0.00
POST     POST /api/v1/auth/login                                                           50     0(0.00%) |   4576     993    7242   4700 |    5.00        0.00
--------|----------------------------------------------------------------------------|-------|-------------|-------|-------|-------|-------|--------|-----------
         Aggregated                                                                       213     0(0.00%) |   1089       9    7242     15 |   15.70        0.00

Type     Name                                                                          # reqs      # fails |    Avg     Min     Max    Med |   req/s  failures/s
--------|----------------------------------------------------------------------------|-------|-------------|-------|-------|-------|-------|--------|-----------
GET      GET /api/v1/reservas                                                             215     0(0.00%) |     18       9     122     12 |   15.40        0.00
POST     POST /api/v1/auth/login                                                           50     0(0.00%) |   4576     993    7242   4700 |    4.70        0.00
--------|----------------------------------------------------------------------------|-------|-------------|-------|-------|-------|-------|--------|-----------
         Aggregated                                                                       265     0(0.00%) |    878       9    7242     14 |   20.10        0.00

Type     Name                                                                          # reqs      # fails |    Avg     Min     Max    Med |   req/s  failures/s
--------|----------------------------------------------------------------------------|-------|-------------|-------|-------|-------|-------|--------|-----------
GET      GET /api/v1/reservas                                                             267     0(0.00%) |     16       9     122     12 |   19.40        0.00
POST     POST /api/v1/auth/login                                                           50     0(0.00%) |   4576     993    7242   4700 |    4.00        0.00
--------|----------------------------------------------------------------------------|-------|-------------|-------|-------|-------|-------|--------|-----------
         Aggregated                                                                       317     0(0.00%) |    736       9    7242     13 |   23.40        0.00

Type     Name                                                                          # reqs      # fails |    Avg     Min     Max    Med |   req/s  failures/s
--------|----------------------------------------------------------------------------|-------|-------------|-------|-------|-------|-------|--------|-----------
GET      GET /api/v1/reservas                                                             316     0(0.00%) |     15       8     122     12 |   23.10        0.00
POST     POST /api/v1/auth/login                                                           50     0(0.00%) |   4576     993    7242   4700 |    3.50        0.00
--------|----------------------------------------------------------------------------|-------|-------------|-------|-------|-------|-------|--------|-----------
         Aggregated                                                                       366     0(0.00%) |    639       8    7242     12 |   26.60        0.00

Type     Name                                                                          # reqs      # fails |    Avg     Min     Max    Med |   req/s  failures/s
--------|----------------------------------------------------------------------------|-------|-------------|-------|-------|-------|-------|--------|-----------
GET      GET /api/v1/reservas                                                             364     0(0.00%) |     15       7     122     12 |   25.00        0.00
POST     POST /api/v1/auth/login                                                           50     0(0.00%) |   4576     993    7242   4700 |    1.80        0.00
--------|----------------------------------------------------------------------------|-------|-------------|-------|-------|-------|-------|--------|-----------
         Aggregated                                                                       414     0(0.00%) |    566       7    7242     12 |   26.80        0.00

Type     Name                                                                          # reqs      # fails |    Avg     Min     Max    Med |   req/s  failures/s
--------|----------------------------------------------------------------------------|-------|-------------|-------|-------|-------|-------|--------|-----------
GET      GET /api/v1/reservas                                                             410     0(0.00%) |     14       7     122     11 |   25.00        0.00
POST     POST /api/v1/auth/login                                                           50     0(0.00%) |   4576     993    7242   4700 |    0.00        0.00
--------|----------------------------------------------------------------------------|-------|-------------|-------|-------|-------|-------|--------|-----------
         Aggregated                                                                       460     0(0.00%) |    510       7    7242     12 |   25.00        0.00

Type     Name                                                                          # reqs      # fails |    Avg     Min     Max    Med |   req/s  failures/s
--------|----------------------------------------------------------------------------|-------|-------------|-------|-------|-------|-------|--------|-----------
GET      GET /api/v1/reservas                                                             462     0(0.00%) |     14       7     122     11 |   24.80        0.00
POST     POST /api/v1/auth/login                                                           50     0(0.00%) |   4576     993    7242   4700 |    0.00        0.00
--------|----------------------------------------------------------------------------|-------|-------------|-------|-------|-------|-------|--------|-----------
         Aggregated                                                                       512     0(0.00%) |    460       7    7242     12 |   24.80        0.00

Type     Name                                                                          # reqs      # fails |    Avg     Min     Max    Med |   req/s  failures/s
--------|----------------------------------------------------------------------------|-------|-------------|-------|-------|-------|-------|--------|-----------
GET      GET /api/v1/reservas                                                             516     0(0.00%) |     14       7     122     11 |   25.10        0.00
POST     POST /api/v1/auth/login                                                           50     0(0.00%) |   4576     993    7242   4700 |    0.00        0.00
--------|----------------------------------------------------------------------------|-------|-------------|-------|-------|-------|-------|--------|-----------
         Aggregated                                                                       566     0(0.00%) |    417       7    7242     12 |   25.10        0.00

Type     Name                                                                          # reqs      # fails |    Avg     Min     Max    Med |   req/s  failures/s
--------|----------------------------------------------------------------------------|-------|-------------|-------|-------|-------|-------|--------|-----------
GET      GET /api/v1/reservas                                                             560     0(0.00%) |     14       7     122     11 |   25.00        0.00
POST     POST /api/v1/auth/login                                                           50     0(0.00%) |   4576     993    7242   4700 |    0.00        0.00
--------|----------------------------------------------------------------------------|-------|-------------|-------|-------|-------|-------|--------|-----------
         Aggregated                                                                       610     0(0.00%) |    388       7    7242     12 |   25.00        0.00

Type     Name                                                                          # reqs      # fails |    Avg     Min     Max    Med |   req/s  failures/s
--------|----------------------------------------------------------------------------|-------|-------------|-------|-------|-------|-------|--------|-----------
GET      GET /api/v1/reservas                                                             614     0(0.00%) |     14       7     122     11 |   24.90        0.00
POST     POST /api/v1/auth/login                                                           50     0(0.00%) |   4576     993    7242   4700 |    0.00        0.00
--------|----------------------------------------------------------------------------|-------|-------------|-------|-------|-------|-------|--------|-----------
         Aggregated                                                                       664     0(0.00%) |    357       7    7242     12 |   24.90        0.00

Type     Name                                                                          # reqs      # fails |    Avg     Min     Max    Med |   req/s  failures/s
--------|----------------------------------------------------------------------------|-------|-------------|-------|-------|-------|-------|--------|-----------
GET      GET /api/v1/reservas                                                             660     0(0.00%) |     13       6     122     11 |   25.20        0.00
POST     POST /api/v1/auth/login                                                           50     0(0.00%) |   4576     993    7242   4700 |    0.00        0.00
--------|----------------------------------------------------------------------------|-------|-------------|-------|-------|-------|-------|--------|-----------
         Aggregated                                                                       710     0(0.00%) |    335       6    7242     12 |   25.20        0.00

Type     Name                                                                          # reqs      # fails |    Avg     Min     Max    Med |   req/s  failures/s
--------|----------------------------------------------------------------------------|-------|-------------|-------|-------|-------|-------|--------|-----------
GET      GET /api/v1/reservas                                                             711     0(0.00%) |     13       6     122     11 |   25.00        0.00
POST     POST /api/v1/auth/login                                                           50     0(0.00%) |   4576     993    7242   4700 |    0.00        0.00
--------|----------------------------------------------------------------------------|-------|-------------|-------|-------|-------|-------|--------|-----------
         Aggregated                                                                       761     0(0.00%) |    313       6    7242     12 |   25.00        0.00

Type     Name                                                                          # reqs      # fails |    Avg     Min     Max    Med |   req/s  failures/s
--------|----------------------------------------------------------------------------|-------|-------------|-------|-------|-------|-------|--------|-----------
GET      GET /api/v1/reservas                                                             760     0(0.00%) |     13       6     122     11 |   24.60        0.00
POST     POST /api/v1/auth/login                                                           50     0(0.00%) |   4576     993    7242   4700 |    0.00        0.00
--------|----------------------------------------------------------------------------|-------|-------------|-------|-------|-------|-------|--------|-----------
         Aggregated                                                                       810     0(0.00%) |    295       6    7242     12 |   24.60        0.00

Type     Name                                                                          # reqs      # fails |    Avg     Min     Max    Med |   req/s  failures/s
--------|----------------------------------------------------------------------------|-------|-------------|-------|-------|-------|-------|--------|-----------
GET      GET /api/v1/reservas                                                             803     0(0.00%) |     13       6     122     11 |   24.10        0.00
POST     POST /api/v1/auth/login                                                           50     0(0.00%) |   4576     993    7242   4700 |    0.00        0.00
--------|----------------------------------------------------------------------------|-------|-------------|-------|-------|-------|-------|--------|-----------
         Aggregated                                                                       853     0(0.00%) |    281       6    7242     12 |   24.10        0.00

Type     Name                                                                          # reqs      # fails |    Avg     Min     Max    Med |   req/s  failures/s
--------|----------------------------------------------------------------------------|-------|-------------|-------|-------|-------|-------|--------|-----------
GET      GET /api/v1/reservas                                                             853     0(0.00%) |     13       6     122     11 |   23.90        0.00
POST     POST /api/v1/auth/login                                                           50     0(0.00%) |   4576     993    7242   4700 |    0.00        0.00
--------|----------------------------------------------------------------------------|-------|-------------|-------|-------|-------|-------|--------|-----------
         Aggregated                                                                       903     0(0.00%) |    266       6    7242     12 |   23.90        0.00

Type     Name                                                                          # reqs      # fails |    Avg     Min     Max    Med |   req/s  failures/s
--------|----------------------------------------------------------------------------|-------|-------------|-------|-------|-------|-------|--------|-----------
GET      GET /api/v1/reservas                                                             902     0(0.00%) |     13       6     122     11 |   23.40        0.00
POST     POST /api/v1/auth/login                                                           50     0(0.00%) |   4576     993    7242   4700 |    0.00        0.00
--------|----------------------------------------------------------------------------|-------|-------------|-------|-------|-------|-------|--------|-----------
         Aggregated                                                                       952     0(0.00%) |    253       6    7242     12 |   23.40        0.00

Type     Name                                                                          # reqs      # fails |    Avg     Min     Max    Med |   req/s  failures/s
--------|----------------------------------------------------------------------------|-------|-------------|-------|-------|-------|-------|--------|-----------
GET      GET /api/v1/reservas                                                             954     0(0.00%) |     13       6     122     11 |   23.80        0.00
POST     POST /api/v1/auth/login                                                           50     0(0.00%) |   4576     993    7242   4700 |    0.00        0.00
--------|----------------------------------------------------------------------------|-------|-------------|-------|-------|-------|-------|--------|-----------
         Aggregated                                                                      1004     0(0.00%) |    240       6    7242     12 |   23.80        0.00

Type     Name                                                                          # reqs      # fails |    Avg     Min     Max    Med |   req/s  failures/s
--------|----------------------------------------------------------------------------|-------|-------------|-------|-------|-------|-------|--------|-----------
GET      GET /api/v1/reservas                                                            1001     0(0.00%) |     13       6     122     11 |   24.30        0.00
POST     POST /api/v1/auth/login                                                           50     0(0.00%) |   4576     993    7242   4700 |    0.00        0.00
--------|----------------------------------------------------------------------------|-------|-------------|-------|-------|-------|-------|--------|-----------
         Aggregated                                                                      1051     0(0.00%) |    230       6    7242     12 |   24.30        0.00

Type     Name                                                                          # reqs      # fails |    Avg     Min     Max    Med |   req/s  failures/s
--------|----------------------------------------------------------------------------|-------|-------------|-------|-------|-------|-------|--------|-----------
GET      GET /api/v1/reservas                                                            1047     0(0.00%) |     13       6     122     11 |   24.40        0.00
POST     POST /api/v1/auth/login                                                           50     0(0.00%) |   4576     993    7242   4700 |    0.00        0.00
--------|----------------------------------------------------------------------------|-------|-------------|-------|-------|-------|-------|--------|-----------
         Aggregated                                                                      1097     0(0.00%) |    221       6    7242     12 |   24.40        0.00

Type     Name                                                                          # reqs      # fails |    Avg     Min     Max    Med |   req/s  failures/s
--------|----------------------------------------------------------------------------|-------|-------------|-------|-------|-------|-------|--------|-----------
GET      GET /api/v1/reservas                                                            1100     0(0.00%) |     13       6     122     11 |   24.60        0.00
POST     POST /api/v1/auth/login                                                           50     0(0.00%) |   4576     993    7242   4700 |    0.00        0.00
--------|----------------------------------------------------------------------------|-------|-------------|-------|-------|-------|-------|--------|-----------
         Aggregated                                                                      1150     0(0.00%) |    212       6    7242     12 |   24.60        0.00

Type     Name                                                                          # reqs      # fails |    Avg     Min     Max    Med |   req/s  failures/s
--------|----------------------------------------------------------------------------|-------|-------------|-------|-------|-------|-------|--------|-----------
GET      GET /api/v1/reservas                                                            1149     0(0.00%) |     13       6     122     11 |   25.10        0.00
POST     POST /api/v1/auth/login                                                           50     0(0.00%) |   4576     993    7242   4700 |    0.00        0.00
--------|----------------------------------------------------------------------------|-------|-------------|-------|-------|-------|-------|--------|-----------
         Aggregated                                                                      1199     0(0.00%) |    204       6    7242     12 |   25.10        0.00

Type     Name                                                                          # reqs      # fails |    Avg     Min     Max    Med |   req/s  failures/s
--------|----------------------------------------------------------------------------|-------|-------------|-------|-------|-------|-------|--------|-----------
GET      GET /api/v1/reservas                                                            1200     0(0.00%) |     13       6     122     11 |   25.30        0.00
POST     POST /api/v1/auth/login                                                           50     0(0.00%) |   4576     993    7242   4700 |    0.00        0.00
--------|----------------------------------------------------------------------------|-------|-------------|-------|-------|-------|-------|--------|-----------
         Aggregated                                                                      1250     0(0.00%) |    196       6    7242     12 |   25.30        0.00

Type     Name                                                                          # reqs      # fails |    Avg     Min     Max    Med |   req/s  failures/s
--------|----------------------------------------------------------------------------|-------|-------------|-------|-------|-------|-------|--------|-----------
GET      GET /api/v1/reservas                                                            1246     4(0.32%) |     15       6     309     11 |   25.10        0.00
POST     POST /api/v1/auth/login                                                           50     0(0.00%) |   4576     993    7242   4700 |    0.00        0.00
--------|----------------------------------------------------------------------------|-------|-------------|-------|-------|-------|-------|--------|-----------
         Aggregated                                                                      1296     4(0.31%) |    191       6    7242     12 |   25.10        0.00

Type     Name                                                                          # reqs      # fails |    Avg     Min     Max    Med |   req/s  failures/s
--------|----------------------------------------------------------------------------|-------|-------------|-------|-------|-------|-------|--------|-----------
GET      GET /api/v1/reservas                                                            1300    17(1.31%) |     22       6     681     12 |   25.10        0.40
POST     POST /api/v1/auth/login                                                           50     0(0.00%) |   4576     993    7242   4700 |    0.00        0.00
--------|----------------------------------------------------------------------------|-------|-------------|-------|-------|-------|-------|--------|-----------
         Aggregated                                                                      1350    17(1.26%) |    191       6    7242     12 |   25.10        0.40

Type     Name                                                                          # reqs      # fails |    Avg     Min     Max    Med |   req/s  failures/s
--------|----------------------------------------------------------------------------|-------|-------------|-------|-------|-------|-------|--------|-----------
GET      GET /api/v1/reservas                                                            1343    17(1.27%) |     22       6     681     12 |   24.80        1.50
POST     POST /api/v1/auth/login                                                           50     0(0.00%) |   4576     993    7242   4700 |    0.00        0.00
--------|----------------------------------------------------------------------------|-------|-------------|-------|-------|-------|-------|--------|-----------
         Aggregated                                                                      1393    17(1.22%) |    186       6    7242     12 |   24.80        1.50

Type     Name                                                                          # reqs      # fails |    Avg     Min     Max    Med |   req/s  failures/s
--------|----------------------------------------------------------------------------|-------|-------------|-------|-------|-------|-------|--------|-----------
GET      GET /api/v1/reservas                                                            1394    17(1.22%) |     22       6     681     12 |   24.50        1.70
POST     POST /api/v1/auth/login                                                           50     0(0.00%) |   4576     993    7242   4700 |    0.00        0.00
--------|----------------------------------------------------------------------------|-------|-------------|-------|-------|-------|-------|--------|-----------
         Aggregated                                                                      1444    17(1.18%) |    180       6    7242     12 |   24.50        1.70

Type     Name                                                                          # reqs      # fails |    Avg     Min     Max    Med |   req/s  failures/s
--------|----------------------------------------------------------------------------|-------|-------------|-------|-------|-------|-------|--------|-----------
GET      GET /api/v1/reservas                                                            1439    17(1.18%) |     22       6     681     12 |   24.20        1.70
POST     POST /api/v1/auth/login                                                           50     0(0.00%) |   4576     993    7242   4700 |    0.00        0.00
--------|----------------------------------------------------------------------------|-------|-------------|-------|-------|-------|-------|--------|-----------
         Aggregated                                                                      1489    17(1.14%) |    175       6    7242     12 |   24.20        1.70

Type     Name                                                                          # reqs      # fails |    Avg     Min     Max    Med |   req/s  failures/s
--------|----------------------------------------------------------------------------|-------|-------------|-------|-------|-------|-------|--------|-----------
GET      GET /api/v1/reservas                                                            1491    17(1.14%) |     21       6     681     12 |   23.80        1.70
POST     POST /api/v1/auth/login                                                           50     0(0.00%) |   4576     993    7242   4700 |    0.00        0.00
--------|----------------------------------------------------------------------------|-------|-------------|-------|-------|-------|-------|--------|-----------
         Aggregated                                                                      1541    17(1.10%) |    169       6    7242     12 |   23.80        1.70

Type     Name                                                                          # reqs      # fails |    Avg     Min     Max    Med |   req/s  failures/s
--------|----------------------------------------------------------------------------|-------|-------------|-------|-------|-------|-------|--------|-----------
GET      GET /api/v1/reservas                                                            1534    17(1.11%) |     21       6     681     12 |   23.50        1.30
POST     POST /api/v1/auth/login                                                           50     0(0.00%) |   4576     993    7242   4700 |    0.00        0.00
--------|----------------------------------------------------------------------------|-------|-------------|-------|-------|-------|-------|--------|-----------
         Aggregated                                                                      1584    17(1.07%) |    165       6    7242     12 |   23.50        1.30

Type     Name                                                                          # reqs      # fails |    Avg     Min     Max    Med |   req/s  failures/s
--------|----------------------------------------------------------------------------|-------|-------------|-------|-------|-------|-------|--------|-----------
GET      GET /api/v1/reservas                                                            1580    17(1.08%) |     21       6     681     12 |   23.70        0.20
POST     POST /api/v1/auth/login                                                           50     0(0.00%) |   4576     993    7242   4700 |    0.00        0.00
--------|----------------------------------------------------------------------------|-------|-------------|-------|-------|-------|-------|--------|-----------
         Aggregated                                                                      1630    17(1.04%) |    161       6    7242     12 |   23.70        0.20

Type     Name                                                                          # reqs      # fails |    Avg     Min     Max    Med |   req/s  failures/s
--------|----------------------------------------------------------------------------|-------|-------------|-------|-------|-------|-------|--------|-----------
GET      GET /api/v1/reservas                                                            1626    17(1.05%) |     20       6     681     12 |   23.50        0.00
POST     POST /api/v1/auth/login                                                           50     0(0.00%) |   4576     993    7242   4700 |    0.00        0.00
--------|----------------------------------------------------------------------------|-------|-------------|-------|-------|-------|-------|--------|-----------
         Aggregated                                                                      1676    17(1.01%) |    156       6    7242     12 |   23.50        0.00

Type     Name                                                                          # reqs      # fails |    Avg     Min     Max    Med |   req/s  failures/s
--------|----------------------------------------------------------------------------|-------|-------------|-------|-------|-------|-------|--------|-----------
GET      GET /api/v1/reservas                                                            1672    17(1.02%) |     20       6     681     12 |   23.20        0.00
POST     POST /api/v1/auth/login                                                           50     0(0.00%) |   4576     993    7242   4700 |    0.00        0.00
--------|----------------------------------------------------------------------------|-------|-------------|-------|-------|-------|-------|--------|-----------
         Aggregated                                                                      1722    17(0.99%) |    153       6    7242     12 |   23.20        0.00

Type     Name                                                                          # reqs      # fails |    Avg     Min     Max    Med |   req/s  failures/s
--------|----------------------------------------------------------------------------|-------|-------------|-------|-------|-------|-------|--------|-----------
GET      GET /api/v1/reservas                                                            1725    17(0.99%) |     20       6     681     12 |   24.10        0.00
POST     POST /api/v1/auth/login                                                           50     0(0.00%) |   4576     993    7242   4700 |    0.00        0.00
--------|----------------------------------------------------------------------------|-------|-------------|-------|-------|-------|-------|--------|-----------
         Aggregated                                                                      1775    17(0.96%) |    148       6    7242     12 |   24.10        0.00

Type     Name                                                                          # reqs      # fails |    Avg     Min     Max    Med |   req/s  failures/s
--------|----------------------------------------------------------------------------|-------|-------------|-------|-------|-------|-------|--------|-----------
GET      GET /api/v1/reservas                                                            1778    17(0.96%) |     20       6     681     12 |   23.70        0.00
POST     POST /api/v1/auth/login                                                           50     0(0.00%) |   4576     993    7242   4700 |    0.00        0.00
--------|----------------------------------------------------------------------------|-------|-------------|-------|-------|-------|-------|--------|-----------
         Aggregated                                                                      1828    17(0.93%) |    144       6    7242     12 |   23.70        0.00

Type     Name                                                                          # reqs      # fails |    Avg     Min     Max    Med |   req/s  failures/s
--------|----------------------------------------------------------------------------|-------|-------------|-------|-------|-------|-------|--------|-----------
GET      GET /api/v1/reservas                                                            1832    17(0.93%) |     20       6     681     12 |   24.60        0.00
POST     POST /api/v1/auth/login                                                           50     0(0.00%) |   4576     993    7242   4700 |    0.00        0.00
--------|----------------------------------------------------------------------------|-------|-------------|-------|-------|-------|-------|--------|-----------
         Aggregated                                                                      1882    17(0.90%) |    141       6    7242     12 |   24.60        0.00

Type     Name                                                                          # reqs      # fails |    Avg     Min     Max    Med |   req/s  failures/s
--------|----------------------------------------------------------------------------|-------|-------------|-------|-------|-------|-------|--------|-----------
GET      GET /api/v1/reservas                                                            1880    17(0.90%) |     19       6     681     12 |   24.90        0.00
POST     POST /api/v1/auth/login                                                           50     0(0.00%) |   4576     993    7242   4700 |    0.00        0.00
--------|----------------------------------------------------------------------------|-------|-------------|-------|-------|-------|-------|--------|-----------
         Aggregated                                                                      1930    17(0.88%) |    137       6    7242     12 |   24.90        0.00

Type     Name                                                                          # reqs      # fails |    Avg     Min     Max    Med |   req/s  failures/s
--------|----------------------------------------------------------------------------|-------|-------------|-------|-------|-------|-------|--------|-----------
GET      GET /api/v1/reservas                                                            1934    17(0.88%) |     19       6     681     12 |   25.10        0.00
POST     POST /api/v1/auth/login                                                           50     0(0.00%) |   4576     993    7242   4700 |    0.00        0.00
--------|----------------------------------------------------------------------------|-------|-------------|-------|-------|-------|-------|--------|-----------
         Aggregated                                                                      1984    17(0.86%) |    134       6    7242     12 |   25.10        0.00

Type     Name                                                                          # reqs      # fails |    Avg     Min     Max    Med |   req/s  failures/s
--------|----------------------------------------------------------------------------|-------|-------------|-------|-------|-------|-------|--------|-----------
GET      GET /api/v1/reservas                                                            1980    17(0.86%) |     19       6     681     11 |   25.50        0.00
POST     POST /api/v1/auth/login                                                           50     0(0.00%) |   4576     993    7242   4700 |    0.00        0.00
--------|----------------------------------------------------------------------------|-------|-------------|-------|-------|-------|-------|--------|-----------
         Aggregated                                                                      2030    17(0.84%) |    131       6    7242     12 |   25.50        0.00

Type     Name                                                                          # reqs      # fails |    Avg     Min     Max    Med |   req/s  failures/s
--------|----------------------------------------------------------------------------|-------|-------------|-------|-------|-------|-------|--------|-----------
GET      GET /api/v1/reservas                                                            2030    17(0.84%) |     19       6     681     11 |   25.50        0.00
POST     POST /api/v1/auth/login                                                           50     0(0.00%) |   4576     993    7242   4700 |    0.00        0.00
--------|----------------------------------------------------------------------------|-------|-------------|-------|-------|-------|-------|--------|-----------
         Aggregated                                                                      2080    17(0.82%) |    128       6    7242     12 |   25.50        0.00

Type     Name                                                                          # reqs      # fails |    Avg     Min     Max    Med |   req/s  failures/s
--------|----------------------------------------------------------------------------|-------|-------------|-------|-------|-------|-------|--------|-----------
GET      GET /api/v1/reservas                                                            2078    17(0.82%) |     19       6     681     11 |   25.10        0.00
POST     POST /api/v1/auth/login                                                           50     0(0.00%) |   4576     993    7242   4700 |    0.00        0.00
--------|----------------------------------------------------------------------------|-------|-------------|-------|-------|-------|-------|--------|-----------
         Aggregated                                                                      2128    17(0.80%) |    126       6    7242     12 |   25.10        0.00

Type     Name                                                                          # reqs      # fails |    Avg     Min     Max    Med |   req/s  failures/s
--------|----------------------------------------------------------------------------|-------|-------------|-------|-------|-------|-------|--------|-----------
GET      GET /api/v1/reservas                                                            2130    17(0.80%) |     18       6     681     11 |   25.10        0.00
POST     POST /api/v1/auth/login                                                           50     0(0.00%) |   4576     993    7242   4700 |    0.00        0.00
--------|----------------------------------------------------------------------------|-------|-------------|-------|-------|-------|-------|--------|-----------
         Aggregated                                                                      2180    17(0.78%) |    123       6    7242     12 |   25.10        0.00

Type     Name                                                                          # reqs      # fails |    Avg     Min     Max    Med |   req/s  failures/s
--------|----------------------------------------------------------------------------|-------|-------------|-------|-------|-------|-------|--------|-----------
GET      GET /api/v1/reservas                                                            2179    17(0.78%) |     18       6     681     11 |   25.40        0.00
POST     POST /api/v1/auth/login                                                           50     0(0.00%) |   4576     993    7242   4700 |    0.00        0.00
--------|----------------------------------------------------------------------------|-------|-------------|-------|-------|-------|-------|--------|-----------
         Aggregated                                                                      2229    17(0.76%) |    121       6    7242     12 |   25.40        0.00

Type     Name                                                                          # reqs      # fails |    Avg     Min     Max    Med |   req/s  failures/s
--------|----------------------------------------------------------------------------|-------|-------------|-------|-------|-------|-------|--------|-----------
GET      GET /api/v1/reservas                                                            2231    17(0.76%) |     18       6     681     11 |   24.10        0.00
POST     POST /api/v1/auth/login                                                           50     0(0.00%) |   4576     993    7242   4700 |    0.00        0.00
--------|----------------------------------------------------------------------------|-------|-------------|-------|-------|-------|-------|--------|-----------
         Aggregated                                                                      2281    17(0.75%) |    118       6    7242     12 |   24.10        0.00

Type     Name                                                                          # reqs      # fails |    Avg     Min     Max    Med |   req/s  failures/s
--------|----------------------------------------------------------------------------|-------|-------------|-------|-------|-------|-------|--------|-----------
GET      GET /api/v1/reservas                                                            2275    17(0.75%) |     18       6     681     11 |   24.70        0.00
POST     POST /api/v1/auth/login                                                           50     0(0.00%) |   4576     993    7242   4700 |    0.00        0.00
--------|----------------------------------------------------------------------------|-------|-------------|-------|-------|-------|-------|--------|-----------
         Aggregated                                                                      2325    17(0.73%) |    116       6    7242     11 |   24.70        0.00

Type     Name                                                                          # reqs      # fails |    Avg     Min     Max    Med |   req/s  failures/s
--------|----------------------------------------------------------------------------|-------|-------------|-------|-------|-------|-------|--------|-----------
GET      GET /api/v1/reservas                                                            2324    17(0.73%) |     18       6     681     11 |   24.40        0.00
POST     POST /api/v1/auth/login                                                           50     0(0.00%) |   4576     993    7242   4700 |    0.00        0.00
--------|----------------------------------------------------------------------------|-------|-------------|-------|-------|-------|-------|--------|-----------
         Aggregated                                                                      2374    17(0.72%) |    114       6    7242     11 |   24.40        0.00

Type     Name                                                                          # reqs      # fails |    Avg     Min     Max    Med |   req/s  failures/s
--------|----------------------------------------------------------------------------|-------|-------------|-------|-------|-------|-------|--------|-----------
GET      GET /api/v1/reservas                                                            2375    17(0.72%) |     18       6     681     11 |   24.00        0.00
POST     POST /api/v1/auth/login                                                           50     0(0.00%) |   4576     993    7242   4700 |    0.00        0.00
--------|----------------------------------------------------------------------------|-------|-------------|-------|-------|-------|-------|--------|-----------
         Aggregated                                                                      2425    17(0.70%) |    112       6    7242     11 |   24.00        0.00

Type     Name                                                                          # reqs      # fails |    Avg     Min     Max    Med |   req/s  failures/s
--------|----------------------------------------------------------------------------|-------|-------------|-------|-------|-------|-------|--------|-----------
GET      GET /api/v1/reservas                                                            2425    17(0.70%) |     18       6     681     11 |   23.80        0.00
POST     POST /api/v1/auth/login                                                           50     0(0.00%) |   4576     993    7242   4700 |    0.00        0.00
--------|----------------------------------------------------------------------------|-------|-------------|-------|-------|-------|-------|--------|-----------
         Aggregated                                                                      2475    17(0.69%) |    110       6    7242     11 |   23.80        0.00

Type     Name                                                                          # reqs      # fails |    Avg     Min     Max    Med |   req/s  failures/s
--------|----------------------------------------------------------------------------|-------|-------------|-------|-------|-------|-------|--------|-----------
GET      GET /api/v1/reservas                                                            2467    17(0.69%) |     18       6     681     11 |   25.00        0.00
POST     POST /api/v1/auth/login                                                           50     0(0.00%) |   4576     993    7242   4700 |    0.00        0.00
--------|----------------------------------------------------------------------------|-------|-------------|-------|-------|-------|-------|--------|-----------
         Aggregated                                                                      2517    17(0.68%) |    108       6    7242     11 |   25.00        0.00

Type     Name                                                                          # reqs      # fails |    Avg     Min     Max    Med |   req/s  failures/s
--------|----------------------------------------------------------------------------|-------|-------------|-------|-------|-------|-------|--------|-----------
GET      GET /api/v1/reservas                                                            2519    17(0.67%) |     17       6     681     11 |   24.50        0.00
POST     POST /api/v1/auth/login                                                           50     0(0.00%) |   4576     993    7242   4700 |    0.00        0.00
--------|----------------------------------------------------------------------------|-------|-------------|-------|-------|-------|-------|--------|-----------
         Aggregated                                                                      2569    17(0.66%) |    106       6    7242     11 |   24.50        0.00

Type     Name                                                                          # reqs      # fails |    Avg     Min     Max    Med |   req/s  failures/s
--------|----------------------------------------------------------------------------|-------|-------------|-------|-------|-------|-------|--------|-----------
GET      GET /api/v1/reservas                                                            2571    17(0.66%) |     17       6     681     11 |   24.70        0.00
POST     POST /api/v1/auth/login                                                           50     0(0.00%) |   4576     993    7242   4700 |    0.00        0.00
--------|----------------------------------------------------------------------------|-------|-------------|-------|-------|-------|-------|--------|-----------
         Aggregated                                                                      2621    17(0.65%) |    104       6    7242     11 |   24.70        0.00

Type     Name                                                                          # reqs      # fails |    Avg     Min     Max    Med |   req/s  failures/s
--------|----------------------------------------------------------------------------|-------|-------------|-------|-------|-------|-------|--------|-----------
GET      GET /api/v1/reservas                                                            2620    17(0.65%) |     17       6     681     11 |   24.80        0.00
POST     POST /api/v1/auth/login                                                           50     0(0.00%) |   4576     993    7242   4700 |    0.00        0.00
--------|----------------------------------------------------------------------------|-------|-------------|-------|-------|-------|-------|--------|-----------
         Aggregated                                                                      2670    17(0.64%) |    103       6    7242     11 |   24.80        0.00

Type     Name                                                                          # reqs      # fails |    Avg     Min     Max    Med |   req/s  failures/s
--------|----------------------------------------------------------------------------|-------|-------------|-------|-------|-------|-------|--------|-----------
GET      GET /api/v1/reservas                                                            2669    17(0.64%) |     17       6     681     11 |   24.90        0.00
POST     POST /api/v1/auth/login                                                           50     0(0.00%) |   4576     993    7242   4700 |    0.00        0.00
--------|----------------------------------------------------------------------------|-------|-------------|-------|-------|-------|-------|--------|-----------
         Aggregated                                                                      2719    17(0.63%) |    101       6    7242     11 |   24.90        0.00

Type     Name                                                                          # reqs      # fails |    Avg     Min     Max    Med |   req/s  failures/s
--------|----------------------------------------------------------------------------|-------|-------------|-------|-------|-------|-------|--------|-----------
GET      GET /api/v1/reservas                                                            2718    17(0.63%) |     17       6     681     11 |   24.50        0.00
POST     POST /api/v1/auth/login                                                           50     0(0.00%) |   4576     993    7242   4700 |    0.00        0.00
--------|----------------------------------------------------------------------------|-------|-------------|-------|-------|-------|-------|--------|-----------
         Aggregated                                                                      2768    17(0.61%) |     99       6    7242     11 |   24.50        0.00

Type     Name                                                                          # reqs      # fails |    Avg     Min     Max    Med |   req/s  failures/s
--------|----------------------------------------------------------------------------|-------|-------------|-------|-------|-------|-------|--------|-----------
GET      GET /api/v1/reservas                                                            2765    17(0.61%) |     17       6     681     11 |   24.10        0.00
POST     POST /api/v1/auth/login                                                           50     0(0.00%) |   4576     993    7242   4700 |    0.00        0.00
--------|----------------------------------------------------------------------------|-------|-------------|-------|-------|-------|-------|--------|-----------
         Aggregated                                                                      2815    17(0.60%) |     98       6    7242     11 |   24.10        0.00

Type     Name                                                                          # reqs      # fails |    Avg     Min     Max    Med |   req/s  failures/s
--------|----------------------------------------------------------------------------|-------|-------------|-------|-------|-------|-------|--------|-----------
GET      GET /api/v1/reservas                                                            2819    17(0.60%) |     17       6     681     11 |   24.40        0.00
POST     POST /api/v1/auth/login                                                           50     0(0.00%) |   4576     993    7242   4700 |    0.00        0.00
--------|----------------------------------------------------------------------------|-------|-------------|-------|-------|-------|-------|--------|-----------
         Aggregated                                                                      2869    17(0.59%) |     96       6    7242     11 |   24.40        0.00

Type     Name                                                                          # reqs      # fails |    Avg     Min     Max    Med |   req/s  failures/s
--------|----------------------------------------------------------------------------|-------|-------------|-------|-------|-------|-------|--------|-----------
GET      GET /api/v1/reservas                                                            2870    17(0.59%) |     17       6     681     11 |   25.20        0.00
POST     POST /api/v1/auth/login                                                           50     0(0.00%) |   4576     993    7242   4700 |    0.00        0.00
--------|----------------------------------------------------------------------------|-------|-------------|-------|-------|-------|-------|--------|-----------
         Aggregated                                                                      2920    17(0.58%) |     95       6    7242     11 |   25.20        0.00

Type     Name                                                                          # reqs      # fails |    Avg     Min     Max    Med |   req/s  failures/s
--------|----------------------------------------------------------------------------|-------|-------------|-------|-------|-------|-------|--------|-----------
GET      GET /api/v1/reservas                                                            2920    17(0.58%) |     17       6     681     11 |   24.70        0.00
POST     POST /api/v1/auth/login                                                           50     0(0.00%) |   4576     993    7242   4700 |    0.00        0.00
--------|----------------------------------------------------------------------------|-------|-------------|-------|-------|-------|-------|--------|-----------
         Aggregated                                                                      2970    17(0.57%) |     93       6    7242     11 |   24.70        0.00

Type     Name                                                                          # reqs      # fails |    Avg     Min     Max    Med |   req/s  failures/s
--------|----------------------------------------------------------------------------|-------|-------------|-------|-------|-------|-------|--------|-----------
GET      GET /api/v1/reservas                                                            2967    17(0.57%) |     17       6     681     11 |   24.70        0.00
POST     POST /api/v1/auth/login                                                           50     0(0.00%) |   4576     993    7242   4700 |    0.00        0.00
--------|----------------------------------------------------------------------------|-------|-------------|-------|-------|-------|-------|--------|-----------
         Aggregated                                                                      3017    17(0.56%) |     92       6    7242     11 |   24.70        0.00

Type     Name                                                                          # reqs      # fails |    Avg     Min     Max    Med |   req/s  failures/s
--------|----------------------------------------------------------------------------|-------|-------------|-------|-------|-------|-------|--------|-----------
GET      GET /api/v1/reservas                                                            3018    17(0.56%) |     17       6     681     11 |   25.80        0.00
POST     POST /api/v1/auth/login                                                           50     0(0.00%) |   4576     993    7242   4700 |    0.00        0.00
--------|----------------------------------------------------------------------------|-------|-------------|-------|-------|-------|-------|--------|-----------
         Aggregated                                                                      3068    17(0.55%) |     91       6    7242     11 |   25.80        0.00

Type     Name                                                                          # reqs      # fails |    Avg     Min     Max    Med |   req/s  failures/s
--------|----------------------------------------------------------------------------|-------|-------------|-------|-------|-------|-------|--------|-----------
GET      GET /api/v1/reservas                                                            3066    17(0.55%) |     17       6     681     11 |   24.70        0.00
POST     POST /api/v1/auth/login                                                           50     0(0.00%) |   4576     993    7242   4700 |    0.00        0.00
--------|----------------------------------------------------------------------------|-------|-------------|-------|-------|-------|-------|--------|-----------
         Aggregated                                                                      3116    17(0.55%) |     90       6    7242     11 |   24.70        0.00

Type     Name                                                                          # reqs      # fails |    Avg     Min     Max    Med |   req/s  failures/s
--------|----------------------------------------------------------------------------|-------|-------------|-------|-------|-------|-------|--------|-----------
GET      GET /api/v1/reservas                                                            3121    17(0.54%) |     17       6     681     11 |   24.60        0.00
POST     POST /api/v1/auth/login                                                           50     0(0.00%) |   4576     993    7242   4700 |    0.00        0.00
--------|----------------------------------------------------------------------------|-------|-------------|-------|-------|-------|-------|--------|-----------
         Aggregated                                                                      3171    17(0.54%) |     88       6    7242     11 |   24.60        0.00

Type     Name                                                                          # reqs      # fails |    Avg     Min     Max    Med |   req/s  failures/s
--------|----------------------------------------------------------------------------|-------|-------------|-------|-------|-------|-------|--------|-----------
GET      GET /api/v1/reservas                                                            3168    17(0.54%) |     17       6     681     11 |   25.30        0.00
POST     POST /api/v1/auth/login                                                           50     0(0.00%) |   4576     993    7242   4700 |    0.00        0.00
--------|----------------------------------------------------------------------------|-------|-------------|-------|-------|-------|-------|--------|-----------
         Aggregated                                                                      3218    17(0.53%) |     87       6    7242     11 |   25.30        0.00

Type     Name                                                                          # reqs      # fails |    Avg     Min     Max    Med |   req/s  failures/s
--------|----------------------------------------------------------------------------|-------|-------------|-------|-------|-------|-------|--------|-----------
GET      GET /api/v1/reservas                                                            3214    17(0.53%) |     16       6     681     11 |   24.70        0.00
POST     POST /api/v1/auth/login                                                           50     0(0.00%) |   4576     993    7242   4700 |    0.00        0.00
--------|----------------------------------------------------------------------------|-------|-------------|-------|-------|-------|-------|--------|-----------
         Aggregated                                                                      3264    17(0.52%) |     86       6    7242     11 |   24.70        0.00

Type     Name                                                                          # reqs      # fails |    Avg     Min     Max    Med |   req/s  failures/s
--------|----------------------------------------------------------------------------|-------|-------------|-------|-------|-------|-------|--------|-----------
GET      GET /api/v1/reservas                                                            3267    17(0.52%) |     16       6     681     11 |   24.30        0.00
POST     POST /api/v1/auth/login                                                           50     0(0.00%) |   4576     993    7242   4700 |    0.00        0.00
--------|----------------------------------------------------------------------------|-------|-------------|-------|-------|-------|-------|--------|-----------
         Aggregated                                                                      3317    17(0.51%) |     85       6    7242     11 |   24.30        0.00

Type     Name                                                                          # reqs      # fails |    Avg     Min     Max    Med |   req/s  failures/s
--------|----------------------------------------------------------------------------|-------|-------------|-------|-------|-------|-------|--------|-----------
GET      GET /api/v1/reservas                                                            3316    17(0.51%) |     16       6     681     11 |   25.10        0.00
POST     POST /api/v1/auth/login                                                           50     0(0.00%) |   4576     993    7242   4700 |    0.00        0.00
--------|----------------------------------------------------------------------------|-------|-------------|-------|-------|-------|-------|--------|-----------
         Aggregated                                                                      3366    17(0.51%) |     84       6    7242     11 |   25.10        0.00

Type     Name                                                                          # reqs      # fails |    Avg     Min     Max    Med |   req/s  failures/s
--------|----------------------------------------------------------------------------|-------|-------------|-------|-------|-------|-------|--------|-----------
GET      GET /api/v1/reservas                                                            3365    17(0.51%) |     16       6     681     11 |   24.80        0.00
POST     POST /api/v1/auth/login                                                           50     0(0.00%) |   4576     993    7242   4700 |    0.00        0.00
--------|----------------------------------------------------------------------------|-------|-------------|-------|-------|-------|-------|--------|-----------
         Aggregated                                                                      3415    17(0.50%) |     83       6    7242     11 |   24.80        0.00

Type     Name                                                                          # reqs      # fails |    Avg     Min     Max    Med |   req/s  failures/s
--------|----------------------------------------------------------------------------|-------|-------------|-------|-------|-------|-------|--------|-----------
GET      GET /api/v1/reservas                                                            3412    17(0.50%) |     16       6     681     11 |   24.10        0.00
POST     POST /api/v1/auth/login                                                           50     0(0.00%) |   4576     993    7242   4700 |    0.00        0.00
--------|----------------------------------------------------------------------------|-------|-------------|-------|-------|-------|-------|--------|-----------
         Aggregated                                                                      3462    17(0.49%) |     82       6    7242     11 |   24.10        0.00

Type     Name                                                                          # reqs      # fails |    Avg     Min     Max    Med |   req/s  failures/s
--------|----------------------------------------------------------------------------|-------|-------------|-------|-------|-------|-------|--------|-----------
GET      GET /api/v1/reservas                                                            3457    17(0.49%) |     16       6     681     11 |   24.90        0.00
POST     POST /api/v1/auth/login                                                           50     0(0.00%) |   4576     993    7242   4700 |    0.00        0.00
--------|----------------------------------------------------------------------------|-------|-------------|-------|-------|-------|-------|--------|-----------
         Aggregated                                                                      3507    17(0.48%) |     81       6    7242     11 |   24.90        0.00

Type     Name                                                                          # reqs      # fails |    Avg     Min     Max    Med |   req/s  failures/s
--------|----------------------------------------------------------------------------|-------|-------------|-------|-------|-------|-------|--------|-----------
GET      GET /api/v1/reservas                                                            3509    17(0.48%) |     16       6     681     11 |   24.30        0.00
POST     POST /api/v1/auth/login                                                           50     0(0.00%) |   4576     993    7242   4700 |    0.00        0.00
--------|----------------------------------------------------------------------------|-------|-------------|-------|-------|-------|-------|--------|-----------
         Aggregated                                                                      3559    17(0.48%) |     80       6    7242     11 |   24.30        0.00

Type     Name                                                                          # reqs      # fails |    Avg     Min     Max    Med |   req/s  failures/s
--------|----------------------------------------------------------------------------|-------|-------------|-------|-------|-------|-------|--------|-----------
GET      GET /api/v1/reservas                                                            3554    17(0.48%) |     16       6     681     11 |   24.70        0.00
POST     POST /api/v1/auth/login                                                           50     0(0.00%) |   4576     993    7242   4700 |    0.00        0.00
--------|----------------------------------------------------------------------------|-------|-------------|-------|-------|-------|-------|--------|-----------
         Aggregated                                                                      3604    17(0.47%) |     79       6    7242     11 |   24.70        0.00

Type     Name                                                                          # reqs      # fails |    Avg     Min     Max    Med |   req/s  failures/s
--------|----------------------------------------------------------------------------|-------|-------------|-------|-------|-------|-------|--------|-----------
GET      GET /api/v1/reservas                                                            3608    17(0.47%) |     16       6     681     11 |   23.60        0.00
POST     POST /api/v1/auth/login                                                           50     0(0.00%) |   4576     993    7242   4700 |    0.00        0.00
--------|----------------------------------------------------------------------------|-------|-------------|-------|-------|-------|-------|--------|-----------
         Aggregated                                                                      3658    17(0.46%) |     78       6    7242     11 |   23.60        0.00

Type     Name                                                                          # reqs      # fails |    Avg     Min     Max    Med |   req/s  failures/s
--------|----------------------------------------------------------------------------|-------|-------------|-------|-------|-------|-------|--------|-----------
GET      GET /api/v1/reservas                                                            3658    17(0.46%) |     16       6     681     11 |   24.60        0.00
POST     POST /api/v1/auth/login                                                           50     0(0.00%) |   4576     993    7242   4700 |    0.00        0.00
--------|----------------------------------------------------------------------------|-------|-------------|-------|-------|-------|-------|--------|-----------
         Aggregated                                                                      3708    17(0.46%) |     77       6    7242     11 |   24.60        0.00

Type     Name                                                                          # reqs      # fails |    Avg     Min     Max    Med |   req/s  failures/s
--------|----------------------------------------------------------------------------|-------|-------------|-------|-------|-------|-------|--------|-----------
GET      GET /api/v1/reservas                                                            3706    17(0.46%) |     16       6     681     11 |   24.40        0.00
POST     POST /api/v1/auth/login                                                           50     0(0.00%) |   4576     993    7242   4700 |    0.00        0.00
--------|----------------------------------------------------------------------------|-------|-------------|-------|-------|-------|-------|--------|-----------
         Aggregated                                                                      3756    17(0.45%) |     77       6    7242     11 |   24.40        0.00

Type     Name                                                                          # reqs      # fails |    Avg     Min     Max    Med |   req/s  failures/s
--------|----------------------------------------------------------------------------|-------|-------------|-------|-------|-------|-------|--------|-----------
GET      GET /api/v1/reservas                                                            3760    17(0.45%) |     16       6     681     11 |   24.70        0.00
POST     POST /api/v1/auth/login                                                           50     0(0.00%) |   4576     993    7242   4700 |    0.00        0.00
--------|----------------------------------------------------------------------------|-------|-------------|-------|-------|-------|-------|--------|-----------
         Aggregated                                                                      3810    17(0.45%) |     76       6    7242     11 |   24.70        0.00

Type     Name                                                                          # reqs      # fails |    Avg     Min     Max    Med |   req/s  failures/s
--------|----------------------------------------------------------------------------|-------|-------------|-------|-------|-------|-------|--------|-----------
GET      GET /api/v1/reservas                                                            3810    17(0.45%) |     16       6     681     11 |   25.00        0.00
POST     POST /api/v1/auth/login                                                           50     0(0.00%) |   4576     993    7242   4700 |    0.00        0.00
--------|----------------------------------------------------------------------------|-------|-------------|-------|-------|-------|-------|--------|-----------
         Aggregated                                                                      3860    17(0.44%) |     75       6    7242     11 |   25.00        0.00

Type     Name                                                                          # reqs      # fails |    Avg     Min     Max    Med |   req/s  failures/s
--------|----------------------------------------------------------------------------|-------|-------------|-------|-------|-------|-------|--------|-----------
GET      GET /api/v1/reservas                                                            3862    17(0.44%) |     16       6     681     11 |   25.60        0.00
POST     POST /api/v1/auth/login                                                           50     0(0.00%) |   4576     993    7242   4700 |    0.00        0.00
--------|----------------------------------------------------------------------------|-------|-------------|-------|-------|-------|-------|--------|-----------
         Aggregated                                                                      3912    17(0.43%) |     74       6    7242     11 |   25.60        0.00

Type     Name                                                                          # reqs      # fails |    Avg     Min     Max    Med |   req/s  failures/s
--------|----------------------------------------------------------------------------|-------|-------------|-------|-------|-------|-------|--------|-----------
GET      GET /api/v1/reservas                                                            3912    17(0.43%) |     16       6     681     11 |   25.40        0.00
POST     POST /api/v1/auth/login                                                           50     0(0.00%) |   4576     993    7242   4700 |    0.00        0.00
--------|----------------------------------------------------------------------------|-------|-------------|-------|-------|-------|-------|--------|-----------
         Aggregated                                                                      3962    17(0.43%) |     73       6    7242     11 |   25.40        0.00

Type     Name                                                                          # reqs      # fails |    Avg     Min     Max    Med |   req/s  failures/s
--------|----------------------------------------------------------------------------|-------|-------------|-------|-------|-------|-------|--------|-----------
GET      GET /api/v1/reservas                                                            3958    17(0.43%) |     16       6     681     11 |   25.80        0.00
POST     POST /api/v1/auth/login                                                           50     0(0.00%) |   4576     993    7242   4700 |    0.00        0.00
--------|----------------------------------------------------------------------------|-------|-------------|-------|-------|-------|-------|--------|-----------
         Aggregated                                                                      4008    17(0.42%) |     72       6    7242     11 |   25.80        0.00

Type     Name                                                                          # reqs      # fails |    Avg     Min     Max    Med |   req/s  failures/s
--------|----------------------------------------------------------------------------|-------|-------------|-------|-------|-------|-------|--------|-----------
GET      GET /api/v1/reservas                                                            4013    17(0.42%) |     16       6     681     11 |   25.30        0.00
POST     POST /api/v1/auth/login                                                           50     0(0.00%) |   4576     993    7242   4700 |    0.00        0.00
--------|----------------------------------------------------------------------------|-------|-------------|-------|-------|-------|-------|--------|-----------
         Aggregated                                                                      4063    17(0.42%) |     72       6    7242     11 |   25.30        0.00

Type     Name                                                                          # reqs      # fails |    Avg     Min     Max    Med |   req/s  failures/s
--------|----------------------------------------------------------------------------|-------|-------------|-------|-------|-------|-------|--------|-----------
GET      GET /api/v1/reservas                                                            4061    17(0.42%) |     16       6     681     11 |   24.90        0.00
POST     POST /api/v1/auth/login                                                           50     0(0.00%) |   4576     993    7242   4700 |    0.00        0.00
--------|----------------------------------------------------------------------------|-------|-------------|-------|-------|-------|-------|--------|-----------
         Aggregated                                                                      4111    17(0.41%) |     71       6    7242     11 |   24.90        0.00

Type     Name                                                                          # reqs      # fails |    Avg     Min     Max    Med |   req/s  failures/s
--------|----------------------------------------------------------------------------|-------|-------------|-------|-------|-------|-------|--------|-----------
GET      GET /api/v1/reservas                                                            4114    17(0.41%) |     15       6     681     11 |   25.50        0.00
POST     POST /api/v1/auth/login                                                           50     0(0.00%) |   4576     993    7242   4700 |    0.00        0.00
--------|----------------------------------------------------------------------------|-------|-------------|-------|-------|-------|-------|--------|-----------
         Aggregated                                                                      4164    17(0.41%) |     70       6    7242     11 |   25.50        0.00

Type     Name                                                                          # reqs      # fails |    Avg     Min     Max    Med |   req/s  failures/s
--------|----------------------------------------------------------------------------|-------|-------------|-------|-------|-------|-------|--------|-----------
GET      GET /api/v1/reservas                                                            4160    17(0.41%) |     15       6     681     11 |   25.10        0.00
POST     POST /api/v1/auth/login                                                           50     0(0.00%) |   4576     993    7242   4700 |    0.00        0.00
--------|----------------------------------------------------------------------------|-------|-------------|-------|-------|-------|-------|--------|-----------
         Aggregated                                                                      4210    17(0.40%) |     70       6    7242     11 |   25.10        0.00

Type     Name                                                                          # reqs      # fails |    Avg     Min     Max    Med |   req/s  failures/s
--------|----------------------------------------------------------------------------|-------|-------------|-------|-------|-------|-------|--------|-----------
GET      GET /api/v1/reservas                                                            4205    17(0.40%) |     15       6     681     11 |   24.60        0.00
POST     POST /api/v1/auth/login                                                           50     0(0.00%) |   4576     993    7242   4700 |    0.00        0.00
--------|----------------------------------------------------------------------------|-------|-------------|-------|-------|-------|-------|--------|-----------
         Aggregated                                                                      4255    17(0.40%) |     69       6    7242     11 |   24.60        0.00

Type     Name                                                                          # reqs      # fails |    Avg     Min     Max    Med |   req/s  failures/s
--------|----------------------------------------------------------------------------|-------|-------------|-------|-------|-------|-------|--------|-----------
GET      GET /api/v1/reservas                                                            4263    17(0.40%) |     15       6     681     11 |   24.40        0.00
POST     POST /api/v1/auth/login                                                           50     0(0.00%) |   4576     993    7242   4700 |    0.00        0.00
--------|----------------------------------------------------------------------------|-------|-------------|-------|-------|-------|-------|--------|-----------
         Aggregated                                                                      4313    17(0.39%) |     68       6    7242     11 |   24.40        0.00

Type     Name                                                                          # reqs      # fails |    Avg     Min     Max    Med |   req/s  failures/s
--------|----------------------------------------------------------------------------|-------|-------------|-------|-------|-------|-------|--------|-----------
GET      GET /api/v1/reservas                                                            4313    17(0.39%) |     15       6     681     11 |   24.70        0.00
POST     POST /api/v1/auth/login                                                           50     0(0.00%) |   4576     993    7242   4700 |    0.00        0.00
--------|----------------------------------------------------------------------------|-------|-------------|-------|-------|-------|-------|--------|-----------
         Aggregated                                                                      4363    17(0.39%) |     68       6    7242     11 |   24.70        0.00

Type     Name                                                                          # reqs      # fails |    Avg     Min     Max    Med |   req/s  failures/s
--------|----------------------------------------------------------------------------|-------|-------------|-------|-------|-------|-------|--------|-----------
GET      GET /api/v1/reservas                                                            4362    17(0.39%) |     15       6     681     11 |   25.30        0.00
POST     POST /api/v1/auth/login                                                           50     0(0.00%) |   4576     993    7242   4700 |    0.00        0.00
--------|----------------------------------------------------------------------------|-------|-------------|-------|-------|-------|-------|--------|-----------
         Aggregated                                                                      4412    17(0.39%) |     67       6    7242     11 |   25.30        0.00

Type     Name                                                                          # reqs      # fails |    Avg     Min     Max    Med |   req/s  failures/s
--------|----------------------------------------------------------------------------|-------|-------------|-------|-------|-------|-------|--------|-----------
GET      GET /api/v1/reservas                                                            4412    17(0.39%) |     15       6     681     11 |   24.80        0.00
POST     POST /api/v1/auth/login                                                           50     0(0.00%) |   4576     993    7242   4700 |    0.00        0.00
--------|----------------------------------------------------------------------------|-------|-------------|-------|-------|-------|-------|--------|-----------
         Aggregated                                                                      4462    17(0.38%) |     66       6    7242     11 |   24.80        0.00

Type     Name                                                                          # reqs      # fails |    Avg     Min     Max    Med |   req/s  failures/s
--------|----------------------------------------------------------------------------|-------|-------------|-------|-------|-------|-------|--------|-----------
GET      GET /api/v1/reservas                                                            4458    21(0.47%) |     16       6     681     11 |   25.10        0.00
POST     POST /api/v1/auth/login                                                           50     0(0.00%) |   4576     993    7242   4700 |    0.00        0.00
--------|----------------------------------------------------------------------------|-------|-------------|-------|-------|-------|-------|--------|-----------
         Aggregated                                                                      4508    21(0.47%) |     67       6    7242     11 |   25.10        0.00

Type     Name                                                                          # reqs      # fails |    Avg     Min     Max    Med |   req/s  failures/s
--------|----------------------------------------------------------------------------|-------|-------------|-------|-------|-------|-------|--------|-----------
GET      GET /api/v1/reservas                                                            4512    31(0.69%) |     18       6     681     11 |   26.00        0.10
POST     POST /api/v1/auth/login                                                           50     0(0.00%) |   4576     993    7242   4700 |    0.00        0.00
--------|----------------------------------------------------------------------------|-------|-------------|-------|-------|-------|-------|--------|-----------
         Aggregated                                                                      4562    31(0.68%) |     68       6    7242     12 |   26.00        0.10

Type     Name                                                                          # reqs      # fails |    Avg     Min     Max    Med |   req/s  failures/s
--------|----------------------------------------------------------------------------|-------|-------------|-------|-------|-------|-------|--------|-----------
GET      GET /api/v1/reservas                                                            4563    31(0.68%) |     18       6     681     12 |   25.30        1.40
POST     POST /api/v1/auth/login                                                           50     0(0.00%) |   4576     993    7242   4700 |    0.00        0.00
--------|----------------------------------------------------------------------------|-------|-------------|-------|-------|-------|-------|--------|-----------
         Aggregated                                                                      4613    31(0.67%) |     67       6    7242     12 |   25.30        1.40

Type     Name                                                                          # reqs      # fails |    Avg     Min     Max    Med |   req/s  failures/s
--------|----------------------------------------------------------------------------|-------|-------------|-------|-------|-------|-------|--------|-----------
GET      GET /api/v1/reservas                                                            4614    31(0.67%) |     18       6     681     11 |   24.80        1.40
POST     POST /api/v1/auth/login                                                           50     0(0.00%) |   4576     993    7242   4700 |    0.00        0.00
--------|----------------------------------------------------------------------------|-------|-------------|-------|-------|-------|-------|--------|-----------
         Aggregated                                                                      4664    31(0.66%) |     67       6    7242     12 |   24.80        1.40

Type     Name                                                                          # reqs      # fails |    Avg     Min     Max    Med |   req/s  failures/s
--------|----------------------------------------------------------------------------|-------|-------------|-------|-------|-------|-------|--------|-----------
GET      GET /api/v1/reservas                                                            4666    31(0.66%) |     18       6     681     12 |   25.50        1.40
POST     POST /api/v1/auth/login                                                           50     0(0.00%) |   4576     993    7242   4700 |    0.00        0.00
--------|----------------------------------------------------------------------------|-------|-------------|-------|-------|-------|-------|--------|-----------
         Aggregated                                                                      4716    31(0.66%) |     66       6    7242     12 |   25.50        1.40

Type     Name                                                                          # reqs      # fails |    Avg     Min     Max    Med |   req/s  failures/s
--------|----------------------------------------------------------------------------|-------|-------------|-------|-------|-------|-------|--------|-----------
GET      GET /api/v1/reservas                                                            4710    31(0.66%) |     18       6     681     12 |   24.70        1.40
POST     POST /api/v1/auth/login                                                           50     0(0.00%) |   4576     993    7242   4700 |    0.00        0.00
--------|----------------------------------------------------------------------------|-------|-------------|-------|-------|-------|-------|--------|-----------
         Aggregated                                                                      4760    31(0.65%) |     65       6    7242     12 |   24.70        1.40

Type     Name                                                                          # reqs      # fails |    Avg     Min     Max    Med |   req/s  failures/s
--------|----------------------------------------------------------------------------|-------|-------------|-------|-------|-------|-------|--------|-----------
GET      GET /api/v1/reservas                                                            4763    31(0.65%) |     18       6     681     12 |   24.70        1.30
POST     POST /api/v1/auth/login                                                           50     0(0.00%) |   4576     993    7242   4700 |    0.00        0.00
--------|----------------------------------------------------------------------------|-------|-------------|-------|-------|-------|-------|--------|-----------
         Aggregated                                                                      4813    31(0.64%) |     65       6    7242     12 |   24.70        1.30

Type     Name                                                                          # reqs      # fails |    Avg     Min     Max    Med |   req/s  failures/s
--------|----------------------------------------------------------------------------|-------|-------------|-------|-------|-------|-------|--------|-----------
GET      GET /api/v1/reservas                                                            4815    31(0.64%) |     17       6     681     12 |   25.40        0.00
POST     POST /api/v1/auth/login                                                           50     0(0.00%) |   4576     993    7242   4700 |    0.00        0.00
--------|----------------------------------------------------------------------------|-------|-------------|-------|-------|-------|-------|--------|-----------
         Aggregated                                                                      4865    31(0.64%) |     64       6    7242     12 |   25.40        0.00

Type     Name                                                                          # reqs      # fails |    Avg     Min     Max    Med |   req/s  failures/s
--------|----------------------------------------------------------------------------|-------|-------------|-------|-------|-------|-------|--------|-----------
GET      GET /api/v1/reservas                                                            4868    31(0.64%) |     17       6     681     12 |   25.30        0.00
POST     POST /api/v1/auth/login                                                           50     0(0.00%) |   4576     993    7242   4700 |    0.00        0.00
--------|----------------------------------------------------------------------------|-------|-------------|-------|-------|-------|-------|--------|-----------
         Aggregated                                                                      4918    31(0.63%) |     64       6    7242     12 |   25.30        0.00

Type     Name                                                                          # reqs      # fails |    Avg     Min     Max    Med |   req/s  failures/s
--------|----------------------------------------------------------------------------|-------|-------------|-------|-------|-------|-------|--------|-----------
GET      GET /api/v1/reservas                                                            4915    31(0.63%) |     17       6     681     12 |   25.00        0.00
POST     POST /api/v1/auth/login                                                           50     0(0.00%) |   4576     993    7242   4700 |    0.00        0.00
--------|----------------------------------------------------------------------------|-------|-------------|-------|-------|-------|-------|--------|-----------
         Aggregated                                                                      4965    31(0.62%) |     63       6    7242     12 |   25.00        0.00

Type     Name                                                                          # reqs      # fails |    Avg     Min     Max    Med |   req/s  failures/s
--------|----------------------------------------------------------------------------|-------|-------------|-------|-------|-------|-------|--------|-----------
GET      GET /api/v1/reservas                                                            4970    31(0.62%) |     17       6     681     12 |   25.20        0.00
POST     POST /api/v1/auth/login                                                           50     0(0.00%) |   4576     993    7242   4700 |    0.00        0.00
--------|----------------------------------------------------------------------------|-------|-------------|-------|-------|-------|-------|--------|-----------
         Aggregated                                                                      5020    31(0.62%) |     63       6    7242     12 |   25.20        0.00

Type     Name                                                                          # reqs      # fails |    Avg     Min     Max    Med |   req/s  failures/s
--------|----------------------------------------------------------------------------|-------|-------------|-------|-------|-------|-------|--------|-----------
GET      GET /api/v1/reservas                                                            5018    31(0.62%) |     17       6     681     12 |   25.70        0.00
POST     POST /api/v1/auth/login                                                           50     0(0.00%) |   4576     993    7242   4700 |    0.00        0.00
--------|----------------------------------------------------------------------------|-------|-------------|-------|-------|-------|-------|--------|-----------
         Aggregated                                                                      5068    31(0.61%) |     62       6    7242     12 |   25.70        0.00

Type     Name                                                                          # reqs      # fails |    Avg     Min     Max    Med |   req/s  failures/s
--------|----------------------------------------------------------------------------|-------|-------------|-------|-------|-------|-------|--------|-----------
GET      GET /api/v1/reservas                                                            5067    31(0.61%) |     17       6     681     12 |   25.10        0.00
POST     POST /api/v1/auth/login                                                           50     0(0.00%) |   4576     993    7242   4700 |    0.00        0.00
--------|----------------------------------------------------------------------------|-------|-------------|-------|-------|-------|-------|--------|-----------
         Aggregated                                                                      5117    31(0.61%) |     62       6    7242     12 |   25.10        0.00

Type     Name                                                                          # reqs      # fails |    Avg     Min     Max    Med |   req/s  failures/s
--------|----------------------------------------------------------------------------|-------|-------------|-------|-------|-------|-------|--------|-----------
GET      GET /api/v1/reservas                                                            5121    31(0.61%) |     17       6     681     12 |   24.50        0.00
POST     POST /api/v1/auth/login                                                           50     0(0.00%) |   4576     993    7242   4700 |    0.00        0.00
--------|----------------------------------------------------------------------------|-------|-------------|-------|-------|-------|-------|--------|-----------
         Aggregated                                                                      5171    31(0.60%) |     61       6    7242     12 |   24.50        0.00

Type     Name                                                                          # reqs      # fails |    Avg     Min     Max    Med |   req/s  failures/s
--------|----------------------------------------------------------------------------|-------|-------------|-------|-------|-------|-------|--------|-----------
GET      GET /api/v1/reservas                                                            5173    31(0.60%) |     17       6     681     12 |   25.60        0.00
POST     POST /api/v1/auth/login                                                           50     0(0.00%) |   4576     993    7242   4700 |    0.00        0.00
--------|----------------------------------------------------------------------------|-------|-------------|-------|-------|-------|-------|--------|-----------
         Aggregated                                                                      5223    31(0.59%) |     61       6    7242     12 |   25.60        0.00

Type     Name                                                                          # reqs      # fails |    Avg     Min     Max    Med |   req/s  failures/s
--------|----------------------------------------------------------------------------|-------|-------------|-------|-------|-------|-------|--------|-----------
GET      GET /api/v1/reservas                                                            5220    31(0.59%) |     17       6     681     12 |   26.10        0.00
POST     POST /api/v1/auth/login                                                           50     0(0.00%) |   4576     993    7242   4700 |    0.00        0.00
--------|----------------------------------------------------------------------------|-------|-------------|-------|-------|-------|-------|--------|-----------
         Aggregated                                                                      5270    31(0.59%) |     60       6    7242     12 |   26.10        0.00

Type     Name                                                                          # reqs      # fails |    Avg     Min     Max    Med |   req/s  failures/s
--------|----------------------------------------------------------------------------|-------|-------------|-------|-------|-------|-------|--------|-----------
GET      GET /api/v1/reservas                                                            5273    31(0.59%) |     17       6     681     12 |   24.70        0.00
POST     POST /api/v1/auth/login                                                           50     0(0.00%) |   4576     993    7242   4700 |    0.00        0.00
--------|----------------------------------------------------------------------------|-------|-------------|-------|-------|-------|-------|--------|-----------
         Aggregated                                                                      5323    31(0.58%) |     60       6    7242     12 |   24.70        0.00

Type     Name                                                                          # reqs      # fails |    Avg     Min     Max    Med |   req/s  failures/s
--------|----------------------------------------------------------------------------|-------|-------------|-------|-------|-------|-------|--------|-----------
GET      GET /api/v1/reservas                                                            5328    31(0.58%) |     17       6     681     12 |   25.50        0.00
POST     POST /api/v1/auth/login                                                           50     0(0.00%) |   4576     993    7242   4700 |    0.00        0.00
--------|----------------------------------------------------------------------------|-------|-------------|-------|-------|-------|-------|--------|-----------
         Aggregated                                                                      5378    31(0.58%) |     59       6    7242     12 |   25.50        0.00

Type     Name                                                                          # reqs      # fails |    Avg     Min     Max    Med |   req/s  failures/s
--------|----------------------------------------------------------------------------|-------|-------------|-------|-------|-------|-------|--------|-----------
GET      GET /api/v1/reservas                                                            5372    31(0.58%) |     17       6     681     12 |   26.00        0.00
POST     POST /api/v1/auth/login                                                           50     0(0.00%) |   4576     993    7242   4700 |    0.00        0.00
--------|----------------------------------------------------------------------------|-------|-------------|-------|-------|-------|-------|--------|-----------
         Aggregated                                                                      5422    31(0.57%) |     59       6    7242     12 |   26.00        0.00

Type     Name                                                                          # reqs      # fails |    Avg     Min     Max    Med |   req/s  failures/s
--------|----------------------------------------------------------------------------|-------|-------------|-------|-------|-------|-------|--------|-----------
GET      GET /api/v1/reservas                                                            5422    31(0.57%) |     17       6     681     12 |   25.20        0.00
POST     POST /api/v1/auth/login                                                           50     0(0.00%) |   4576     993    7242   4700 |    0.00        0.00
--------|----------------------------------------------------------------------------|-------|-------------|-------|-------|-------|-------|--------|-----------
         Aggregated                                                                      5472    31(0.57%) |     59       6    7242     12 |   25.20        0.00

Type     Name                                                                          # reqs      # fails |    Avg     Min     Max    Med |   req/s  failures/s
--------|----------------------------------------------------------------------------|-------|-------------|-------|-------|-------|-------|--------|-----------
GET      GET /api/v1/reservas                                                            5475    31(0.57%) |     17       6     681     12 |   24.80        0.00
POST     POST /api/v1/auth/login                                                           50     0(0.00%) |   4576     993    7242   4700 |    0.00        0.00
--------|----------------------------------------------------------------------------|-------|-------------|-------|-------|-------|-------|--------|-----------
         Aggregated                                                                      5525    31(0.56%) |     58       6    7242     12 |   24.80        0.00

Type     Name                                                                          # reqs      # fails |    Avg     Min     Max    Med |   req/s  failures/s
--------|----------------------------------------------------------------------------|-------|-------------|-------|-------|-------|-------|--------|-----------
GET      GET /api/v1/reservas                                                            5527    31(0.56%) |     17       6     681     12 |   25.70        0.00
POST     POST /api/v1/auth/login                                                           50     0(0.00%) |   4576     993    7242   4700 |    0.00        0.00
--------|----------------------------------------------------------------------------|-------|-------------|-------|-------|-------|-------|--------|-----------
         Aggregated                                                                      5577    31(0.56%) |     58       6    7242     12 |   25.70        0.00

Type     Name                                                                          # reqs      # fails |    Avg     Min     Max    Med |   req/s  failures/s
--------|----------------------------------------------------------------------------|-------|-------------|-------|-------|-------|-------|--------|-----------
GET      GET /api/v1/reservas                                                            5570    31(0.56%) |     17       6     681     12 |   24.70        0.00
POST     POST /api/v1/auth/login                                                           50     0(0.00%) |   4576     993    7242   4700 |    0.00        0.00
--------|----------------------------------------------------------------------------|-------|-------------|-------|-------|-------|-------|--------|-----------
         Aggregated                                                                      5620    31(0.55%) |     57       6    7242     12 |   24.70        0.00

Type     Name                                                                          # reqs      # fails |    Avg     Min     Max    Med |   req/s  failures/s
--------|----------------------------------------------------------------------------|-------|-------------|-------|-------|-------|-------|--------|-----------
GET      GET /api/v1/reservas                                                            5617    31(0.55%) |     17       6     681     12 |   24.40        0.00
POST     POST /api/v1/auth/login                                                           50     0(0.00%) |   4576     993    7242   4700 |    0.00        0.00
--------|----------------------------------------------------------------------------|-------|-------------|-------|-------|-------|-------|--------|-----------
         Aggregated                                                                      5667    31(0.55%) |     57       6    7242     12 |   24.40        0.00

Type     Name                                                                          # reqs      # fails |    Avg     Min     Max    Med |   req/s  failures/s
--------|----------------------------------------------------------------------------|-------|-------------|-------|-------|-------|-------|--------|-----------
GET      GET /api/v1/reservas                                                            5668    31(0.55%) |     17       6     681     12 |   24.50        0.00
POST     POST /api/v1/auth/login                                                           50     0(0.00%) |   4576     993    7242   4700 |    0.00        0.00
--------|----------------------------------------------------------------------------|-------|-------------|-------|-------|-------|-------|--------|-----------
         Aggregated                                                                      5718    31(0.54%) |     57       6    7242     12 |   24.50        0.00

Type     Name                                                                          # reqs      # fails |    Avg     Min     Max    Med |   req/s  failures/s
--------|----------------------------------------------------------------------------|-------|-------------|-------|-------|-------|-------|--------|-----------
GET      GET /api/v1/reservas                                                            5712    31(0.54%) |     17       6     681     12 |   24.20        0.00
POST     POST /api/v1/auth/login                                                           50     0(0.00%) |   4576     993    7242   4700 |    0.00        0.00
--------|----------------------------------------------------------------------------|-------|-------------|-------|-------|-------|-------|--------|-----------
         Aggregated                                                                      5762    31(0.54%) |     56       6    7242     12 |   24.20        0.00

Type     Name                                                                          # reqs      # fails |    Avg     Min     Max    Med |   req/s  failures/s
--------|----------------------------------------------------------------------------|-------|-------------|-------|-------|-------|-------|--------|-----------
GET      GET /api/v1/reservas                                                            5763    31(0.54%) |     17       6     681     12 |   23.90        0.00
POST     POST /api/v1/auth/login                                                           50     0(0.00%) |   4576     993    7242   4700 |    0.00        0.00
--------|----------------------------------------------------------------------------|-------|-------------|-------|-------|-------|-------|--------|-----------
         Aggregated                                                                      5813    31(0.53%) |     56       6    7242     12 |   23.90        0.00

Type     Name                                                                          # reqs      # fails |    Avg     Min     Max    Med |   req/s  failures/s
--------|----------------------------------------------------------------------------|-------|-------------|-------|-------|-------|-------|--------|-----------
GET      GET /api/v1/reservas                                                            5813    31(0.53%) |     17       6     681     12 |   23.80        0.00
POST     POST /api/v1/auth/login                                                           50     0(0.00%) |   4576     993    7242   4700 |    0.00        0.00
--------|----------------------------------------------------------------------------|-------|-------------|-------|-------|-------|-------|--------|-----------
         Aggregated                                                                      5863    31(0.53%) |     55       6    7242     12 |   23.80        0.00

Type     Name                                                                          # reqs      # fails |    Avg     Min     Max    Med |   req/s  failures/s
--------|----------------------------------------------------------------------------|-------|-------------|-------|-------|-------|-------|--------|-----------
GET      GET /api/v1/reservas                                                            5861    31(0.53%) |     17       6     681     12 |   24.40        0.00
POST     POST /api/v1/auth/login                                                           50     0(0.00%) |   4576     993    7242   4700 |    0.00        0.00
--------|----------------------------------------------------------------------------|-------|-------------|-------|-------|-------|-------|--------|-----------
         Aggregated                                                                      5911    31(0.52%) |     55       6    7242     12 |   24.40        0.00

Type     Name                                                                          # reqs      # fails |    Avg     Min     Max    Med |   req/s  failures/s
--------|----------------------------------------------------------------------------|-------|-------------|-------|-------|-------|-------|--------|-----------
GET      GET /api/v1/reservas                                                            5910    31(0.52%) |     17       6     681     12 |   24.00        0.00
POST     POST /api/v1/auth/login                                                           50     0(0.00%) |   4576     993    7242   4700 |    0.00        0.00
--------|----------------------------------------------------------------------------|-------|-------------|-------|-------|-------|-------|--------|-----------
         Aggregated                                                                      5960    31(0.52%) |     55       6    7242     12 |   24.00        0.00

Type     Name                                                                          # reqs      # fails |    Avg     Min     Max    Med |   req/s  failures/s
--------|----------------------------------------------------------------------------|-------|-------------|-------|-------|-------|-------|--------|-----------
GET      GET /api/v1/reservas                                                            5963    31(0.52%) |     16       6     681     12 |   24.50        0.00
POST     POST /api/v1/auth/login                                                           50     0(0.00%) |   4576     993    7242   4700 |    0.00        0.00
--------|----------------------------------------------------------------------------|-------|-------------|-------|-------|-------|-------|--------|-----------
         Aggregated                                                                      6013    31(0.52%) |     54       6    7242     12 |   24.50        0.00

Type     Name                                                                          # reqs      # fails |    Avg     Min     Max    Med |   req/s  failures/s
--------|----------------------------------------------------------------------------|-------|-------------|-------|-------|-------|-------|--------|-----------
GET      GET /api/v1/reservas                                                            6011    31(0.52%) |     16       6     681     12 |   24.90        0.00
POST     POST /api/v1/auth/login                                                           50     0(0.00%) |   4576     993    7242   4700 |    0.00        0.00
--------|----------------------------------------------------------------------------|-------|-------------|-------|-------|-------|-------|--------|-----------
         Aggregated                                                                      6061    31(0.51%) |     54       6    7242     12 |   24.90        0.00

Type     Name                                                                          # reqs      # fails |    Avg     Min     Max    Med |   req/s  failures/s
--------|----------------------------------------------------------------------------|-------|-------------|-------|-------|-------|-------|--------|-----------
GET      GET /api/v1/reservas                                                            6063    31(0.51%) |     16       6     681     12 |   25.30        0.00
POST     POST /api/v1/auth/login                                                           50     0(0.00%) |   4576     993    7242   4700 |    0.00        0.00
--------|----------------------------------------------------------------------------|-------|-------------|-------|-------|-------|-------|--------|-----------
         Aggregated                                                                      6113    31(0.51%) |     54       6    7242     12 |   25.30        0.00

Type     Name                                                                          # reqs      # fails |    Avg     Min     Max    Med |   req/s  failures/s
--------|----------------------------------------------------------------------------|-------|-------------|-------|-------|-------|-------|--------|-----------
GET      GET /api/v1/reservas                                                            6108    31(0.51%) |     16       6     681     12 |   25.20        0.00
POST     POST /api/v1/auth/login                                                           50     0(0.00%) |   4576     993    7242   4700 |    0.00        0.00
--------|----------------------------------------------------------------------------|-------|-------------|-------|-------|-------|-------|--------|-----------
         Aggregated                                                                      6158    31(0.50%) |     53       6    7242     12 |   25.20        0.00

Type     Name                                                                          # reqs      # fails |    Avg     Min     Max    Med |   req/s  failures/s
--------|----------------------------------------------------------------------------|-------|-------------|-------|-------|-------|-------|--------|-----------
GET      GET /api/v1/reservas                                                            6160    31(0.50%) |     16       6     681     12 |   24.70        0.00
POST     POST /api/v1/auth/login                                                           50     0(0.00%) |   4576     993    7242   4700 |    0.00        0.00
--------|----------------------------------------------------------------------------|-------|-------------|-------|-------|-------|-------|--------|-----------
         Aggregated                                                                      6210    31(0.50%) |     53       6    7242     12 |   24.70        0.00

Type     Name                                                                          # reqs      # fails |    Avg     Min     Max    Med |   req/s  failures/s
--------|----------------------------------------------------------------------------|-------|-------------|-------|-------|-------|-------|--------|-----------
GET      GET /api/v1/reservas                                                            6213    31(0.50%) |     16       6     681     12 |   25.10        0.00
POST     POST /api/v1/auth/login                                                           50     0(0.00%) |   4576     993    7242   4700 |    0.00        0.00
--------|----------------------------------------------------------------------------|-------|-------------|-------|-------|-------|-------|--------|-----------
         Aggregated                                                                      6263    31(0.49%) |     53       6    7242     12 |   25.10        0.00

Type     Name                                                                          # reqs      # fails |    Avg     Min     Max    Med |   req/s  failures/s
--------|----------------------------------------------------------------------------|-------|-------------|-------|-------|-------|-------|--------|-----------
GET      GET /api/v1/reservas                                                            6258    31(0.50%) |     16       6     681     12 |   24.60        0.00
POST     POST /api/v1/auth/login                                                           50     0(0.00%) |   4576     993    7242   4700 |    0.00        0.00
--------|----------------------------------------------------------------------------|-------|-------------|-------|-------|-------|-------|--------|-----------
         Aggregated                                                                      6308    31(0.49%) |     52       6    7242     12 |   24.60        0.00

Type     Name                                                                          # reqs      # fails |    Avg     Min     Max    Med |   req/s  failures/s
--------|----------------------------------------------------------------------------|-------|-------------|-------|-------|-------|-------|--------|-----------
GET      GET /api/v1/reservas                                                            6304    31(0.49%) |     16       6     681     12 |   24.30        0.00
POST     POST /api/v1/auth/login                                                           50     0(0.00%) |   4576     993    7242   4700 |    0.00        0.00
--------|----------------------------------------------------------------------------|-------|-------------|-------|-------|-------|-------|--------|-----------
         Aggregated                                                                      6354    31(0.49%) |     52       6    7242     12 |   24.30        0.00

Type     Name                                                                          # reqs      # fails |    Avg     Min     Max    Med |   req/s  failures/s
--------|----------------------------------------------------------------------------|-------|-------------|-------|-------|-------|-------|--------|-----------
GET      GET /api/v1/reservas                                                            6348    31(0.49%) |     16       6     681     12 |   24.20        0.00
POST     POST /api/v1/auth/login                                                           50     0(0.00%) |   4576     993    7242   4700 |    0.00        0.00
--------|----------------------------------------------------------------------------|-------|-------------|-------|-------|-------|-------|--------|-----------
         Aggregated                                                                      6398    31(0.48%) |     52       6    7242     12 |   24.20        0.00

Type     Name                                                                          # reqs      # fails |    Avg     Min     Max    Med |   req/s  failures/s
--------|----------------------------------------------------------------------------|-------|-------------|-------|-------|-------|-------|--------|-----------
GET      GET /api/v1/reservas                                                            6402    31(0.48%) |     16       6     681     12 |   24.20        0.00
POST     POST /api/v1/auth/login                                                           50     0(0.00%) |   4576     993    7242   4700 |    0.00        0.00
--------|----------------------------------------------------------------------------|-------|-------------|-------|-------|-------|-------|--------|-----------
         Aggregated                                                                      6452    31(0.48%) |     52       6    7242     12 |   24.20        0.00

Type     Name                                                                          # reqs      # fails |    Avg     Min     Max    Med |   req/s  failures/s
--------|----------------------------------------------------------------------------|-------|-------------|-------|-------|-------|-------|--------|-----------
GET      GET /api/v1/reservas                                                            6454    31(0.48%) |     16       6     681     12 |   24.30        0.00
POST     POST /api/v1/auth/login                                                           50     0(0.00%) |   4576     993    7242   4700 |    0.00        0.00
--------|----------------------------------------------------------------------------|-------|-------------|-------|-------|-------|-------|--------|-----------
         Aggregated                                                                      6504    31(0.48%) |     51       6    7242     12 |   24.30        0.00

Type     Name                                                                          # reqs      # fails |    Avg     Min     Max    Med |   req/s  failures/s
--------|----------------------------------------------------------------------------|-------|-------------|-------|-------|-------|-------|--------|-----------
GET      GET /api/v1/reservas                                                            6502    31(0.48%) |     16       6     681     12 |   24.60        0.00
POST     POST /api/v1/auth/login                                                           50     0(0.00%) |   4576     993    7242   4700 |    0.00        0.00
--------|----------------------------------------------------------------------------|-------|-------------|-------|-------|-------|-------|--------|-----------
         Aggregated                                                                      6552    31(0.47%) |     51       6    7242     12 |   24.60        0.00

Type     Name                                                                          # reqs      # fails |    Avg     Min     Max    Med |   req/s  failures/s
--------|----------------------------------------------------------------------------|-------|-------------|-------|-------|-------|-------|--------|-----------
GET      GET /api/v1/reservas                                                            6554    31(0.47%) |     16       6     681     12 |   24.90        0.00
POST     POST /api/v1/auth/login                                                           50     0(0.00%) |   4576     993    7242   4700 |    0.00        0.00
--------|----------------------------------------------------------------------------|-------|-------------|-------|-------|-------|-------|--------|-----------
         Aggregated                                                                      6604    31(0.47%) |     51       6    7242     12 |   24.90        0.00

Type     Name                                                                          # reqs      # fails |    Avg     Min     Max    Med |   req/s  failures/s
--------|----------------------------------------------------------------------------|-------|-------------|-------|-------|-------|-------|--------|-----------
GET      GET /api/v1/reservas                                                            6605    31(0.47%) |     16       6     681     12 |   24.90        0.00
POST     POST /api/v1/auth/login                                                           50     0(0.00%) |   4576     993    7242   4700 |    0.00        0.00
--------|----------------------------------------------------------------------------|-------|-------------|-------|-------|-------|-------|--------|-----------
         Aggregated                                                                      6655    31(0.47%) |     50       6    7242     12 |   24.90        0.00

Type     Name                                                                          # reqs      # fails |    Avg     Min     Max    Med |   req/s  failures/s
--------|----------------------------------------------------------------------------|-------|-------------|-------|-------|-------|-------|--------|-----------
GET      GET /api/v1/reservas                                                            6653    31(0.47%) |     16       6     681     12 |   25.90        0.00
POST     POST /api/v1/auth/login                                                           50     0(0.00%) |   4576     993    7242   4700 |    0.00        0.00
--------|----------------------------------------------------------------------------|-------|-------------|-------|-------|-------|-------|--------|-----------
         Aggregated                                                                      6703    31(0.46%) |     50       6    7242     12 |   25.90        0.00

Type     Name                                                                          # reqs      # fails |    Avg     Min     Max    Med |   req/s  failures/s
--------|----------------------------------------------------------------------------|-------|-------------|-------|-------|-------|-------|--------|-----------
GET      GET /api/v1/reservas                                                            6703    31(0.46%) |     16       6     681     12 |   25.10        0.00
POST     POST /api/v1/auth/login                                                           50     0(0.00%) |   4576     993    7242   4700 |    0.00        0.00
--------|----------------------------------------------------------------------------|-------|-------------|-------|-------|-------|-------|--------|-----------
         Aggregated                                                                      6753    31(0.46%) |     50       6    7242     12 |   25.10        0.00

Type     Name                                                                          # reqs      # fails |    Avg     Min     Max    Med |   req/s  failures/s
--------|----------------------------------------------------------------------------|-------|-------------|-------|-------|-------|-------|--------|-----------
GET      GET /api/v1/reservas                                                            6746    31(0.46%) |     16       6     681     12 |   25.10        0.00
POST     POST /api/v1/auth/login                                                           50     0(0.00%) |   4576     993    7242   4700 |    0.00        0.00
--------|----------------------------------------------------------------------------|-------|-------------|-------|-------|-------|-------|--------|-----------
         Aggregated                                                                      6796    31(0.46%) |     50       6    7242     12 |   25.10        0.00

Type     Name                                                                          # reqs      # fails |    Avg     Min     Max    Med |   req/s  failures/s
--------|----------------------------------------------------------------------------|-------|-------------|-------|-------|-------|-------|--------|-----------
GET      GET /api/v1/reservas                                                            6796    31(0.46%) |     16       6     681     12 |   23.90        0.00
POST     POST /api/v1/auth/login                                                           50     0(0.00%) |   4576     993    7242   4700 |    0.00        0.00
--------|----------------------------------------------------------------------------|-------|-------------|-------|-------|-------|-------|--------|-----------
         Aggregated                                                                      6846    31(0.45%) |     49       6    7242     12 |   23.90        0.00

Type     Name                                                                          # reqs      # fails |    Avg     Min     Max    Med |   req/s  failures/s
--------|----------------------------------------------------------------------------|-------|-------------|-------|-------|-------|-------|--------|-----------
GET      GET /api/v1/reservas                                                            6849    31(0.45%) |     16       6     681     12 |   23.70        0.00
POST     POST /api/v1/auth/login                                                           50     0(0.00%) |   4576     993    7242   4700 |    0.00        0.00
--------|----------------------------------------------------------------------------|-------|-------------|-------|-------|-------|-------|--------|-----------
         Aggregated                                                                      6899    31(0.45%) |     49       6    7242     12 |   23.70        0.00

Type     Name                                                                          # reqs      # fails |    Avg     Min     Max    Med |   req/s  failures/s
--------|----------------------------------------------------------------------------|-------|-------------|-------|-------|-------|-------|--------|-----------
GET      GET /api/v1/reservas                                                            6903    31(0.45%) |     16       6     681     12 |   23.70        0.00
POST     POST /api/v1/auth/login                                                           50     0(0.00%) |   4576     993    7242   4700 |    0.00        0.00
--------|----------------------------------------------------------------------------|-------|-------------|-------|-------|-------|-------|--------|-----------
         Aggregated                                                                      6953    31(0.45%) |     49       6    7242     12 |   23.70        0.00

Type     Name                                                                          # reqs      # fails |    Avg     Min     Max    Med |   req/s  failures/s
--------|----------------------------------------------------------------------------|-------|-------------|-------|-------|-------|-------|--------|-----------
GET      GET /api/v1/reservas                                                            6945    31(0.45%) |     16       6     681     12 |   24.40        0.00
POST     POST /api/v1/auth/login                                                           50     0(0.00%) |   4576     993    7242   4700 |    0.00        0.00
--------|----------------------------------------------------------------------------|-------|-------------|-------|-------|-------|-------|--------|-----------
         Aggregated                                                                      6995    31(0.44%) |     48       6    7242     12 |   24.40        0.00

Type     Name                                                                          # reqs      # fails |    Avg     Min     Max    Med |   req/s  failures/s
--------|----------------------------------------------------------------------------|-------|-------------|-------|-------|-------|-------|--------|-----------
GET      GET /api/v1/reservas                                                            6997    31(0.44%) |     16       6     681     12 |   24.50        0.00
POST     POST /api/v1/auth/login                                                           50     0(0.00%) |   4576     993    7242   4700 |    0.00        0.00
--------|----------------------------------------------------------------------------|-------|-------------|-------|-------|-------|-------|--------|-----------
         Aggregated                                                                      7047    31(0.44%) |     48       6    7242     12 |   24.50        0.00

Type     Name                                                                          # reqs      # fails |    Avg     Min     Max    Med |   req/s  failures/s
--------|----------------------------------------------------------------------------|-------|-------------|-------|-------|-------|-------|--------|-----------
GET      GET /api/v1/reservas                                                            7040    31(0.44%) |     16       6     681     12 |   25.20        0.00
POST     POST /api/v1/auth/login                                                           50     0(0.00%) |   4576     993    7242   4700 |    0.00        0.00
--------|----------------------------------------------------------------------------|-------|-------------|-------|-------|-------|-------|--------|-----------
         Aggregated                                                                      7090    31(0.44%) |     48       6    7242     12 |   25.20        0.00

Type     Name                                                                          # reqs      # fails |    Avg     Min     Max    Med |   req/s  failures/s
--------|----------------------------------------------------------------------------|-------|-------------|-------|-------|-------|-------|--------|-----------
GET      GET /api/v1/reservas                                                            7090    31(0.44%) |     16       6     681     12 |   25.20        0.00
POST     POST /api/v1/auth/login                                                           50     0(0.00%) |   4576     993    7242   4700 |    0.00        0.00
--------|----------------------------------------------------------------------------|-------|-------------|-------|-------|-------|-------|--------|-----------
         Aggregated                                                                      7140    31(0.43%) |     48       6    7242     12 |   25.20        0.00

Type     Name                                                                          # reqs      # fails |    Avg     Min     Max    Med |   req/s  failures/s
--------|----------------------------------------------------------------------------|-------|-------------|-------|-------|-------|-------|--------|-----------
GET      GET /api/v1/reservas                                                            7141    31(0.43%) |     16       6     681     12 |   24.90        0.00
POST     POST /api/v1/auth/login                                                           50     0(0.00%) |   4576     993    7242   4700 |    0.00        0.00
--------|----------------------------------------------------------------------------|-------|-------------|-------|-------|-------|-------|--------|-----------
         Aggregated                                                                      7191    31(0.43%) |     47       6    7242     12 |   24.90        0.00

Type     Name                                                                          # reqs      # fails |    Avg     Min     Max    Med |   req/s  failures/s
--------|----------------------------------------------------------------------------|-------|-------------|-------|-------|-------|-------|--------|-----------
GET      GET /api/v1/reservas                                                            7192    31(0.43%) |     16       6     681     12 |   24.00        0.00
POST     POST /api/v1/auth/login                                                           50     0(0.00%) |   4576     993    7242   4700 |    0.00        0.00
--------|----------------------------------------------------------------------------|-------|-------------|-------|-------|-------|-------|--------|-----------
         Aggregated                                                                      7242    31(0.43%) |     47       6    7242     12 |   24.00        0.00

Type     Name                                                                          # reqs      # fails |    Avg     Min     Max    Med |   req/s  failures/s
--------|----------------------------------------------------------------------------|-------|-------------|-------|-------|-------|-------|--------|-----------
GET      GET /api/v1/reservas                                                            7242    31(0.43%) |     16       6     681     12 |   24.00        0.00
POST     POST /api/v1/auth/login                                                           50     0(0.00%) |   4576     993    7242   4700 |    0.00        0.00
--------|----------------------------------------------------------------------------|-------|-------------|-------|-------|-------|-------|--------|-----------
         Aggregated                                                                      7292    31(0.43%) |     47       6    7242     12 |   24.00        0.00

[2026-09-05 02:13:18,947] servidor-proyectos/INFO/locust.main: --run-time limit reached, shutting down
[2026-09-05 02:13:19,061] servidor-proyectos/INFO/locust.main: Shutting down (exit code 1)
Type     Name                                                                          # reqs      # fails |    Avg     Min     Max    Med |   req/s  failures/s
--------|----------------------------------------------------------------------------|-------|-------------|-------|-------|-------|-------|--------|-----------
GET      GET /api/v1/reservas                                                            7277    31(0.43%) |     16       6     681     12 |   24.28        0.10
POST     POST /api/v1/auth/login                                                           50     0(0.00%) |   4576     993    7242   4700 |    0.17        0.00
--------|----------------------------------------------------------------------------|-------|-------------|-------|-------|-------|-------|--------|-----------
         Aggregated                                                                      7327    31(0.42%) |     47       6    7242     12 |   24.45        0.10

Response time percentiles (approximated)
Type     Name                                                                                  50%    66%    75%    80%    90%    95%    98%    99%  99.9% 99.99%   100% # reqs
--------|--------------------------------------------------------------------------------|--------|------|------|------|------|------|------|------|------|------|------|------
GET      GET /api/v1/reservas                                                                   12     13     13     14     18     25     58    140    420    680    680   7277
POST     POST /api/v1/auth/login                                                              4700   5500   5700   5900   6300   6700   7200   7200   7200   7200   7200     50
--------|--------------------------------------------------------------------------------|--------|------|------|------|------|------|------|------|------|------|------|------
         Aggregated                                                                             12     13     14     14     18     28     99    290   6000   7200   7200   7327

Error report
# occurrences      Error                                                                                               
------------------|---------------------------------------------------------------------------------------------------------------------------------------------
31                 GET GET /api/v1/reservas: HTTP esperado 200, recibido 500                                           
------------------|---------------------------------------------------------------------------------------------------------------------------------------------

