[2026-09-05 01:58:17,146] servidor-proyectos/INFO/locust.main: Starting Locust 2.46.4
[2026-09-05 01:58:17,147] servidor-proyectos/INFO/locust.main: Run time limit set to 300 seconds
Type     Name                                                                          # reqs      # fails |    Avg     Min     Max    Med |   req/s  failures/s
--------|----------------------------------------------------------------------------|-------|-------------|-------|-------|-------|-------|--------|-----------
--------|----------------------------------------------------------------------------|-------|-------------|-------|-------|-------|-------|--------|-----------
         Aggregated                                                                         0     0(0.00%) |      0       0       0      0 |    0.00        0.00

[2026-09-05 01:58:17,148] servidor-proyectos/INFO/locust.runners: Ramping to 50 users at a rate of 10.00 per second
Type     Name                                                                          # reqs      # fails |    Avg     Min     Max    Med |   req/s  failures/s
--------|----------------------------------------------------------------------------|-------|-------------|-------|-------|-------|-------|--------|-----------
GET      GET /api/v1/reservas                                                               3     0(0.00%) |     15      10      19     16 |    0.00        0.00
POST     POST /api/v1/auth/login                                                            3     0(0.00%) |   1517    1329    1754   1500 |    0.00        0.00
--------|----------------------------------------------------------------------------|-------|-------------|-------|-------|-------|-------|--------|-----------
         Aggregated                                                                         6     0(0.00%) |    766      10    1754     19 |    0.00        0.00

Type     Name                                                                          # reqs      # fails |    Avg     Min     Max    Med |   req/s  failures/s
--------|----------------------------------------------------------------------------|-------|-------------|-------|-------|-------|-------|--------|-----------
GET      GET /api/v1/reservas                                                              14     0(0.00%) |     15      10      41     12 |    1.50        0.00
POST     POST /api/v1/auth/login                                                           11     0(0.00%) |   2275    1329    2884   2400 |    1.50        0.00
--------|----------------------------------------------------------------------------|-------|-------------|-------|-------|-------|-------|--------|-----------
         Aggregated                                                                        25     0(0.00%) |   1009      10    2884     19 |    3.00        0.00

[2026-09-05 01:58:21,155] servidor-proyectos/INFO/locust.runners: All users spawned: {"ReservasUser": 50} (50 total users)
Type     Name                                                                          # reqs      # fails |    Avg     Min     Max    Med |   req/s  failures/s
--------|----------------------------------------------------------------------------|-------|-------------|-------|-------|-------|-------|--------|-----------
GET      GET /api/v1/reservas                                                              28     0(0.00%) |     18       9      53     13 |    3.00        0.00
POST     POST /api/v1/auth/login                                                           18     0(0.00%) |   3021    1329    4772   2700 |    2.50        0.00
--------|----------------------------------------------------------------------------|-------|-------------|-------|-------|-------|-------|--------|-----------
         Aggregated                                                                        46     0(0.00%) |   1193       9    4772     20 |    5.50        0.00

Type     Name                                                                          # reqs      # fails |    Avg     Min     Max    Med |   req/s  failures/s
--------|----------------------------------------------------------------------------|-------|-------------|-------|-------|-------|-------|--------|-----------
GET      GET /api/v1/reservas                                                              62     0(0.00%) |     17       9      53     14 |    4.50        0.00
POST     POST /api/v1/auth/login                                                           36     0(0.00%) |   3847    1329    5971   4000 |    2.83        0.00
--------|----------------------------------------------------------------------------|-------|-------------|-------|-------|-------|-------|--------|-----------
         Aggregated                                                                        98     0(0.00%) |   1424       9    5971     19 |    7.33        0.00

Type     Name                                                                          # reqs      # fails |    Avg     Min     Max    Med |   req/s  failures/s
--------|----------------------------------------------------------------------------|-------|-------------|-------|-------|-------|-------|--------|-----------
GET      GET /api/v1/reservas                                                             111     3(2.70%) |     34       9     249     17 |    7.50        0.00
POST     POST /api/v1/auth/login                                                           50     0(0.00%) |   4169    1329    5976   4300 |    4.38        0.00
--------|----------------------------------------------------------------------------|-------|-------------|-------|-------|-------|-------|--------|-----------
         Aggregated                                                                       161     3(1.86%) |   1318       9    5976     32 |   11.88        0.00

Type     Name                                                                          # reqs      # fails |    Avg     Min     Max    Med |   req/s  failures/s
--------|----------------------------------------------------------------------------|-------|-------------|-------|-------|-------|-------|--------|-----------
GET      GET /api/v1/reservas                                                             160     3(1.88%) |     34       9     328     16 |   10.40        0.00
POST     POST /api/v1/auth/login                                                           50     0(0.00%) |   4169    1329    5976   4300 |    5.00        0.00
--------|----------------------------------------------------------------------------|-------|-------------|-------|-------|-------|-------|--------|-----------
         Aggregated                                                                       210     3(1.43%) |   1019       9    5976     20 |   15.40        0.00

Type     Name                                                                          # reqs      # fails |    Avg     Min     Max    Med |   req/s  failures/s
--------|----------------------------------------------------------------------------|-------|-------------|-------|-------|-------|-------|--------|-----------
GET      GET /api/v1/reservas                                                             211     3(1.42%) |     28       7     328     14 |   15.40        0.30
POST     POST /api/v1/auth/login                                                           50     0(0.00%) |   4169    1329    5976   4300 |    4.70        0.00
--------|----------------------------------------------------------------------------|-------|-------------|-------|-------|-------|-------|--------|-----------
         Aggregated                                                                       261     3(1.15%) |    822       7    5976     16 |   20.10        0.30

Type     Name                                                                          # reqs      # fails |    Avg     Min     Max    Med |   req/s  failures/s
--------|----------------------------------------------------------------------------|-------|-------------|-------|-------|-------|-------|--------|-----------
GET      GET /api/v1/reservas                                                             264     3(1.14%) |     25       7     328     13 |   17.30        0.30
POST     POST /api/v1/auth/login                                                           50     0(0.00%) |   4169    1329    5976   4300 |    4.10        0.00
--------|----------------------------------------------------------------------------|-------|-------------|-------|-------|-------|-------|--------|-----------
         Aggregated                                                                       314     3(0.96%) |    685       7    5976     14 |   21.40        0.30

Type     Name                                                                          # reqs      # fails |    Avg     Min     Max    Med |   req/s  failures/s
--------|----------------------------------------------------------------------------|-------|-------------|-------|-------|-------|-------|--------|-----------
GET      GET /api/v1/reservas                                                             314     3(0.96%) |     25       7     328     13 |   23.70        0.30
POST     POST /api/v1/auth/login                                                           50     0(0.00%) |   4169    1329    5976   4300 |    3.30        0.00
--------|----------------------------------------------------------------------------|-------|-------------|-------|-------|-------|-------|--------|-----------
         Aggregated                                                                       364     3(0.82%) |    594       7    5976     14 |   27.00        0.30

Type     Name                                                                          # reqs      # fails |    Avg     Min     Max    Med |   req/s  failures/s
--------|----------------------------------------------------------------------------|-------|-------------|-------|-------|-------|-------|--------|-----------
GET      GET /api/v1/reservas                                                             364     3(0.82%) |     25       7     328     14 |   25.10        0.30
POST     POST /api/v1/auth/login                                                           50     0(0.00%) |   4169    1329    5976   4300 |    1.50        0.00
--------|----------------------------------------------------------------------------|-------|-------------|-------|-------|-------|-------|--------|-----------
         Aggregated                                                                       414     3(0.72%) |    526       7    5976     15 |   26.60        0.30

Type     Name                                                                          # reqs      # fails |    Avg     Min     Max    Med |   req/s  failures/s
--------|----------------------------------------------------------------------------|-------|-------------|-------|-------|-------|-------|--------|-----------
GET      GET /api/v1/reservas                                                             409    10(2.44%) |     50       7     556     15 |   25.70        0.30
POST     POST /api/v1/auth/login                                                           50     0(0.00%) |   4169    1329    5976   4300 |    0.00        0.00
--------|----------------------------------------------------------------------------|-------|-------------|-------|-------|-------|-------|--------|-----------
         Aggregated                                                                       459    10(2.18%) |    499       7    5976     17 |   25.70        0.30

Type     Name                                                                          # reqs      # fails |    Avg     Min     Max    Med |   req/s  failures/s
--------|----------------------------------------------------------------------------|-------|-------------|-------|-------|-------|-------|--------|-----------
GET      GET /api/v1/reservas                                                             457    10(2.19%) |     48       7     556     15 |   24.70        0.70
POST     POST /api/v1/auth/login                                                           50     0(0.00%) |   4169    1329    5976   4300 |    0.00        0.00
--------|----------------------------------------------------------------------------|-------|-------------|-------|-------|-------|-------|--------|-----------
         Aggregated                                                                       507    10(1.97%) |    454       7    5976     17 |   24.70        0.70

Type     Name                                                                          # reqs      # fails |    Avg     Min     Max    Med |   req/s  failures/s
--------|----------------------------------------------------------------------------|-------|-------------|-------|-------|-------|-------|--------|-----------
GET      GET /api/v1/reservas                                                             510    10(1.96%) |     44       7     556     14 |   25.00        0.70
POST     POST /api/v1/auth/login                                                           50     0(0.00%) |   4169    1329    5976   4300 |    0.00        0.00
--------|----------------------------------------------------------------------------|-------|-------------|-------|-------|-------|-------|--------|-----------
         Aggregated                                                                       560    10(1.79%) |    412       7    5976     15 |   25.00        0.70

Type     Name                                                                          # reqs      # fails |    Avg     Min     Max    Med |   req/s  failures/s
--------|----------------------------------------------------------------------------|-------|-------------|-------|-------|-------|-------|--------|-----------
GET      GET /api/v1/reservas                                                             558    10(1.79%) |     41       7     556     14 |   24.40        0.70
POST     POST /api/v1/auth/login                                                           50     0(0.00%) |   4169    1329    5976   4300 |    0.00        0.00
--------|----------------------------------------------------------------------------|-------|-------------|-------|-------|-------|-------|--------|-----------
         Aggregated                                                                       608    10(1.64%) |    381       7    5976     14 |   24.40        0.70

Type     Name                                                                          # reqs      # fails |    Avg     Min     Max    Med |   req/s  failures/s
--------|----------------------------------------------------------------------------|-------|-------------|-------|-------|-------|-------|--------|-----------
GET      GET /api/v1/reservas                                                             612    10(1.63%) |     38       7     556     13 |   24.40        0.70
POST     POST /api/v1/auth/login                                                           50     0(0.00%) |   4169    1329    5976   4300 |    0.00        0.00
--------|----------------------------------------------------------------------------|-------|-------------|-------|-------|-------|-------|--------|-----------
         Aggregated                                                                       662    10(1.51%) |    350       7    5976     14 |   24.40        0.70

Type     Name                                                                          # reqs      # fails |    Avg     Min     Max    Med |   req/s  failures/s
--------|----------------------------------------------------------------------------|-------|-------------|-------|-------|-------|-------|--------|-----------
GET      GET /api/v1/reservas                                                             662    10(1.51%) |     37       7     556     13 |   24.70        0.70
POST     POST /api/v1/auth/login                                                           50     0(0.00%) |   4169    1329    5976   4300 |    0.00        0.00
--------|----------------------------------------------------------------------------|-------|-------------|-------|-------|-------|-------|--------|-----------
         Aggregated                                                                       712    10(1.40%) |    327       7    5976     13 |   24.70        0.70

Type     Name                                                                          # reqs      # fails |    Avg     Min     Max    Med |   req/s  failures/s
--------|----------------------------------------------------------------------------|-------|-------------|-------|-------|-------|-------|--------|-----------
GET      GET /api/v1/reservas                                                             706    10(1.42%) |     35       7     556     13 |   25.10        0.00
POST     POST /api/v1/auth/login                                                           50     0(0.00%) |   4169    1329    5976   4300 |    0.00        0.00
--------|----------------------------------------------------------------------------|-------|-------------|-------|-------|-------|-------|--------|-----------
         Aggregated                                                                       756    10(1.32%) |    309       7    5976     13 |   25.10        0.00

Type     Name                                                                          # reqs      # fails |    Avg     Min     Max    Med |   req/s  failures/s
--------|----------------------------------------------------------------------------|-------|-------------|-------|-------|-------|-------|--------|-----------
GET      GET /api/v1/reservas                                                             760    10(1.32%) |     33       7     556     12 |   25.40        0.00
POST     POST /api/v1/auth/login                                                           50     0(0.00%) |   4169    1329    5976   4300 |    0.00        0.00
--------|----------------------------------------------------------------------------|-------|-------------|-------|-------|-------|-------|--------|-----------
         Aggregated                                                                       810    10(1.23%) |    289       7    5976     13 |   25.40        0.00

Type     Name                                                                          # reqs      # fails |    Avg     Min     Max    Med |   req/s  failures/s
--------|----------------------------------------------------------------------------|-------|-------------|-------|-------|-------|-------|--------|-----------
GET      GET /api/v1/reservas                                                             805    10(1.24%) |     32       7     556     12 |   24.80        0.00
POST     POST /api/v1/auth/login                                                           50     0(0.00%) |   4169    1329    5976   4300 |    0.00        0.00
--------|----------------------------------------------------------------------------|-------|-------------|-------|-------|-------|-------|--------|-----------
         Aggregated                                                                       855    10(1.17%) |    274       7    5976     13 |   24.80        0.00

Type     Name                                                                          # reqs      # fails |    Avg     Min     Max    Med |   req/s  failures/s
--------|----------------------------------------------------------------------------|-------|-------------|-------|-------|-------|-------|--------|-----------
GET      GET /api/v1/reservas                                                             856    10(1.17%) |     31       7     556     12 |   24.90        0.00
POST     POST /api/v1/auth/login                                                           50     0(0.00%) |   4169    1329    5976   4300 |    0.00        0.00
--------|----------------------------------------------------------------------------|-------|-------------|-------|-------|-------|-------|--------|-----------
         Aggregated                                                                       906    10(1.10%) |    259       7    5976     12 |   24.90        0.00

Type     Name                                                                          # reqs      # fails |    Avg     Min     Max    Med |   req/s  failures/s
--------|----------------------------------------------------------------------------|-------|-------------|-------|-------|-------|-------|--------|-----------
GET      GET /api/v1/reservas                                                             915    10(1.09%) |     30       7     556     12 |   24.70        0.00
POST     POST /api/v1/auth/login                                                           50     0(0.00%) |   4169    1329    5976   4300 |    0.00        0.00
--------|----------------------------------------------------------------------------|-------|-------------|-------|-------|-------|-------|--------|-----------
         Aggregated                                                                       965    10(1.04%) |    244       7    5976     12 |   24.70        0.00

Type     Name                                                                          # reqs      # fails |    Avg     Min     Max    Med |   req/s  failures/s
--------|----------------------------------------------------------------------------|-------|-------------|-------|-------|-------|-------|--------|-----------
GET      GET /api/v1/reservas                                                             961    10(1.04%) |     29       7     556     12 |   25.30        0.00
POST     POST /api/v1/auth/login                                                           50     0(0.00%) |   4169    1329    5976   4300 |    0.00        0.00
--------|----------------------------------------------------------------------------|-------|-------------|-------|-------|-------|-------|--------|-----------
         Aggregated                                                                      1011    10(0.99%) |    234       7    5976     12 |   25.30        0.00

Type     Name                                                                          # reqs      # fails |    Avg     Min     Max    Med |   req/s  failures/s
--------|----------------------------------------------------------------------------|-------|-------------|-------|-------|-------|-------|--------|-----------
GET      GET /api/v1/reservas                                                            1016    10(0.98%) |     28       7     556     12 |   25.40        0.00
POST     POST /api/v1/auth/login                                                           50     0(0.00%) |   4169    1329    5976   4300 |    0.00        0.00
--------|----------------------------------------------------------------------------|-------|-------------|-------|-------|-------|-------|--------|-----------
         Aggregated                                                                      1066    10(0.94%) |    222       7    5976     12 |   25.40        0.00

Type     Name                                                                          # reqs      # fails |    Avg     Min     Max    Med |   req/s  failures/s
--------|----------------------------------------------------------------------------|-------|-------------|-------|-------|-------|-------|--------|-----------
GET      GET /api/v1/reservas                                                            1062    10(0.94%) |     28       7     556     12 |   25.80        0.00
POST     POST /api/v1/auth/login                                                           50     0(0.00%) |   4169    1329    5976   4300 |    0.00        0.00
--------|----------------------------------------------------------------------------|-------|-------------|-------|-------|-------|-------|--------|-----------
         Aggregated                                                                      1112    10(0.90%) |    214       7    5976     12 |   25.80        0.00

Type     Name                                                                          # reqs      # fails |    Avg     Min     Max    Med |   req/s  failures/s
--------|----------------------------------------------------------------------------|-------|-------------|-------|-------|-------|-------|--------|-----------
GET      GET /api/v1/reservas                                                            1112    10(0.90%) |     27       7     556     12 |   25.50        0.00
POST     POST /api/v1/auth/login                                                           50     0(0.00%) |   4169    1329    5976   4300 |    0.00        0.00
--------|----------------------------------------------------------------------------|-------|-------------|-------|-------|-------|-------|--------|-----------
         Aggregated                                                                      1162    10(0.86%) |    205       7    5976     12 |   25.50        0.00

Type     Name                                                                          # reqs      # fails |    Avg     Min     Max    Med |   req/s  failures/s
--------|----------------------------------------------------------------------------|-------|-------------|-------|-------|-------|-------|--------|-----------
GET      GET /api/v1/reservas                                                            1158    10(0.86%) |     26       7     556     12 |   25.40        0.00
POST     POST /api/v1/auth/login                                                           50     0(0.00%) |   4169    1329    5976   4300 |    0.00        0.00
--------|----------------------------------------------------------------------------|-------|-------------|-------|-------|-------|-------|--------|-----------
         Aggregated                                                                      1208    10(0.83%) |    198       7    5976     12 |   25.40        0.00

Type     Name                                                                          # reqs      # fails |    Avg     Min     Max    Med |   req/s  failures/s
--------|----------------------------------------------------------------------------|-------|-------------|-------|-------|-------|-------|--------|-----------
GET      GET /api/v1/reservas                                                            1206    10(0.83%) |     26       7     556     12 |   24.50        0.00
POST     POST /api/v1/auth/login                                                           50     0(0.00%) |   4169    1329    5976   4300 |    0.00        0.00
--------|----------------------------------------------------------------------------|-------|-------------|-------|-------|-------|-------|--------|-----------
         Aggregated                                                                      1256    10(0.80%) |    191       7    5976     12 |   24.50        0.00

Type     Name                                                                          # reqs      # fails |    Avg     Min     Max    Med |   req/s  failures/s
--------|----------------------------------------------------------------------------|-------|-------------|-------|-------|-------|-------|--------|-----------
GET      GET /api/v1/reservas                                                            1256    10(0.80%) |     25       7     556     12 |   24.20        0.00
POST     POST /api/v1/auth/login                                                           50     0(0.00%) |   4169    1329    5976   4300 |    0.00        0.00
--------|----------------------------------------------------------------------------|-------|-------------|-------|-------|-------|-------|--------|-----------
         Aggregated                                                                      1306    10(0.77%) |    184       7    5976     12 |   24.20        0.00

Type     Name                                                                          # reqs      # fails |    Avg     Min     Max    Med |   req/s  failures/s
--------|----------------------------------------------------------------------------|-------|-------------|-------|-------|-------|-------|--------|-----------
GET      GET /api/v1/reservas                                                            1310    10(0.76%) |     25       7     556     12 |   23.70        0.00
POST     POST /api/v1/auth/login                                                           50     0(0.00%) |   4169    1329    5976   4300 |    0.00        0.00
--------|----------------------------------------------------------------------------|-------|-------------|-------|-------|-------|-------|--------|-----------
         Aggregated                                                                      1360    10(0.74%) |    177       7    5976     12 |   23.70        0.00

Type     Name                                                                          # reqs      # fails |    Avg     Min     Max    Med |   req/s  failures/s
--------|----------------------------------------------------------------------------|-------|-------------|-------|-------|-------|-------|--------|-----------
GET      GET /api/v1/reservas                                                            1357    10(0.74%) |     24       7     556     12 |   24.90        0.00
POST     POST /api/v1/auth/login                                                           50     0(0.00%) |   4169    1329    5976   4300 |    0.00        0.00
--------|----------------------------------------------------------------------------|-------|-------------|-------|-------|-------|-------|--------|-----------
         Aggregated                                                                      1407    10(0.71%) |    171       7    5976     12 |   24.90        0.00

Type     Name                                                                          # reqs      # fails |    Avg     Min     Max    Med |   req/s  failures/s
--------|----------------------------------------------------------------------------|-------|-------------|-------|-------|-------|-------|--------|-----------
GET      GET /api/v1/reservas                                                            1411    10(0.71%) |     24       7     556     12 |   24.30        0.00
POST     POST /api/v1/auth/login                                                           50     0(0.00%) |   4169    1329    5976   4300 |    0.00        0.00
--------|----------------------------------------------------------------------------|-------|-------------|-------|-------|-------|-------|--------|-----------
         Aggregated                                                                      1461    10(0.68%) |    166       7    5976     12 |   24.30        0.00

Type     Name                                                                          # reqs      # fails |    Avg     Min     Max    Med |   req/s  failures/s
--------|----------------------------------------------------------------------------|-------|-------------|-------|-------|-------|-------|--------|-----------
GET      GET /api/v1/reservas                                                            1456    10(0.69%) |     23       7     556     12 |   25.10        0.00
POST     POST /api/v1/auth/login                                                           50     0(0.00%) |   4169    1329    5976   4300 |    0.00        0.00
--------|----------------------------------------------------------------------------|-------|-------------|-------|-------|-------|-------|--------|-----------
         Aggregated                                                                      1506    10(0.66%) |    161       7    5976     12 |   25.10        0.00

Type     Name                                                                          # reqs      # fails |    Avg     Min     Max    Med |   req/s  failures/s
--------|----------------------------------------------------------------------------|-------|-------------|-------|-------|-------|-------|--------|-----------
GET      GET /api/v1/reservas                                                            1506    10(0.66%) |     23       7     556     12 |   25.10        0.00
POST     POST /api/v1/auth/login                                                           50     0(0.00%) |   4169    1329    5976   4300 |    0.00        0.00
--------|----------------------------------------------------------------------------|-------|-------------|-------|-------|-------|-------|--------|-----------
         Aggregated                                                                      1556    10(0.64%) |    156       7    5976     12 |   25.10        0.00

Type     Name                                                                          # reqs      # fails |    Avg     Min     Max    Med |   req/s  failures/s
--------|----------------------------------------------------------------------------|-------|-------------|-------|-------|-------|-------|--------|-----------
GET      GET /api/v1/reservas                                                            1560    10(0.64%) |     23       7     556     12 |   25.20        0.00
POST     POST /api/v1/auth/login                                                           50     0(0.00%) |   4169    1329    5976   4300 |    0.00        0.00
--------|----------------------------------------------------------------------------|-------|-------------|-------|-------|-------|-------|--------|-----------
         Aggregated                                                                      1610    10(0.62%) |    152       7    5976     12 |   25.20        0.00

Type     Name                                                                          # reqs      # fails |    Avg     Min     Max    Med |   req/s  failures/s
--------|----------------------------------------------------------------------------|-------|-------------|-------|-------|-------|-------|--------|-----------
GET      GET /api/v1/reservas                                                            1611    10(0.62%) |     22       7     556     12 |   24.90        0.00
POST     POST /api/v1/auth/login                                                           50     0(0.00%) |   4169    1329    5976   4300 |    0.00        0.00
--------|----------------------------------------------------------------------------|-------|-------------|-------|-------|-------|-------|--------|-----------
         Aggregated                                                                      1661    10(0.60%) |    147       7    5976     12 |   24.90        0.00

Type     Name                                                                          # reqs      # fails |    Avg     Min     Max    Med |   req/s  failures/s
--------|----------------------------------------------------------------------------|-------|-------------|-------|-------|-------|-------|--------|-----------
GET      GET /api/v1/reservas                                                            1661    10(0.60%) |     22       7     556     12 |   25.30        0.00
POST     POST /api/v1/auth/login                                                           50     0(0.00%) |   4169    1329    5976   4300 |    0.00        0.00
--------|----------------------------------------------------------------------------|-------|-------------|-------|-------|-------|-------|--------|-----------
         Aggregated                                                                      1711    10(0.58%) |    143       7    5976     12 |   25.30        0.00

Type     Name                                                                          # reqs      # fails |    Avg     Min     Max    Med |   req/s  failures/s
--------|----------------------------------------------------------------------------|-------|-------------|-------|-------|-------|-------|--------|-----------
GET      GET /api/v1/reservas                                                            1711    10(0.58%) |     22       7     556     12 |   25.30        0.00
POST     POST /api/v1/auth/login                                                           50     0(0.00%) |   4169    1329    5976   4300 |    0.00        0.00
--------|----------------------------------------------------------------------------|-------|-------------|-------|-------|-------|-------|--------|-----------
         Aggregated                                                                      1761    10(0.57%) |    139       7    5976     12 |   25.30        0.00

Type     Name                                                                          # reqs      # fails |    Avg     Min     Max    Med |   req/s  failures/s
--------|----------------------------------------------------------------------------|-------|-------------|-------|-------|-------|-------|--------|-----------
GET      GET /api/v1/reservas                                                            1760    10(0.57%) |     22       7     556     12 |   25.30        0.00
POST     POST /api/v1/auth/login                                                           50     0(0.00%) |   4169    1329    5976   4300 |    0.00        0.00
--------|----------------------------------------------------------------------------|-------|-------------|-------|-------|-------|-------|--------|-----------
         Aggregated                                                                      1810    10(0.55%) |    136       7    5976     12 |   25.30        0.00

Type     Name                                                                          # reqs      # fails |    Avg     Min     Max    Med |   req/s  failures/s
--------|----------------------------------------------------------------------------|-------|-------------|-------|-------|-------|-------|--------|-----------
GET      GET /api/v1/reservas                                                            1800    10(0.56%) |     21       7     556     12 |   24.70        0.00
POST     POST /api/v1/auth/login                                                           50     0(0.00%) |   4169    1329    5976   4300 |    0.00        0.00
--------|----------------------------------------------------------------------------|-------|-------------|-------|-------|-------|-------|--------|-----------
         Aggregated                                                                      1850    10(0.54%) |    134       7    5976     12 |   24.70        0.00

Type     Name                                                                          # reqs      # fails |    Avg     Min     Max    Med |   req/s  failures/s
--------|----------------------------------------------------------------------------|-------|-------------|-------|-------|-------|-------|--------|-----------
GET      GET /api/v1/reservas                                                            1847    10(0.54%) |     21       7     556     12 |   23.90        0.00
POST     POST /api/v1/auth/login                                                           50     0(0.00%) |   4169    1329    5976   4300 |    0.00        0.00
--------|----------------------------------------------------------------------------|-------|-------------|-------|-------|-------|-------|--------|-----------
         Aggregated                                                                      1897    10(0.53%) |    131       7    5976     12 |   23.90        0.00

Type     Name                                                                          # reqs      # fails |    Avg     Min     Max    Med |   req/s  failures/s
--------|----------------------------------------------------------------------------|-------|-------------|-------|-------|-------|-------|--------|-----------
GET      GET /api/v1/reservas                                                            1901    10(0.53%) |     21       7     556     12 |   23.60        0.00
POST     POST /api/v1/auth/login                                                           50     0(0.00%) |   4169    1329    5976   4300 |    0.00        0.00
--------|----------------------------------------------------------------------------|-------|-------------|-------|-------|-------|-------|--------|-----------
         Aggregated                                                                      1951    10(0.51%) |    127       7    5976     12 |   23.60        0.00

Type     Name                                                                          # reqs      # fails |    Avg     Min     Max    Med |   req/s  failures/s
--------|----------------------------------------------------------------------------|-------|-------------|-------|-------|-------|-------|--------|-----------
GET      GET /api/v1/reservas                                                            1953    10(0.51%) |     21       7     556     12 |   24.10        0.00
POST     POST /api/v1/auth/login                                                           50     0(0.00%) |   4169    1329    5976   4300 |    0.00        0.00
--------|----------------------------------------------------------------------------|-------|-------------|-------|-------|-------|-------|--------|-----------
         Aggregated                                                                      2003    10(0.50%) |    124       7    5976     12 |   24.10        0.00

Type     Name                                                                          # reqs      # fails |    Avg     Min     Max    Med |   req/s  failures/s
--------|----------------------------------------------------------------------------|-------|-------------|-------|-------|-------|-------|--------|-----------
GET      GET /api/v1/reservas                                                            1998    10(0.50%) |     20       7     556     12 |   24.40        0.00
POST     POST /api/v1/auth/login                                                           50     0(0.00%) |   4169    1329    5976   4300 |    0.00        0.00
--------|----------------------------------------------------------------------------|-------|-------------|-------|-------|-------|-------|--------|-----------
         Aggregated                                                                      2048    10(0.49%) |    122       7    5976     12 |   24.40        0.00

Type     Name                                                                          # reqs      # fails |    Avg     Min     Max    Med |   req/s  failures/s
--------|----------------------------------------------------------------------------|-------|-------------|-------|-------|-------|-------|--------|-----------
GET      GET /api/v1/reservas                                                            2048    10(0.49%) |     20       7     556     12 |   24.30        0.00
POST     POST /api/v1/auth/login                                                           50     0(0.00%) |   4169    1329    5976   4300 |    0.00        0.00
--------|----------------------------------------------------------------------------|-------|-------------|-------|-------|-------|-------|--------|-----------
         Aggregated                                                                      2098    10(0.48%) |    119       7    5976     12 |   24.30        0.00

Type     Name                                                                          # reqs      # fails |    Avg     Min     Max    Med |   req/s  failures/s
--------|----------------------------------------------------------------------------|-------|-------------|-------|-------|-------|-------|--------|-----------
GET      GET /api/v1/reservas                                                            2096    10(0.48%) |     20       7     556     12 |   24.80        0.00
POST     POST /api/v1/auth/login                                                           50     0(0.00%) |   4169    1329    5976   4300 |    0.00        0.00
--------|----------------------------------------------------------------------------|-------|-------------|-------|-------|-------|-------|--------|-----------
         Aggregated                                                                      2146    10(0.47%) |    117       7    5976     12 |   24.80        0.00

Type     Name                                                                          # reqs      # fails |    Avg     Min     Max    Med |   req/s  failures/s
--------|----------------------------------------------------------------------------|-------|-------------|-------|-------|-------|-------|--------|-----------
GET      GET /api/v1/reservas                                                            2142    10(0.47%) |     20       7     556     12 |   24.60        0.00
POST     POST /api/v1/auth/login                                                           50     0(0.00%) |   4169    1329    5976   4300 |    0.00        0.00
--------|----------------------------------------------------------------------------|-------|-------------|-------|-------|-------|-------|--------|-----------
         Aggregated                                                                      2192    10(0.46%) |    115       7    5976     12 |   24.60        0.00

Type     Name                                                                          # reqs      # fails |    Avg     Min     Max    Med |   req/s  failures/s
--------|----------------------------------------------------------------------------|-------|-------------|-------|-------|-------|-------|--------|-----------
GET      GET /api/v1/reservas                                                            2189    10(0.46%) |     20       7     556     12 |   23.90        0.00
POST     POST /api/v1/auth/login                                                           50     0(0.00%) |   4169    1329    5976   4300 |    0.00        0.00
--------|----------------------------------------------------------------------------|-------|-------------|-------|-------|-------|-------|--------|-----------
         Aggregated                                                                      2239    10(0.45%) |    112       7    5976     12 |   23.90        0.00

Type     Name                                                                          # reqs      # fails |    Avg     Min     Max    Med |   req/s  failures/s
--------|----------------------------------------------------------------------------|-------|-------------|-------|-------|-------|-------|--------|-----------
GET      GET /api/v1/reservas                                                            2239    10(0.45%) |     19       7     556     12 |   23.50        0.00
POST     POST /api/v1/auth/login                                                           50     0(0.00%) |   4169    1329    5976   4300 |    0.00        0.00
--------|----------------------------------------------------------------------------|-------|-------------|-------|-------|-------|-------|--------|-----------
         Aggregated                                                                      2289    10(0.44%) |    110       7    5976     12 |   23.50        0.00

Type     Name                                                                          # reqs      # fails |    Avg     Min     Max    Med |   req/s  failures/s
--------|----------------------------------------------------------------------------|-------|-------------|-------|-------|-------|-------|--------|-----------
GET      GET /api/v1/reservas                                                            2286    10(0.44%) |     19       7     556     12 |   23.90        0.00
POST     POST /api/v1/auth/login                                                           50     0(0.00%) |   4169    1329    5976   4300 |    0.00        0.00
--------|----------------------------------------------------------------------------|-------|-------------|-------|-------|-------|-------|--------|-----------
         Aggregated                                                                      2336    10(0.43%) |    108       7    5976     12 |   23.90        0.00

Type     Name                                                                          # reqs      # fails |    Avg     Min     Max    Med |   req/s  failures/s
--------|----------------------------------------------------------------------------|-------|-------------|-------|-------|-------|-------|--------|-----------
GET      GET /api/v1/reservas                                                            2339    10(0.43%) |     19       7     556     12 |   23.70        0.00
POST     POST /api/v1/auth/login                                                           50     0(0.00%) |   4169    1329    5976   4300 |    0.00        0.00
--------|----------------------------------------------------------------------------|-------|-------------|-------|-------|-------|-------|--------|-----------
         Aggregated                                                                      2389    10(0.42%) |    106       7    5976     12 |   23.70        0.00

Type     Name                                                                          # reqs      # fails |    Avg     Min     Max    Med |   req/s  failures/s
--------|----------------------------------------------------------------------------|-------|-------------|-------|-------|-------|-------|--------|-----------
GET      GET /api/v1/reservas                                                            2389    10(0.42%) |     19       7     556     12 |   24.70        0.00
POST     POST /api/v1/auth/login                                                           50     0(0.00%) |   4169    1329    5976   4300 |    0.00        0.00
--------|----------------------------------------------------------------------------|-------|-------------|-------|-------|-------|-------|--------|-----------
         Aggregated                                                                      2439    10(0.41%) |    104       7    5976     12 |   24.70        0.00

Type     Name                                                                          # reqs      # fails |    Avg     Min     Max    Med |   req/s  failures/s
--------|----------------------------------------------------------------------------|-------|-------------|-------|-------|-------|-------|--------|-----------
GET      GET /api/v1/reservas                                                            2439    10(0.41%) |     19       7     556     12 |   24.30        0.00
POST     POST /api/v1/auth/login                                                           50     0(0.00%) |   4169    1329    5976   4300 |    0.00        0.00
--------|----------------------------------------------------------------------------|-------|-------------|-------|-------|-------|-------|--------|-----------
         Aggregated                                                                      2489    10(0.40%) |    102       7    5976     12 |   24.30        0.00

Type     Name                                                                          # reqs      # fails |    Avg     Min     Max    Med |   req/s  failures/s
--------|----------------------------------------------------------------------------|-------|-------------|-------|-------|-------|-------|--------|-----------
GET      GET /api/v1/reservas                                                            2479    10(0.40%) |     19       7     556     12 |   25.10        0.00
POST     POST /api/v1/auth/login                                                           50     0(0.00%) |   4169    1329    5976   4300 |    0.00        0.00
--------|----------------------------------------------------------------------------|-------|-------------|-------|-------|-------|-------|--------|-----------
         Aggregated                                                                      2529    10(0.40%) |    101       7    5976     12 |   25.10        0.00

Type     Name                                                                          # reqs      # fails |    Avg     Min     Max    Med |   req/s  failures/s
--------|----------------------------------------------------------------------------|-------|-------------|-------|-------|-------|-------|--------|-----------
GET      GET /api/v1/reservas                                                            2530    10(0.40%) |     19       7     556     12 |   24.90        0.00
POST     POST /api/v1/auth/login                                                           50     0(0.00%) |   4169    1329    5976   4300 |    0.00        0.00
--------|----------------------------------------------------------------------------|-------|-------------|-------|-------|-------|-------|--------|-----------
         Aggregated                                                                      2580    10(0.39%) |     99       7    5976     12 |   24.90        0.00

Type     Name                                                                          # reqs      # fails |    Avg     Min     Max    Med |   req/s  failures/s
--------|----------------------------------------------------------------------------|-------|-------------|-------|-------|-------|-------|--------|-----------
GET      GET /api/v1/reservas                                                            2582    10(0.39%) |     19       7     556     12 |   24.90        0.00
POST     POST /api/v1/auth/login                                                           50     0(0.00%) |   4169    1329    5976   4300 |    0.00        0.00
--------|----------------------------------------------------------------------------|-------|-------------|-------|-------|-------|-------|--------|-----------
         Aggregated                                                                      2632    10(0.38%) |     98       7    5976     12 |   24.90        0.00

Type     Name                                                                          # reqs      # fails |    Avg     Min     Max    Med |   req/s  failures/s
--------|----------------------------------------------------------------------------|-------|-------------|-------|-------|-------|-------|--------|-----------
GET      GET /api/v1/reservas                                                            2624    10(0.38%) |     19       7     556     12 |   24.30        0.00
POST     POST /api/v1/auth/login                                                           50     0(0.00%) |   4169    1329    5976   4300 |    0.00        0.00
--------|----------------------------------------------------------------------------|-------|-------------|-------|-------|-------|-------|--------|-----------
         Aggregated                                                                      2674    10(0.37%) |     96       7    5976     12 |   24.30        0.00

Type     Name                                                                          # reqs      # fails |    Avg     Min     Max    Med |   req/s  failures/s
--------|----------------------------------------------------------------------------|-------|-------------|-------|-------|-------|-------|--------|-----------
GET      GET /api/v1/reservas                                                            2680    10(0.37%) |     18       7     556     12 |   24.10        0.00
POST     POST /api/v1/auth/login                                                           50     0(0.00%) |   4169    1329    5976   4300 |    0.00        0.00
--------|----------------------------------------------------------------------------|-------|-------------|-------|-------|-------|-------|--------|-----------
         Aggregated                                                                      2730    10(0.37%) |     94       7    5976     12 |   24.10        0.00

Type     Name                                                                          # reqs      # fails |    Avg     Min     Max    Med |   req/s  failures/s
--------|----------------------------------------------------------------------------|-------|-------------|-------|-------|-------|-------|--------|-----------
GET      GET /api/v1/reservas                                                            2727    10(0.37%) |     18       7     556     12 |   23.60        0.00
POST     POST /api/v1/auth/login                                                           50     0(0.00%) |   4169    1329    5976   4300 |    0.00        0.00
--------|----------------------------------------------------------------------------|-------|-------------|-------|-------|-------|-------|--------|-----------
         Aggregated                                                                      2777    10(0.36%) |     93       7    5976     12 |   23.60        0.00

Type     Name                                                                          # reqs      # fails |    Avg     Min     Max    Med |   req/s  failures/s
--------|----------------------------------------------------------------------------|-------|-------------|-------|-------|-------|-------|--------|-----------
GET      GET /api/v1/reservas                                                            2784    10(0.36%) |     18       7     556     12 |   24.70        0.00
POST     POST /api/v1/auth/login                                                           50     0(0.00%) |   4169    1329    5976   4300 |    0.00        0.00
--------|----------------------------------------------------------------------------|-------|-------------|-------|-------|-------|-------|--------|-----------
         Aggregated                                                                      2834    10(0.35%) |     91       7    5976     12 |   24.70        0.00

Type     Name                                                                          # reqs      # fails |    Avg     Min     Max    Med |   req/s  failures/s
--------|----------------------------------------------------------------------------|-------|-------------|-------|-------|-------|-------|--------|-----------
GET      GET /api/v1/reservas                                                            2827    10(0.35%) |     18       7     556     12 |   24.70        0.00
POST     POST /api/v1/auth/login                                                           50     0(0.00%) |   4169    1329    5976   4300 |    0.00        0.00
--------|----------------------------------------------------------------------------|-------|-------------|-------|-------|-------|-------|--------|-----------
         Aggregated                                                                      2877    10(0.35%) |     90       7    5976     12 |   24.70        0.00

Type     Name                                                                          # reqs      # fails |    Avg     Min     Max    Med |   req/s  failures/s
--------|----------------------------------------------------------------------------|-------|-------------|-------|-------|-------|-------|--------|-----------
GET      GET /api/v1/reservas                                                            2877    10(0.35%) |     18       7     556     12 |   24.30        0.00
POST     POST /api/v1/auth/login                                                           50     0(0.00%) |   4169    1329    5976   4300 |    0.00        0.00
--------|----------------------------------------------------------------------------|-------|-------------|-------|-------|-------|-------|--------|-----------
         Aggregated                                                                      2927    10(0.34%) |     89       7    5976     12 |   24.30        0.00

Type     Name                                                                          # reqs      # fails |    Avg     Min     Max    Med |   req/s  failures/s
--------|----------------------------------------------------------------------------|-------|-------------|-------|-------|-------|-------|--------|-----------
GET      GET /api/v1/reservas                                                            2931    10(0.34%) |     18       7     556     12 |   25.00        0.00
POST     POST /api/v1/auth/login                                                           50     0(0.00%) |   4169    1329    5976   4300 |    0.00        0.00
--------|----------------------------------------------------------------------------|-------|-------------|-------|-------|-------|-------|--------|-----------
         Aggregated                                                                      2981    10(0.34%) |     88       7    5976     12 |   25.00        0.00

Type     Name                                                                          # reqs      # fails |    Avg     Min     Max    Med |   req/s  failures/s
--------|----------------------------------------------------------------------------|-------|-------------|-------|-------|-------|-------|--------|-----------
GET      GET /api/v1/reservas                                                            2977    10(0.34%) |     18       7     556     12 |   25.30        0.00
POST     POST /api/v1/auth/login                                                           50     0(0.00%) |   4169    1329    5976   4300 |    0.00        0.00
--------|----------------------------------------------------------------------------|-------|-------------|-------|-------|-------|-------|--------|-----------
         Aggregated                                                                      3027    10(0.33%) |     86       7    5976     12 |   25.30        0.00

Type     Name                                                                          # reqs      # fails |    Avg     Min     Max    Med |   req/s  failures/s
--------|----------------------------------------------------------------------------|-------|-------------|-------|-------|-------|-------|--------|-----------
GET      GET /api/v1/reservas                                                            3029    10(0.33%) |     18       7     556     12 |   25.10        0.00
POST     POST /api/v1/auth/login                                                           50     0(0.00%) |   4169    1329    5976   4300 |    0.00        0.00
--------|----------------------------------------------------------------------------|-------|-------------|-------|-------|-------|-------|--------|-----------
         Aggregated                                                                      3079    10(0.32%) |     85       7    5976     12 |   25.10        0.00

Type     Name                                                                          # reqs      # fails |    Avg     Min     Max    Med |   req/s  failures/s
--------|----------------------------------------------------------------------------|-------|-------------|-------|-------|-------|-------|--------|-----------
GET      GET /api/v1/reservas                                                            3077    10(0.32%) |     18       7     556     12 |   24.20        0.00
POST     POST /api/v1/auth/login                                                           50     0(0.00%) |   4169    1329    5976   4300 |    0.00        0.00
--------|----------------------------------------------------------------------------|-------|-------------|-------|-------|-------|-------|--------|-----------
         Aggregated                                                                      3127    10(0.32%) |     84       7    5976     12 |   24.20        0.00

Type     Name                                                                          # reqs      # fails |    Avg     Min     Max    Med |   req/s  failures/s
--------|----------------------------------------------------------------------------|-------|-------------|-------|-------|-------|-------|--------|-----------
GET      GET /api/v1/reservas                                                            3118    10(0.32%) |     18       7     556     12 |   25.00        0.00
POST     POST /api/v1/auth/login                                                           50     0(0.00%) |   4169    1329    5976   4300 |    0.00        0.00
--------|----------------------------------------------------------------------------|-------|-------------|-------|-------|-------|-------|--------|-----------
         Aggregated                                                                      3168    10(0.32%) |     83       7    5976     12 |   25.00        0.00

Type     Name                                                                          # reqs      # fails |    Avg     Min     Max    Med |   req/s  failures/s
--------|----------------------------------------------------------------------------|-------|-------------|-------|-------|-------|-------|--------|-----------
GET      GET /api/v1/reservas                                                            3174    10(0.32%) |     18       7     556     12 |   23.90        0.00
POST     POST /api/v1/auth/login                                                           50     0(0.00%) |   4169    1329    5976   4300 |    0.00        0.00
--------|----------------------------------------------------------------------------|-------|-------------|-------|-------|-------|-------|--------|-----------
         Aggregated                                                                      3224    10(0.31%) |     82       7    5976     12 |   23.90        0.00

Type     Name                                                                          # reqs      # fails |    Avg     Min     Max    Med |   req/s  failures/s
--------|----------------------------------------------------------------------------|-------|-------------|-------|-------|-------|-------|--------|-----------
GET      GET /api/v1/reservas                                                            3228    10(0.31%) |     17       7     556     12 |   24.20        0.00
POST     POST /api/v1/auth/login                                                           50     0(0.00%) |   4169    1329    5976   4300 |    0.00        0.00
--------|----------------------------------------------------------------------------|-------|-------------|-------|-------|-------|-------|--------|-----------
         Aggregated                                                                      3278    10(0.31%) |     81       7    5976     12 |   24.20        0.00

Type     Name                                                                          # reqs      # fails |    Avg     Min     Max    Med |   req/s  failures/s
--------|----------------------------------------------------------------------------|-------|-------------|-------|-------|-------|-------|--------|-----------
GET      GET /api/v1/reservas                                                            3277    10(0.31%) |     17       7     556     12 |   24.60        0.00
POST     POST /api/v1/auth/login                                                           50     0(0.00%) |   4169    1329    5976   4300 |    0.00        0.00
--------|----------------------------------------------------------------------------|-------|-------------|-------|-------|-------|-------|--------|-----------
         Aggregated                                                                      3327    10(0.30%) |     80       7    5976     12 |   24.60        0.00

Type     Name                                                                          # reqs      # fails |    Avg     Min     Max    Med |   req/s  failures/s
--------|----------------------------------------------------------------------------|-------|-------------|-------|-------|-------|-------|--------|-----------
GET      GET /api/v1/reservas                                                            3319    10(0.30%) |     17       7     556     12 |   24.30        0.00
POST     POST /api/v1/auth/login                                                           50     0(0.00%) |   4169    1329    5976   4300 |    0.00        0.00
--------|----------------------------------------------------------------------------|-------|-------------|-------|-------|-------|-------|--------|-----------
         Aggregated                                                                      3369    10(0.30%) |     79       7    5976     12 |   24.30        0.00

Type     Name                                                                          # reqs      # fails |    Avg     Min     Max    Med |   req/s  failures/s
--------|----------------------------------------------------------------------------|-------|-------------|-------|-------|-------|-------|--------|-----------
GET      GET /api/v1/reservas                                                            3368    10(0.30%) |     17       7     556     12 |   24.00        0.00
POST     POST /api/v1/auth/login                                                           50     0(0.00%) |   4169    1329    5976   4300 |    0.00        0.00
--------|----------------------------------------------------------------------------|-------|-------------|-------|-------|-------|-------|--------|-----------
         Aggregated                                                                      3418    10(0.29%) |     78       7    5976     12 |   24.00        0.00

Type     Name                                                                          # reqs      # fails |    Avg     Min     Max    Med |   req/s  failures/s
--------|----------------------------------------------------------------------------|-------|-------------|-------|-------|-------|-------|--------|-----------
GET      GET /api/v1/reservas                                                            3417    10(0.29%) |     17       7     556     12 |   25.10        0.00
POST     POST /api/v1/auth/login                                                           50     0(0.00%) |   4169    1329    5976   4300 |    0.00        0.00
--------|----------------------------------------------------------------------------|-------|-------------|-------|-------|-------|-------|--------|-----------
         Aggregated                                                                      3467    10(0.29%) |     77       7    5976     12 |   25.10        0.00

Type     Name                                                                          # reqs      # fails |    Avg     Min     Max    Med |   req/s  failures/s
--------|----------------------------------------------------------------------------|-------|-------------|-------|-------|-------|-------|--------|-----------
GET      GET /api/v1/reservas                                                            3467    10(0.29%) |     17       7     556     12 |   24.50        0.00
POST     POST /api/v1/auth/login                                                           50     0(0.00%) |   4169    1329    5976   4300 |    0.00        0.00
--------|----------------------------------------------------------------------------|-------|-------------|-------|-------|-------|-------|--------|-----------
         Aggregated                                                                      3517    10(0.28%) |     76       7    5976     12 |   24.50        0.00

Type     Name                                                                          # reqs      # fails |    Avg     Min     Max    Med |   req/s  failures/s
--------|----------------------------------------------------------------------------|-------|-------------|-------|-------|-------|-------|--------|-----------
GET      GET /api/v1/reservas                                                            3522    10(0.28%) |     18       7     556     12 |   24.30        0.00
POST     POST /api/v1/auth/login                                                           50     0(0.00%) |   4169    1329    5976   4300 |    0.00        0.00
--------|----------------------------------------------------------------------------|-------|-------------|-------|-------|-------|-------|--------|-----------
         Aggregated                                                                      3572    10(0.28%) |     76       7    5976     12 |   24.30        0.00

Type     Name                                                                          # reqs      # fails |    Avg     Min     Max    Med |   req/s  failures/s
--------|----------------------------------------------------------------------------|-------|-------------|-------|-------|-------|-------|--------|-----------
GET      GET /api/v1/reservas                                                            3568    10(0.28%) |     18       7     556     12 |   25.00        0.00
POST     POST /api/v1/auth/login                                                           50     0(0.00%) |   4169    1329    5976   4300 |    0.00        0.00
--------|----------------------------------------------------------------------------|-------|-------------|-------|-------|-------|-------|--------|-----------
         Aggregated                                                                      3618    10(0.28%) |     76       7    5976     12 |   25.00        0.00

Type     Name                                                                          # reqs      # fails |    Avg     Min     Max    Med |   req/s  failures/s
--------|----------------------------------------------------------------------------|-------|-------------|-------|-------|-------|-------|--------|-----------
GET      GET /api/v1/reservas                                                            3618    11(0.30%) |     19       7     556     12 |   25.20        0.00
POST     POST /api/v1/auth/login                                                           50     0(0.00%) |   4169    1329    5976   4300 |    0.00        0.00
--------|----------------------------------------------------------------------------|-------|-------------|-------|-------|-------|-------|--------|-----------
         Aggregated                                                                      3668    11(0.30%) |     76       7    5976     12 |   25.20        0.00

Type     Name                                                                          # reqs      # fails |    Avg     Min     Max    Med |   req/s  failures/s
--------|----------------------------------------------------------------------------|-------|-------------|-------|-------|-------|-------|--------|-----------
GET      GET /api/v1/reservas                                                            3670    11(0.30%) |     19       7     556     12 |   25.20        0.10
POST     POST /api/v1/auth/login                                                           50     0(0.00%) |   4169    1329    5976   4300 |    0.00        0.00
--------|----------------------------------------------------------------------------|-------|-------------|-------|-------|-------|-------|--------|-----------
         Aggregated                                                                      3720    11(0.30%) |     75       7    5976     12 |   25.20        0.10

Type     Name                                                                          # reqs      # fails |    Avg     Min     Max    Med |   req/s  failures/s
--------|----------------------------------------------------------------------------|-------|-------------|-------|-------|-------|-------|--------|-----------
GET      GET /api/v1/reservas                                                            3719    11(0.30%) |     19       7     556     12 |   25.20        0.10
POST     POST /api/v1/auth/login                                                           50     0(0.00%) |   4169    1329    5976   4300 |    0.00        0.00
--------|----------------------------------------------------------------------------|-------|-------------|-------|-------|-------|-------|--------|-----------
         Aggregated                                                                      3769    11(0.29%) |     74       7    5976     12 |   25.20        0.10

Type     Name                                                                          # reqs      # fails |    Avg     Min     Max    Med |   req/s  failures/s
--------|----------------------------------------------------------------------------|-------|-------------|-------|-------|-------|-------|--------|-----------
GET      GET /api/v1/reservas                                                            3773    11(0.29%) |     19       7     556     12 |   24.50        0.10
POST     POST /api/v1/auth/login                                                           50     0(0.00%) |   4169    1329    5976   4300 |    0.00        0.00
--------|----------------------------------------------------------------------------|-------|-------------|-------|-------|-------|-------|--------|-----------
         Aggregated                                                                      3823    11(0.29%) |     73       7    5976     12 |   24.50        0.10

Type     Name                                                                          # reqs      # fails |    Avg     Min     Max    Med |   req/s  failures/s
--------|----------------------------------------------------------------------------|-------|-------------|-------|-------|-------|-------|--------|-----------
GET      GET /api/v1/reservas                                                            3821    11(0.29%) |     19       7     556     12 |   24.70        0.10
POST     POST /api/v1/auth/login                                                           50     0(0.00%) |   4169    1329    5976   4300 |    0.00        0.00
--------|----------------------------------------------------------------------------|-------|-------------|-------|-------|-------|-------|--------|-----------
         Aggregated                                                                      3871    11(0.28%) |     72       7    5976     12 |   24.70        0.10

Type     Name                                                                          # reqs      # fails |    Avg     Min     Max    Med |   req/s  failures/s
--------|----------------------------------------------------------------------------|-------|-------------|-------|-------|-------|-------|--------|-----------
GET      GET /api/v1/reservas                                                            3879    11(0.28%) |     19       7     556     12 |   25.20        0.10
POST     POST /api/v1/auth/login                                                           50     0(0.00%) |   4169    1329    5976   4300 |    0.00        0.00
--------|----------------------------------------------------------------------------|-------|-------------|-------|-------|-------|-------|--------|-----------
         Aggregated                                                                      3929    11(0.28%) |     72       7    5976     12 |   25.20        0.10

Type     Name                                                                          # reqs      # fails |    Avg     Min     Max    Med |   req/s  failures/s
--------|----------------------------------------------------------------------------|-------|-------------|-------|-------|-------|-------|--------|-----------
GET      GET /api/v1/reservas                                                            3922    11(0.28%) |     19       7     556     12 |   26.00        0.00
POST     POST /api/v1/auth/login                                                           50     0(0.00%) |   4169    1329    5976   4300 |    0.00        0.00
--------|----------------------------------------------------------------------------|-------|-------------|-------|-------|-------|-------|--------|-----------
         Aggregated                                                                      3972    11(0.28%) |     71       7    5976     12 |   26.00        0.00

Type     Name                                                                          # reqs      # fails |    Avg     Min     Max    Med |   req/s  failures/s
--------|----------------------------------------------------------------------------|-------|-------------|-------|-------|-------|-------|--------|-----------
GET      GET /api/v1/reservas                                                            3976    11(0.28%) |     19       7     556     12 |   25.10        0.00
POST     POST /api/v1/auth/login                                                           50     0(0.00%) |   4169    1329    5976   4300 |    0.00        0.00
--------|----------------------------------------------------------------------------|-------|-------------|-------|-------|-------|-------|--------|-----------
         Aggregated                                                                      4026    11(0.27%) |     70       7    5976     12 |   25.10        0.00

Type     Name                                                                          # reqs      # fails |    Avg     Min     Max    Med |   req/s  failures/s
--------|----------------------------------------------------------------------------|-------|-------------|-------|-------|-------|-------|--------|-----------
GET      GET /api/v1/reservas                                                            4020    11(0.27%) |     19       7     556     12 |   26.40        0.00
POST     POST /api/v1/auth/login                                                           50     0(0.00%) |   4169    1329    5976   4300 |    0.00        0.00
--------|----------------------------------------------------------------------------|-------|-------------|-------|-------|-------|-------|--------|-----------
         Aggregated                                                                      4070    11(0.27%) |     70       7    5976     12 |   26.40        0.00

Type     Name                                                                          # reqs      # fails |    Avg     Min     Max    Med |   req/s  failures/s
--------|----------------------------------------------------------------------------|-------|-------------|-------|-------|-------|-------|--------|-----------
GET      GET /api/v1/reservas                                                            4071    11(0.27%) |     18       7     556     12 |   25.80        0.00
POST     POST /api/v1/auth/login                                                           50     0(0.00%) |   4169    1329    5976   4300 |    0.00        0.00
--------|----------------------------------------------------------------------------|-------|-------------|-------|-------|-------|-------|--------|-----------
         Aggregated                                                                      4121    11(0.27%) |     69       7    5976     12 |   25.80        0.00

Type     Name                                                                          # reqs      # fails |    Avg     Min     Max    Med |   req/s  failures/s
--------|----------------------------------------------------------------------------|-------|-------------|-------|-------|-------|-------|--------|-----------
GET      GET /api/v1/reservas                                                            4117    11(0.27%) |     18       7     556     12 |   25.00        0.00
POST     POST /api/v1/auth/login                                                           50     0(0.00%) |   4169    1329    5976   4300 |    0.00        0.00
--------|----------------------------------------------------------------------------|-------|-------------|-------|-------|-------|-------|--------|-----------
         Aggregated                                                                      4167    11(0.26%) |     68       7    5976     12 |   25.00        0.00

Type     Name                                                                          # reqs      # fails |    Avg     Min     Max    Med |   req/s  failures/s
--------|----------------------------------------------------------------------------|-------|-------------|-------|-------|-------|-------|--------|-----------
GET      GET /api/v1/reservas                                                            4170    11(0.26%) |     18       7     556     12 |   23.40        0.00
POST     POST /api/v1/auth/login                                                           50     0(0.00%) |   4169    1329    5976   4300 |    0.00        0.00
--------|----------------------------------------------------------------------------|-------|-------------|-------|-------|-------|-------|--------|-----------
         Aggregated                                                                      4220    11(0.26%) |     67       7    5976     12 |   23.40        0.00

Type     Name                                                                          # reqs      # fails |    Avg     Min     Max    Med |   req/s  failures/s
--------|----------------------------------------------------------------------------|-------|-------------|-------|-------|-------|-------|--------|-----------
GET      GET /api/v1/reservas                                                            4216    11(0.26%) |     18       7     556     12 |   24.60        0.00
POST     POST /api/v1/auth/login                                                           50     0(0.00%) |   4169    1329    5976   4300 |    0.00        0.00
--------|----------------------------------------------------------------------------|-------|-------------|-------|-------|-------|-------|--------|-----------
         Aggregated                                                                      4266    11(0.26%) |     67       7    5976     12 |   24.60        0.00

Type     Name                                                                          # reqs      # fails |    Avg     Min     Max    Med |   req/s  failures/s
--------|----------------------------------------------------------------------------|-------|-------------|-------|-------|-------|-------|--------|-----------
GET      GET /api/v1/reservas                                                            4263    11(0.26%) |     18       7     556     12 |   23.80        0.00
POST     POST /api/v1/auth/login                                                           50     0(0.00%) |   4169    1329    5976   4300 |    0.00        0.00
--------|----------------------------------------------------------------------------|-------|-------------|-------|-------|-------|-------|--------|-----------
         Aggregated                                                                      4313    11(0.26%) |     66       7    5976     12 |   23.80        0.00

Type     Name                                                                          # reqs      # fails |    Avg     Min     Max    Med |   req/s  failures/s
--------|----------------------------------------------------------------------------|-------|-------------|-------|-------|-------|-------|--------|-----------
GET      GET /api/v1/reservas                                                            4313    11(0.26%) |     18       7     556     12 |   23.80        0.00
POST     POST /api/v1/auth/login                                                           50     0(0.00%) |   4169    1329    5976   4300 |    0.00        0.00
--------|----------------------------------------------------------------------------|-------|-------------|-------|-------|-------|-------|--------|-----------
         Aggregated                                                                      4363    11(0.25%) |     66       7    5976     12 |   23.80        0.00

Type     Name                                                                          # reqs      # fails |    Avg     Min     Max    Med |   req/s  failures/s
--------|----------------------------------------------------------------------------|-------|-------------|-------|-------|-------|-------|--------|-----------
GET      GET /api/v1/reservas                                                            4361    11(0.25%) |     18       7     556     12 |   24.20        0.00
POST     POST /api/v1/auth/login                                                           50     0(0.00%) |   4169    1329    5976   4300 |    0.00        0.00
--------|----------------------------------------------------------------------------|-------|-------------|-------|-------|-------|-------|--------|-----------
         Aggregated                                                                      4411    11(0.25%) |     65       7    5976     12 |   24.20        0.00

Type     Name                                                                          # reqs      # fails |    Avg     Min     Max    Med |   req/s  failures/s
--------|----------------------------------------------------------------------------|-------|-------------|-------|-------|-------|-------|--------|-----------
GET      GET /api/v1/reservas                                                            4406    11(0.25%) |     18       7     556     12 |   24.70        0.00
POST     POST /api/v1/auth/login                                                           50     0(0.00%) |   4169    1329    5976   4300 |    0.00        0.00
--------|----------------------------------------------------------------------------|-------|-------------|-------|-------|-------|-------|--------|-----------
         Aggregated                                                                      4456    11(0.25%) |     65       7    5976     12 |   24.70        0.00

Type     Name                                                                          # reqs      # fails |    Avg     Min     Max    Med |   req/s  failures/s
--------|----------------------------------------------------------------------------|-------|-------------|-------|-------|-------|-------|--------|-----------
GET      GET /api/v1/reservas                                                            4456    11(0.25%) |     18       7     556     12 |   23.90        0.00
POST     POST /api/v1/auth/login                                                           50     0(0.00%) |   4169    1329    5976   4300 |    0.00        0.00
--------|----------------------------------------------------------------------------|-------|-------------|-------|-------|-------|-------|--------|-----------
         Aggregated                                                                      4506    11(0.24%) |     64       7    5976     12 |   23.90        0.00

Type     Name                                                                          # reqs      # fails |    Avg     Min     Max    Med |   req/s  failures/s
--------|----------------------------------------------------------------------------|-------|-------------|-------|-------|-------|-------|--------|-----------
GET      GET /api/v1/reservas                                                            4506    11(0.24%) |     18       7     556     12 |   23.80        0.00
POST     POST /api/v1/auth/login                                                           50     0(0.00%) |   4169    1329    5976   4300 |    0.00        0.00
--------|----------------------------------------------------------------------------|-------|-------------|-------|-------|-------|-------|--------|-----------
         Aggregated                                                                      4556    11(0.24%) |     63       7    5976     12 |   23.80        0.00

Type     Name                                                                          # reqs      # fails |    Avg     Min     Max    Med |   req/s  failures/s
--------|----------------------------------------------------------------------------|-------|-------------|-------|-------|-------|-------|--------|-----------
GET      GET /api/v1/reservas                                                            4553    11(0.24%) |     18       7     556     12 |   24.20        0.00
POST     POST /api/v1/auth/login                                                           50     0(0.00%) |   4169    1329    5976   4300 |    0.00        0.00
--------|----------------------------------------------------------------------------|-------|-------------|-------|-------|-------|-------|--------|-----------
         Aggregated                                                                      4603    11(0.24%) |     63       7    5976     12 |   24.20        0.00

Type     Name                                                                          # reqs      # fails |    Avg     Min     Max    Med |   req/s  failures/s
--------|----------------------------------------------------------------------------|-------|-------------|-------|-------|-------|-------|--------|-----------
GET      GET /api/v1/reservas                                                            4605    11(0.24%) |     18       7     556     12 |   24.20        0.00
POST     POST /api/v1/auth/login                                                           50     0(0.00%) |   4169    1329    5976   4300 |    0.00        0.00
--------|----------------------------------------------------------------------------|-------|-------------|-------|-------|-------|-------|--------|-----------
         Aggregated                                                                      4655    11(0.24%) |     62       7    5976     12 |   24.20        0.00

Type     Name                                                                          # reqs      # fails |    Avg     Min     Max    Med |   req/s  failures/s
--------|----------------------------------------------------------------------------|-------|-------------|-------|-------|-------|-------|--------|-----------
GET      GET /api/v1/reservas                                                            4655    11(0.24%) |     18       7     556     12 |   24.40        0.00
POST     POST /api/v1/auth/login                                                           50     0(0.00%) |   4169    1329    5976   4300 |    0.00        0.00
--------|----------------------------------------------------------------------------|-------|-------------|-------|-------|-------|-------|--------|-----------
         Aggregated                                                                      4705    11(0.23%) |     62       7    5976     12 |   24.40        0.00

Type     Name                                                                          # reqs      # fails |    Avg     Min     Max    Med |   req/s  failures/s
--------|----------------------------------------------------------------------------|-------|-------------|-------|-------|-------|-------|--------|-----------
GET      GET /api/v1/reservas                                                            4706    11(0.23%) |     18       7     556     12 |   24.50        0.00
POST     POST /api/v1/auth/login                                                           50     0(0.00%) |   4169    1329    5976   4300 |    0.00        0.00
--------|----------------------------------------------------------------------------|-------|-------------|-------|-------|-------|-------|--------|-----------
         Aggregated                                                                      4756    11(0.23%) |     61       7    5976     12 |   24.50        0.00

Type     Name                                                                          # reqs      # fails |    Avg     Min     Max    Med |   req/s  failures/s
--------|----------------------------------------------------------------------------|-------|-------------|-------|-------|-------|-------|--------|-----------
GET      GET /api/v1/reservas                                                            4753    11(0.23%) |     18       7     556     12 |   25.30        0.00
POST     POST /api/v1/auth/login                                                           50     0(0.00%) |   4169    1329    5976   4300 |    0.00        0.00
--------|----------------------------------------------------------------------------|-------|-------------|-------|-------|-------|-------|--------|-----------
         Aggregated                                                                      4803    11(0.23%) |     61       7    5976     12 |   25.30        0.00

Type     Name                                                                          # reqs      # fails |    Avg     Min     Max    Med |   req/s  failures/s
--------|----------------------------------------------------------------------------|-------|-------------|-------|-------|-------|-------|--------|-----------
GET      GET /api/v1/reservas                                                            4807    11(0.23%) |     17       7     556     12 |   24.60        0.00
POST     POST /api/v1/auth/login                                                           50     0(0.00%) |   4169    1329    5976   4300 |    0.00        0.00
--------|----------------------------------------------------------------------------|-------|-------------|-------|-------|-------|-------|--------|-----------
         Aggregated                                                                      4857    11(0.23%) |     60       7    5976     12 |   24.60        0.00

Type     Name                                                                          # reqs      # fails |    Avg     Min     Max    Med |   req/s  failures/s
--------|----------------------------------------------------------------------------|-------|-------------|-------|-------|-------|-------|--------|-----------
GET      GET /api/v1/reservas                                                            4853    11(0.23%) |     17       7     556     12 |   25.30        0.00
POST     POST /api/v1/auth/login                                                           50     0(0.00%) |   4169    1329    5976   4300 |    0.00        0.00
--------|----------------------------------------------------------------------------|-------|-------------|-------|-------|-------|-------|--------|-----------
         Aggregated                                                                      4903    11(0.22%) |     60       7    5976     12 |   25.30        0.00

Type     Name                                                                          # reqs      # fails |    Avg     Min     Max    Med |   req/s  failures/s
--------|----------------------------------------------------------------------------|-------|-------------|-------|-------|-------|-------|--------|-----------
GET      GET /api/v1/reservas                                                            4897    11(0.22%) |     17       7     556     12 |   24.30        0.00
POST     POST /api/v1/auth/login                                                           50     0(0.00%) |   4169    1329    5976   4300 |    0.00        0.00
--------|----------------------------------------------------------------------------|-------|-------------|-------|-------|-------|-------|--------|-----------
         Aggregated                                                                      4947    11(0.22%) |     59       7    5976     12 |   24.30        0.00

Type     Name                                                                          # reqs      # fails |    Avg     Min     Max    Med |   req/s  failures/s
--------|----------------------------------------------------------------------------|-------|-------------|-------|-------|-------|-------|--------|-----------
GET      GET /api/v1/reservas                                                            4945    11(0.22%) |     17       7     556     12 |   24.50        0.00
POST     POST /api/v1/auth/login                                                           50     0(0.00%) |   4169    1329    5976   4300 |    0.00        0.00
--------|----------------------------------------------------------------------------|-------|-------------|-------|-------|-------|-------|--------|-----------
         Aggregated                                                                      4995    11(0.22%) |     59       7    5976     12 |   24.50        0.00

Type     Name                                                                          # reqs      # fails |    Avg     Min     Max    Med |   req/s  failures/s
--------|----------------------------------------------------------------------------|-------|-------------|-------|-------|-------|-------|--------|-----------
GET      GET /api/v1/reservas                                                            4994    11(0.22%) |     17       7     556     12 |   23.70        0.00
POST     POST /api/v1/auth/login                                                           50     0(0.00%) |   4169    1329    5976   4300 |    0.00        0.00
--------|----------------------------------------------------------------------------|-------|-------------|-------|-------|-------|-------|--------|-----------
         Aggregated                                                                      5044    11(0.22%) |     58       7    5976     12 |   23.70        0.00

Type     Name                                                                          # reqs      # fails |    Avg     Min     Max    Med |   req/s  failures/s
--------|----------------------------------------------------------------------------|-------|-------------|-------|-------|-------|-------|--------|-----------
GET      GET /api/v1/reservas                                                            5048    11(0.22%) |     17       7     556     12 |   24.50        0.00
POST     POST /api/v1/auth/login                                                           50     0(0.00%) |   4169    1329    5976   4300 |    0.00        0.00
--------|----------------------------------------------------------------------------|-------|-------------|-------|-------|-------|-------|--------|-----------
         Aggregated                                                                      5098    11(0.22%) |     58       7    5976     12 |   24.50        0.00

Type     Name                                                                          # reqs      # fails |    Avg     Min     Max    Med |   req/s  failures/s
--------|----------------------------------------------------------------------------|-------|-------------|-------|-------|-------|-------|--------|-----------
GET      GET /api/v1/reservas                                                            5099    11(0.22%) |     17       7     556     12 |   23.90        0.00
POST     POST /api/v1/auth/login                                                           50     0(0.00%) |   4169    1329    5976   4300 |    0.00        0.00
--------|----------------------------------------------------------------------------|-------|-------------|-------|-------|-------|-------|--------|-----------
         Aggregated                                                                      5149    11(0.21%) |     57       7    5976     12 |   23.90        0.00

Type     Name                                                                          # reqs      # fails |    Avg     Min     Max    Med |   req/s  failures/s
--------|----------------------------------------------------------------------------|-------|-------------|-------|-------|-------|-------|--------|-----------
GET      GET /api/v1/reservas                                                            5154    11(0.21%) |     17       7     556     12 |   25.40        0.00
POST     POST /api/v1/auth/login                                                           50     0(0.00%) |   4169    1329    5976   4300 |    0.00        0.00
--------|----------------------------------------------------------------------------|-------|-------------|-------|-------|-------|-------|--------|-----------
         Aggregated                                                                      5204    11(0.21%) |     57       7    5976     12 |   25.40        0.00

Type     Name                                                                          # reqs      # fails |    Avg     Min     Max    Med |   req/s  failures/s
--------|----------------------------------------------------------------------------|-------|-------------|-------|-------|-------|-------|--------|-----------
GET      GET /api/v1/reservas                                                            5206    11(0.21%) |     17       7     556     12 |   25.50        0.00
POST     POST /api/v1/auth/login                                                           50     0(0.00%) |   4169    1329    5976   4300 |    0.00        0.00
--------|----------------------------------------------------------------------------|-------|-------------|-------|-------|-------|-------|--------|-----------
         Aggregated                                                                      5256    11(0.21%) |     57       7    5976     12 |   25.50        0.00

Type     Name                                                                          # reqs      # fails |    Avg     Min     Max    Med |   req/s  failures/s
--------|----------------------------------------------------------------------------|-------|-------------|-------|-------|-------|-------|--------|-----------
GET      GET /api/v1/reservas                                                            5251    11(0.21%) |     17       7     556     12 |   25.80        0.00
POST     POST /api/v1/auth/login                                                           50     0(0.00%) |   4169    1329    5976   4300 |    0.00        0.00
--------|----------------------------------------------------------------------------|-------|-------------|-------|-------|-------|-------|--------|-----------
         Aggregated                                                                      5301    11(0.21%) |     56       7    5976     12 |   25.80        0.00

Type     Name                                                                          # reqs      # fails |    Avg     Min     Max    Med |   req/s  failures/s
--------|----------------------------------------------------------------------------|-------|-------------|-------|-------|-------|-------|--------|-----------
GET      GET /api/v1/reservas                                                            5298    11(0.21%) |     17       7     556     12 |   25.30        0.00
POST     POST /api/v1/auth/login                                                           50     0(0.00%) |   4169    1329    5976   4300 |    0.00        0.00
--------|----------------------------------------------------------------------------|-------|-------------|-------|-------|-------|-------|--------|-----------
         Aggregated                                                                      5348    11(0.21%) |     56       7    5976     12 |   25.30        0.00

Type     Name                                                                          # reqs      # fails |    Avg     Min     Max    Med |   req/s  failures/s
--------|----------------------------------------------------------------------------|-------|-------------|-------|-------|-------|-------|--------|-----------
GET      GET /api/v1/reservas                                                            5351    11(0.21%) |     17       7     556     12 |   25.30        0.00
POST     POST /api/v1/auth/login                                                           50     0(0.00%) |   4169    1329    5976   4300 |    0.00        0.00
--------|----------------------------------------------------------------------------|-------|-------------|-------|-------|-------|-------|--------|-----------
         Aggregated                                                                      5401    11(0.20%) |     56       7    5976     12 |   25.30        0.00

Type     Name                                                                          # reqs      # fails |    Avg     Min     Max    Med |   req/s  failures/s
--------|----------------------------------------------------------------------------|-------|-------------|-------|-------|-------|-------|--------|-----------
GET      GET /api/v1/reservas                                                            5398    11(0.20%) |     17       7     556     12 |   24.40        0.00
POST     POST /api/v1/auth/login                                                           50     0(0.00%) |   4169    1329    5976   4300 |    0.00        0.00
--------|----------------------------------------------------------------------------|-------|-------------|-------|-------|-------|-------|--------|-----------
         Aggregated                                                                      5448    11(0.20%) |     56       7    5976     12 |   24.40        0.00

Type     Name                                                                          # reqs      # fails |    Avg     Min     Max    Med |   req/s  failures/s
--------|----------------------------------------------------------------------------|-------|-------------|-------|-------|-------|-------|--------|-----------
GET      GET /api/v1/reservas                                                            5442    11(0.20%) |     18       7     556     12 |   24.10        0.00
POST     POST /api/v1/auth/login                                                           50     0(0.00%) |   4169    1329    5976   4300 |    0.00        0.00
--------|----------------------------------------------------------------------------|-------|-------------|-------|-------|-------|-------|--------|-----------
         Aggregated                                                                      5492    11(0.20%) |     55       7    5976     12 |   24.10        0.00

Type     Name                                                                          # reqs      # fails |    Avg     Min     Max    Med |   req/s  failures/s
--------|----------------------------------------------------------------------------|-------|-------------|-------|-------|-------|-------|--------|-----------
GET      GET /api/v1/reservas                                                            5496    11(0.20%) |     18       7     556     12 |   23.60        0.00
POST     POST /api/v1/auth/login                                                           50     0(0.00%) |   4169    1329    5976   4300 |    0.00        0.00
--------|----------------------------------------------------------------------------|-------|-------------|-------|-------|-------|-------|--------|-----------
         Aggregated                                                                      5546    11(0.20%) |     55       7    5976     12 |   23.60        0.00

Type     Name                                                                          # reqs      # fails |    Avg     Min     Max    Med |   req/s  failures/s
--------|----------------------------------------------------------------------------|-------|-------------|-------|-------|-------|-------|--------|-----------
GET      GET /api/v1/reservas                                                            5546    11(0.20%) |     18       7     556     12 |   24.20        0.00
POST     POST /api/v1/auth/login                                                           50     0(0.00%) |   4169    1329    5976   4300 |    0.00        0.00
--------|----------------------------------------------------------------------------|-------|-------------|-------|-------|-------|-------|--------|-----------
         Aggregated                                                                      5596    11(0.20%) |     55       7    5976     12 |   24.20        0.00

Type     Name                                                                          # reqs      # fails |    Avg     Min     Max    Med |   req/s  failures/s
--------|----------------------------------------------------------------------------|-------|-------------|-------|-------|-------|-------|--------|-----------
GET      GET /api/v1/reservas                                                            5592    11(0.20%) |     18       7     556     12 |   24.30        0.00
POST     POST /api/v1/auth/login                                                           50     0(0.00%) |   4169    1329    5976   4300 |    0.00        0.00
--------|----------------------------------------------------------------------------|-------|-------------|-------|-------|-------|-------|--------|-----------
         Aggregated                                                                      5642    11(0.19%) |     54       7    5976     12 |   24.30        0.00

Type     Name                                                                          # reqs      # fails |    Avg     Min     Max    Med |   req/s  failures/s
--------|----------------------------------------------------------------------------|-------|-------------|-------|-------|-------|-------|--------|-----------
GET      GET /api/v1/reservas                                                            5643    11(0.19%) |     18       7     556     12 |   24.90        0.00
POST     POST /api/v1/auth/login                                                           50     0(0.00%) |   4169    1329    5976   4300 |    0.00        0.00
--------|----------------------------------------------------------------------------|-------|-------------|-------|-------|-------|-------|--------|-----------
         Aggregated                                                                      5693    11(0.19%) |     54       7    5976     12 |   24.90        0.00

Type     Name                                                                          # reqs      # fails |    Avg     Min     Max    Med |   req/s  failures/s
--------|----------------------------------------------------------------------------|-------|-------------|-------|-------|-------|-------|--------|-----------
GET      GET /api/v1/reservas                                                            5695    11(0.19%) |     18       7     556     12 |   25.00        0.00
POST     POST /api/v1/auth/login                                                           50     0(0.00%) |   4169    1329    5976   4300 |    0.00        0.00
--------|----------------------------------------------------------------------------|-------|-------------|-------|-------|-------|-------|--------|-----------
         Aggregated                                                                      5745    11(0.19%) |     54       7    5976     12 |   25.00        0.00

Type     Name                                                                          # reqs      # fails |    Avg     Min     Max    Med |   req/s  failures/s
--------|----------------------------------------------------------------------------|-------|-------------|-------|-------|-------|-------|--------|-----------
GET      GET /api/v1/reservas                                                            5749    11(0.19%) |     18       7     556     12 |   25.40        0.00
POST     POST /api/v1/auth/login                                                           50     0(0.00%) |   4169    1329    5976   4300 |    0.00        0.00
--------|----------------------------------------------------------------------------|-------|-------------|-------|-------|-------|-------|--------|-----------
         Aggregated                                                                      5799    11(0.19%) |     53       7    5976     12 |   25.40        0.00

Type     Name                                                                          # reqs      # fails |    Avg     Min     Max    Med |   req/s  failures/s
--------|----------------------------------------------------------------------------|-------|-------------|-------|-------|-------|-------|--------|-----------
GET      GET /api/v1/reservas                                                            5799    11(0.19%) |     17       7     556     12 |   25.60        0.00
POST     POST /api/v1/auth/login                                                           50     0(0.00%) |   4169    1329    5976   4300 |    0.00        0.00
--------|----------------------------------------------------------------------------|-------|-------------|-------|-------|-------|-------|--------|-----------
         Aggregated                                                                      5849    11(0.19%) |     53       7    5976     12 |   25.60        0.00

Type     Name                                                                          # reqs      # fails |    Avg     Min     Max    Med |   req/s  failures/s
--------|----------------------------------------------------------------------------|-------|-------------|-------|-------|-------|-------|--------|-----------
GET      GET /api/v1/reservas                                                            5850    11(0.19%) |     17       7     556     12 |   25.70        0.00
POST     POST /api/v1/auth/login                                                           50     0(0.00%) |   4169    1329    5976   4300 |    0.00        0.00
--------|----------------------------------------------------------------------------|-------|-------------|-------|-------|-------|-------|--------|-----------
         Aggregated                                                                      5900    11(0.19%) |     53       7    5976     12 |   25.70        0.00

Type     Name                                                                          # reqs      # fails |    Avg     Min     Max    Med |   req/s  failures/s
--------|----------------------------------------------------------------------------|-------|-------------|-------|-------|-------|-------|--------|-----------
GET      GET /api/v1/reservas                                                            5899    11(0.19%) |     17       7     556     12 |   25.20        0.00
POST     POST /api/v1/auth/login                                                           50     0(0.00%) |   4169    1329    5976   4300 |    0.00        0.00
--------|----------------------------------------------------------------------------|-------|-------------|-------|-------|-------|-------|--------|-----------
         Aggregated                                                                      5949    11(0.18%) |     52       7    5976     12 |   25.20        0.00

Type     Name                                                                          # reqs      # fails |    Avg     Min     Max    Med |   req/s  failures/s
--------|----------------------------------------------------------------------------|-------|-------------|-------|-------|-------|-------|--------|-----------
GET      GET /api/v1/reservas                                                            5952    11(0.18%) |     17       7     556     12 |   25.80        0.00
POST     POST /api/v1/auth/login                                                           50     0(0.00%) |   4169    1329    5976   4300 |    0.00        0.00
--------|----------------------------------------------------------------------------|-------|-------------|-------|-------|-------|-------|--------|-----------
         Aggregated                                                                      6002    11(0.18%) |     52       7    5976     12 |   25.80        0.00

Type     Name                                                                          # reqs      # fails |    Avg     Min     Max    Med |   req/s  failures/s
--------|----------------------------------------------------------------------------|-------|-------------|-------|-------|-------|-------|--------|-----------
GET      GET /api/v1/reservas                                                            6006    11(0.18%) |     17       7     556     12 |   26.00        0.00
POST     POST /api/v1/auth/login                                                           50     0(0.00%) |   4169    1329    5976   4300 |    0.00        0.00
--------|----------------------------------------------------------------------------|-------|-------------|-------|-------|-------|-------|--------|-----------
         Aggregated                                                                      6056    11(0.18%) |     52       7    5976     12 |   26.00        0.00

Type     Name                                                                          # reqs      # fails |    Avg     Min     Max    Med |   req/s  failures/s
--------|----------------------------------------------------------------------------|-------|-------------|-------|-------|-------|-------|--------|-----------
GET      GET /api/v1/reservas                                                            6051    11(0.18%) |     17       7     556     12 |   25.70        0.00
POST     POST /api/v1/auth/login                                                           50     0(0.00%) |   4169    1329    5976   4300 |    0.00        0.00
--------|----------------------------------------------------------------------------|-------|-------------|-------|-------|-------|-------|--------|-----------
         Aggregated                                                                      6101    11(0.18%) |     51       7    5976     12 |   25.70        0.00

Type     Name                                                                          # reqs      # fails |    Avg     Min     Max    Med |   req/s  failures/s
--------|----------------------------------------------------------------------------|-------|-------------|-------|-------|-------|-------|--------|-----------
GET      GET /api/v1/reservas                                                            6102    11(0.18%) |     17       7     556     12 |   25.20        0.00
POST     POST /api/v1/auth/login                                                           50     0(0.00%) |   4169    1329    5976   4300 |    0.00        0.00
--------|----------------------------------------------------------------------------|-------|-------------|-------|-------|-------|-------|--------|-----------
         Aggregated                                                                      6152    11(0.18%) |     51       7    5976     12 |   25.20        0.00

Type     Name                                                                          # reqs      # fails |    Avg     Min     Max    Med |   req/s  failures/s
--------|----------------------------------------------------------------------------|-------|-------------|-------|-------|-------|-------|--------|-----------
GET      GET /api/v1/reservas                                                            6155    11(0.18%) |     17       7     556     12 |   25.10        0.00
POST     POST /api/v1/auth/login                                                           50     0(0.00%) |   4169    1329    5976   4300 |    0.00        0.00
--------|----------------------------------------------------------------------------|-------|-------------|-------|-------|-------|-------|--------|-----------
         Aggregated                                                                      6205    11(0.18%) |     51       7    5976     12 |   25.10        0.00

Type     Name                                                                          # reqs      # fails |    Avg     Min     Max    Med |   req/s  failures/s
--------|----------------------------------------------------------------------------|-------|-------------|-------|-------|-------|-------|--------|-----------
GET      GET /api/v1/reservas                                                            6215    11(0.18%) |     17       7     556     12 |   25.00        0.00
POST     POST /api/v1/auth/login                                                           50     0(0.00%) |   4169    1329    5976   4300 |    0.00        0.00
--------|----------------------------------------------------------------------------|-------|-------------|-------|-------|-------|-------|--------|-----------
         Aggregated                                                                      6265    11(0.18%) |     50       7    5976     12 |   25.00        0.00

Type     Name                                                                          # reqs      # fails |    Avg     Min     Max    Med |   req/s  failures/s
--------|----------------------------------------------------------------------------|-------|-------------|-------|-------|-------|-------|--------|-----------
GET      GET /api/v1/reservas                                                            6266    11(0.18%) |     17       7     556     12 |   25.20        0.00
POST     POST /api/v1/auth/login                                                           50     0(0.00%) |   4169    1329    5976   4300 |    0.00        0.00
--------|----------------------------------------------------------------------------|-------|-------------|-------|-------|-------|-------|--------|-----------
         Aggregated                                                                      6316    11(0.17%) |     50       7    5976     12 |   25.20        0.00

Type     Name                                                                          # reqs      # fails |    Avg     Min     Max    Med |   req/s  failures/s
--------|----------------------------------------------------------------------------|-------|-------------|-------|-------|-------|-------|--------|-----------
GET      GET /api/v1/reservas                                                            6318    11(0.17%) |     17       7     556     12 |   26.20        0.00
POST     POST /api/v1/auth/login                                                           50     0(0.00%) |   4169    1329    5976   4300 |    0.00        0.00
--------|----------------------------------------------------------------------------|-------|-------------|-------|-------|-------|-------|--------|-----------
         Aggregated                                                                      6368    11(0.17%) |     50       7    5976     12 |   26.20        0.00

Type     Name                                                                          # reqs      # fails |    Avg     Min     Max    Med |   req/s  failures/s
--------|----------------------------------------------------------------------------|-------|-------------|-------|-------|-------|-------|--------|-----------
GET      GET /api/v1/reservas                                                            6366    11(0.17%) |     17       7     556     12 |   26.10        0.00
POST     POST /api/v1/auth/login                                                           50     0(0.00%) |   4169    1329    5976   4300 |    0.00        0.00
--------|----------------------------------------------------------------------------|-------|-------------|-------|-------|-------|-------|--------|-----------
         Aggregated                                                                      6416    11(0.17%) |     49       7    5976     12 |   26.10        0.00

Type     Name                                                                          # reqs      # fails |    Avg     Min     Max    Med |   req/s  failures/s
--------|----------------------------------------------------------------------------|-------|-------------|-------|-------|-------|-------|--------|-----------
GET      GET /api/v1/reservas                                                            6418    11(0.17%) |     17       7     556     12 |   26.80        0.00
POST     POST /api/v1/auth/login                                                           50     0(0.00%) |   4169    1329    5976   4300 |    0.00        0.00
--------|----------------------------------------------------------------------------|-------|-------------|-------|-------|-------|-------|--------|-----------
         Aggregated                                                                      6468    11(0.17%) |     49       7    5976     12 |   26.80        0.00

Type     Name                                                                          # reqs      # fails |    Avg     Min     Max    Med |   req/s  failures/s
--------|----------------------------------------------------------------------------|-------|-------------|-------|-------|-------|-------|--------|-----------
GET      GET /api/v1/reservas                                                            6464    11(0.17%) |     17       7     556     12 |   26.50        0.00
POST     POST /api/v1/auth/login                                                           50     0(0.00%) |   4169    1329    5976   4300 |    0.00        0.00
--------|----------------------------------------------------------------------------|-------|-------------|-------|-------|-------|-------|--------|-----------
         Aggregated                                                                      6514    11(0.17%) |     49       7    5976     12 |   26.50        0.00

Type     Name                                                                          # reqs      # fails |    Avg     Min     Max    Med |   req/s  failures/s
--------|----------------------------------------------------------------------------|-------|-------------|-------|-------|-------|-------|--------|-----------
GET      GET /api/v1/reservas                                                            6517    11(0.17%) |     17       7     556     12 |   25.70        0.00
POST     POST /api/v1/auth/login                                                           50     0(0.00%) |   4169    1329    5976   4300 |    0.00        0.00
--------|----------------------------------------------------------------------------|-------|-------------|-------|-------|-------|-------|--------|-----------
         Aggregated                                                                      6567    11(0.17%) |     48       7    5976     12 |   25.70        0.00

Type     Name                                                                          # reqs      # fails |    Avg     Min     Max    Med |   req/s  failures/s
--------|----------------------------------------------------------------------------|-------|-------------|-------|-------|-------|-------|--------|-----------
GET      GET /api/v1/reservas                                                            6566    11(0.17%) |     17       7     556     12 |   24.60        0.00
POST     POST /api/v1/auth/login                                                           50     0(0.00%) |   4169    1329    5976   4300 |    0.00        0.00
--------|----------------------------------------------------------------------------|-------|-------------|-------|-------|-------|-------|--------|-----------
         Aggregated                                                                      6616    11(0.17%) |     48       7    5976     12 |   24.60        0.00

Type     Name                                                                          # reqs      # fails |    Avg     Min     Max    Med |   req/s  failures/s
--------|----------------------------------------------------------------------------|-------|-------------|-------|-------|-------|-------|--------|-----------
GET      GET /api/v1/reservas                                                            6622    11(0.17%) |     17       7     556     12 |   25.10        0.00
POST     POST /api/v1/auth/login                                                           50     0(0.00%) |   4169    1329    5976   4300 |    0.00        0.00
--------|----------------------------------------------------------------------------|-------|-------------|-------|-------|-------|-------|--------|-----------
         Aggregated                                                                      6672    11(0.16%) |     48       7    5976     12 |   25.10        0.00

Type     Name                                                                          # reqs      # fails |    Avg     Min     Max    Med |   req/s  failures/s
--------|----------------------------------------------------------------------------|-------|-------------|-------|-------|-------|-------|--------|-----------
GET      GET /api/v1/reservas                                                            6665    11(0.17%) |     17       7     556     12 |   25.00        0.00
POST     POST /api/v1/auth/login                                                           50     0(0.00%) |   4169    1329    5976   4300 |    0.00        0.00
--------|----------------------------------------------------------------------------|-------|-------------|-------|-------|-------|-------|--------|-----------
         Aggregated                                                                      6715    11(0.16%) |     48       7    5976     12 |   25.00        0.00

Type     Name                                                                          # reqs      # fails |    Avg     Min     Max    Med |   req/s  failures/s
--------|----------------------------------------------------------------------------|-------|-------------|-------|-------|-------|-------|--------|-----------
GET      GET /api/v1/reservas                                                            6718    11(0.16%) |     17       7     556     12 |   25.10        0.00
POST     POST /api/v1/auth/login                                                           50     0(0.00%) |   4169    1329    5976   4300 |    0.00        0.00
--------|----------------------------------------------------------------------------|-------|-------------|-------|-------|-------|-------|--------|-----------
         Aggregated                                                                      6768    11(0.16%) |     47       7    5976     12 |   25.10        0.00

Type     Name                                                                          # reqs      # fails |    Avg     Min     Max    Med |   req/s  failures/s
--------|----------------------------------------------------------------------------|-------|-------------|-------|-------|-------|-------|--------|-----------
GET      GET /api/v1/reservas                                                            6763    13(0.19%) |     17       7     556     12 |   25.40        0.00
POST     POST /api/v1/auth/login                                                           50     0(0.00%) |   4169    1329    5976   4300 |    0.00        0.00
--------|----------------------------------------------------------------------------|-------|-------------|-------|-------|-------|-------|--------|-----------
         Aggregated                                                                      6813    13(0.19%) |     48       7    5976     12 |   25.40        0.00

Type     Name                                                                          # reqs      # fails |    Avg     Min     Max    Med |   req/s  failures/s
--------|----------------------------------------------------------------------------|-------|-------------|-------|-------|-------|-------|--------|-----------
GET      GET /api/v1/reservas                                                            6817    26(0.38%) |     19       7     556     12 |   25.40        0.00
POST     POST /api/v1/auth/login                                                           50     0(0.00%) |   4169    1329    5976   4300 |    0.00        0.00
--------|----------------------------------------------------------------------------|-------|-------------|-------|-------|-------|-------|--------|-----------
         Aggregated                                                                      6867    26(0.38%) |     49       7    5976     12 |   25.40        0.00

Type     Name                                                                          # reqs      # fails |    Avg     Min     Max    Med |   req/s  failures/s
--------|----------------------------------------------------------------------------|-------|-------------|-------|-------|-------|-------|--------|-----------
GET      GET /api/v1/reservas                                                            6863    26(0.38%) |     19       7     556     12 |   24.70        0.80
POST     POST /api/v1/auth/login                                                           50     0(0.00%) |   4169    1329    5976   4300 |    0.00        0.00
--------|----------------------------------------------------------------------------|-------|-------------|-------|-------|-------|-------|--------|-----------
         Aggregated                                                                      6913    26(0.38%) |     49       7    5976     12 |   24.70        0.80

Type     Name                                                                          # reqs      # fails |    Avg     Min     Max    Med |   req/s  failures/s
--------|----------------------------------------------------------------------------|-------|-------------|-------|-------|-------|-------|--------|-----------
GET      GET /api/v1/reservas                                                            6913    26(0.38%) |     19       7     556     12 |   24.70        1.50
POST     POST /api/v1/auth/login                                                           50     0(0.00%) |   4169    1329    5976   4300 |    0.00        0.00
--------|----------------------------------------------------------------------------|-------|-------------|-------|-------|-------|-------|--------|-----------
         Aggregated                                                                      6963    26(0.37%) |     49       7    5976     12 |   24.70        1.50

Type     Name                                                                          # reqs      # fails |    Avg     Min     Max    Med |   req/s  failures/s
--------|----------------------------------------------------------------------------|-------|-------------|-------|-------|-------|-------|--------|-----------
GET      GET /api/v1/reservas                                                            6960    26(0.37%) |     19       7     556     12 |   24.10        1.50
POST     POST /api/v1/auth/login                                                           50     0(0.00%) |   4169    1329    5976   4300 |    0.00        0.00
--------|----------------------------------------------------------------------------|-------|-------------|-------|-------|-------|-------|--------|-----------
         Aggregated                                                                      7010    26(0.37%) |     48       7    5976     12 |   24.10        1.50

Type     Name                                                                          # reqs      # fails |    Avg     Min     Max    Med |   req/s  failures/s
--------|----------------------------------------------------------------------------|-------|-------------|-------|-------|-------|-------|--------|-----------
GET      GET /api/v1/reservas                                                            7016    26(0.37%) |     19       7     556     12 |   24.10        1.50
POST     POST /api/v1/auth/login                                                           50     0(0.00%) |   4169    1329    5976   4300 |    0.00        0.00
--------|----------------------------------------------------------------------------|-------|-------------|-------|-------|-------|-------|--------|-----------
         Aggregated                                                                      7066    26(0.37%) |     48       7    5976     12 |   24.10        1.50

Type     Name                                                                          # reqs      # fails |    Avg     Min     Max    Med |   req/s  failures/s
--------|----------------------------------------------------------------------------|-------|-------------|-------|-------|-------|-------|--------|-----------
GET      GET /api/v1/reservas                                                            7062    26(0.37%) |     19       7     556     12 |   24.50        1.50
POST     POST /api/v1/auth/login                                                           50     0(0.00%) |   4169    1329    5976   4300 |    0.00        0.00
--------|----------------------------------------------------------------------------|-------|-------------|-------|-------|-------|-------|--------|-----------
         Aggregated                                                                      7112    26(0.37%) |     48       7    5976     12 |   24.50        1.50

Type     Name                                                                          # reqs      # fails |    Avg     Min     Max    Med |   req/s  failures/s
--------|----------------------------------------------------------------------------|-------|-------------|-------|-------|-------|-------|--------|-----------
GET      GET /api/v1/reservas                                                            7112    26(0.37%) |     19       7     556     12 |   25.00        0.70
POST     POST /api/v1/auth/login                                                           50     0(0.00%) |   4169    1329    5976   4300 |    0.00        0.00
--------|----------------------------------------------------------------------------|-------|-------------|-------|-------|-------|-------|--------|-----------
         Aggregated                                                                      7162    26(0.36%) |     48       7    5976     12 |   25.00        0.70

Type     Name                                                                          # reqs      # fails |    Avg     Min     Max    Med |   req/s  failures/s
--------|----------------------------------------------------------------------------|-------|-------------|-------|-------|-------|-------|--------|-----------
GET      GET /api/v1/reservas                                                            7159    26(0.36%) |     19       7     556     12 |   24.80        0.00
POST     POST /api/v1/auth/login                                                           50     0(0.00%) |   4169    1329    5976   4300 |    0.00        0.00
--------|----------------------------------------------------------------------------|-------|-------------|-------|-------|-------|-------|--------|-----------
         Aggregated                                                                      7209    26(0.36%) |     47       7    5976     12 |   24.80        0.00

Type     Name                                                                          # reqs      # fails |    Avg     Min     Max    Med |   req/s  failures/s
--------|----------------------------------------------------------------------------|-------|-------------|-------|-------|-------|-------|--------|-----------
GET      GET /api/v1/reservas                                                            7212    26(0.36%) |     19       7     556     12 |   25.20        0.00
POST     POST /api/v1/auth/login                                                           50     0(0.00%) |   4169    1329    5976   4300 |    0.00        0.00
--------|----------------------------------------------------------------------------|-------|-------------|-------|-------|-------|-------|--------|-----------
         Aggregated                                                                      7262    26(0.36%) |     47       7    5976     12 |   25.20        0.00

Type     Name                                                                          # reqs      # fails |    Avg     Min     Max    Med |   req/s  failures/s
--------|----------------------------------------------------------------------------|-------|-------------|-------|-------|-------|-------|--------|-----------
GET      GET /api/v1/reservas                                                            7265    26(0.36%) |     18       7     556     12 |   25.20        0.00
POST     POST /api/v1/auth/login                                                           50     0(0.00%) |   4169    1329    5976   4300 |    0.00        0.00
--------|----------------------------------------------------------------------------|-------|-------------|-------|-------|-------|-------|--------|-----------
         Aggregated                                                                      7315    26(0.36%) |     47       7    5976     12 |   25.20        0.00

[2026-09-05 02:03:16,885] servidor-proyectos/INFO/locust.main: --run-time limit reached, shutting down
[2026-09-05 02:03:17,138] servidor-proyectos/INFO/locust.main: Shutting down (exit code 1)
Type     Name                                                                          # reqs      # fails |    Avg     Min     Max    Med |   req/s  failures/s
--------|----------------------------------------------------------------------------|-------|-------------|-------|-------|-------|-------|--------|-----------
GET      GET /api/v1/reservas                                                            7296    26(0.36%) |     18       7     556     12 |   24.34        0.09
POST     POST /api/v1/auth/login                                                           50     0(0.00%) |   4169    1329    5976   4300 |    0.17        0.00
--------|----------------------------------------------------------------------------|-------|-------------|-------|-------|-------|-------|--------|-----------
         Aggregated                                                                      7346    26(0.35%) |     47       7    5976     12 |   24.51        0.09

Response time percentiles (approximated)
Type     Name                                                                                  50%    66%    75%    80%    90%    95%    98%    99%  99.9% 99.99%   100% # reqs
--------|--------------------------------------------------------------------------------|--------|------|------|------|------|------|------|------|------|------|------|------
GET      GET /api/v1/reservas                                                                   12     13     15     16     23     40    110    190    440    560    560   7296
POST     POST /api/v1/auth/login                                                              4400   4800   5100   5300   5900   5900   6000   6000   6000   6000   6000     50
--------|--------------------------------------------------------------------------------|--------|------|------|------|------|------|------|------|------|------|------|------
         Aggregated                                                                             12     13     15     16     24     48    150    310   5600   6000   6000   7346

Error report
# occurrences      Error                                                                                               
------------------|---------------------------------------------------------------------------------------------------------------------------------------------
26                 GET GET /api/v1/reservas: HTTP esperado 200, recibido 500                                           
------------------|---------------------------------------------------------------------------------------------------------------------------------------------

