[2026-09-05 01:53:17,727] servidor-proyectos/INFO/locust.main: Starting Locust 2.46.4
[2026-09-05 01:53:17,729] servidor-proyectos/INFO/locust.main: Run time limit set to 300 seconds
Type     Name                                                                          # reqs      # fails |    Avg     Min     Max    Med |   req/s  failures/s
--------|----------------------------------------------------------------------------|-------|-------------|-------|-------|-------|-------|--------|-----------
--------|----------------------------------------------------------------------------|-------|-------------|-------|-------|-------|-------|--------|-----------
         Aggregated                                                                         0     0(0.00%) |      0       0       0      0 |    0.00        0.00

[2026-09-05 01:53:17,730] servidor-proyectos/INFO/locust.runners: Ramping to 50 users at a rate of 10.00 per second
Type     Name                                                                          # reqs      # fails |    Avg     Min     Max    Med |   req/s  failures/s
--------|----------------------------------------------------------------------------|-------|-------------|-------|-------|-------|-------|--------|-----------
GET      GET /api/v1/reservas                                                               4     0(0.00%) |     23      12      36     13 |    0.00        0.00
POST     POST /api/v1/auth/login                                                            4     0(0.00%) |   1657    1499    1854   1600 |    0.00        0.00
--------|----------------------------------------------------------------------------|-------|-------------|-------|-------|-------|-------|--------|-----------
         Aggregated                                                                         8     0(0.00%) |    840      12    1854     37 |    0.00        0.00

Type     Name                                                                          # reqs      # fails |    Avg     Min     Max    Med |   req/s  failures/s
--------|----------------------------------------------------------------------------|-------|-------------|-------|-------|-------|-------|--------|-----------
GET      GET /api/v1/reservas                                                              12     0(0.00%) |     19      11      36     17 |    0.00        0.00
POST     POST /api/v1/auth/login                                                           11     0(0.00%) |   2437    1499    3591   2300 |    0.00        0.00
--------|----------------------------------------------------------------------------|-------|-------------|-------|-------|-------|-------|--------|-----------
         Aggregated                                                                        23     0(0.00%) |   1176      11    3591     37 |    0.00        0.00

[2026-09-05 01:53:21,736] servidor-proyectos/INFO/locust.runners: All users spawned: {"ReservasUser": 50} (50 total users)
Type     Name                                                                          # reqs      # fails |    Avg     Min     Max    Med |   req/s  failures/s
--------|----------------------------------------------------------------------------|-------|-------------|-------|-------|-------|-------|--------|-----------
GET      GET /api/v1/reservas                                                              29     0(0.00%) |     21      11      38     18 |    2.00        0.00
POST     POST /api/v1/auth/login                                                           17     0(0.00%) |   2862    1499    4938   3000 |    2.00        0.00
--------|----------------------------------------------------------------------------|-------|-------------|-------|-------|-------|-------|--------|-----------
         Aggregated                                                                        46     0(0.00%) |   1071      11    4938     28 |    4.00        0.00

Type     Name                                                                          # reqs      # fails |    Avg     Min     Max    Med |   req/s  failures/s
--------|----------------------------------------------------------------------------|-------|-------------|-------|-------|-------|-------|--------|-----------
GET      GET /api/v1/reservas                                                              55     0(0.00%) |     43      11     233     24 |    4.00        0.00
POST     POST /api/v1/auth/login                                                           23     0(0.00%) |   3523    1499    6617   3300 |    2.50        0.00
--------|----------------------------------------------------------------------------|-------|-------------|-------|-------|-------|-------|--------|-----------
         Aggregated                                                                        78     0(0.00%) |   1069      11    6617     31 |    6.50        0.00

Type     Name                                                                          # reqs      # fails |    Avg     Min     Max    Med |   req/s  failures/s
--------|----------------------------------------------------------------------------|-------|-------------|-------|-------|-------|-------|--------|-----------
GET      GET /api/v1/reservas                                                              96     0(0.00%) |     34      11     233     18 |    5.25        0.00
POST     POST /api/v1/auth/login                                                           42     0(0.00%) |   4827    1499    7290   5200 |    2.38        0.00
--------|----------------------------------------------------------------------------|-------|-------------|-------|-------|-------|-------|--------|-----------
         Aggregated                                                                       138     0(0.00%) |   1493      11    7290     29 |    7.62        0.00

Type     Name                                                                          # reqs      # fails |    Avg     Min     Max    Med |   req/s  failures/s
--------|----------------------------------------------------------------------------|-------|-------------|-------|-------|-------|-------|--------|-----------
GET      GET /api/v1/reservas                                                             152     0(0.00%) |     29       9     233     17 |    8.10        0.00
POST     POST /api/v1/auth/login                                                           50     0(0.00%) |   5030    1499    7290   5800 |    3.60        0.00
--------|----------------------------------------------------------------------------|-------|-------------|-------|-------|-------|-------|--------|-----------
         Aggregated                                                                       202     0(0.00%) |   1267       9    7290     24 |   11.70        0.00

Type     Name                                                                          # reqs      # fails |    Avg     Min     Max    Med |   req/s  failures/s
--------|----------------------------------------------------------------------------|-------|-------------|-------|-------|-------|-------|--------|-----------
GET      GET /api/v1/reservas                                                             198     0(0.00%) |     25       9     233     14 |   12.80        0.00
POST     POST /api/v1/auth/login                                                           50     0(0.00%) |   5030    1499    7290   5800 |    5.00        0.00
--------|----------------------------------------------------------------------------|-------|-------------|-------|-------|-------|-------|--------|-----------
         Aggregated                                                                       248     0(0.00%) |   1034       9    7290     17 |   17.80        0.00

Type     Name                                                                          # reqs      # fails |    Avg     Min     Max    Med |   req/s  failures/s
--------|----------------------------------------------------------------------------|-------|-------------|-------|-------|-------|-------|--------|-----------
GET      GET /api/v1/reservas                                                             249     0(0.00%) |     22       9     233     13 |   17.50        0.00
POST     POST /api/v1/auth/login                                                           50     0(0.00%) |   5030    1499    7290   5800 |    4.20        0.00
--------|----------------------------------------------------------------------------|-------|-------------|-------|-------|-------|-------|--------|-----------
         Aggregated                                                                       299     0(0.00%) |    860       9    7290     15 |   21.70        0.00

Type     Name                                                                          # reqs      # fails |    Avg     Min     Max    Med |   req/s  failures/s
--------|----------------------------------------------------------------------------|-------|-------------|-------|-------|-------|-------|--------|-----------
GET      GET /api/v1/reservas                                                             291     0(0.00%) |     21       9     233     13 |   20.10        0.00
POST     POST /api/v1/auth/login                                                           50     0(0.00%) |   5030    1499    7290   5800 |    3.50        0.00
--------|----------------------------------------------------------------------------|-------|-------------|-------|-------|-------|-------|--------|-----------
         Aggregated                                                                       341     0(0.00%) |    756       9    7290     14 |   23.60        0.00

Type     Name                                                                          # reqs      # fails |    Avg     Min     Max    Med |   req/s  failures/s
--------|----------------------------------------------------------------------------|-------|-------------|-------|-------|-------|-------|--------|-----------
GET      GET /api/v1/reservas                                                             344     0(0.00%) |     20       8     233     13 |   23.50        0.00
POST     POST /api/v1/auth/login                                                           50     0(0.00%) |   5030    1499    7290   5800 |    3.10        0.00
--------|----------------------------------------------------------------------------|-------|-------------|-------|-------|-------|-------|--------|-----------
         Aggregated                                                                       394     0(0.00%) |    656       8    7290     14 |   26.60        0.00

Type     Name                                                                          # reqs      # fails |    Avg     Min     Max    Med |   req/s  failures/s
--------|----------------------------------------------------------------------------|-------|-------------|-------|-------|-------|-------|--------|-----------
GET      GET /api/v1/reservas                                                             400     0(0.00%) |     18       8     233     13 |   25.20        0.00
POST     POST /api/v1/auth/login                                                           50     0(0.00%) |   5030    1499    7290   5800 |    1.40        0.00
--------|----------------------------------------------------------------------------|-------|-------------|-------|-------|-------|-------|--------|-----------
         Aggregated                                                                       450     0(0.00%) |    575       8    7290     13 |   26.60        0.00

Type     Name                                                                          # reqs      # fails |    Avg     Min     Max    Med |   req/s  failures/s
--------|----------------------------------------------------------------------------|-------|-------------|-------|-------|-------|-------|--------|-----------
GET      GET /api/v1/reservas                                                             452     0(0.00%) |     18       8     233     12 |   25.00        0.00
POST     POST /api/v1/auth/login                                                           50     0(0.00%) |   5030    1499    7290   5800 |    0.00        0.00
--------|----------------------------------------------------------------------------|-------|-------------|-------|-------|-------|-------|--------|-----------
         Aggregated                                                                       502     0(0.00%) |    517       8    7290     13 |   25.00        0.00

Type     Name                                                                          # reqs      # fails |    Avg     Min     Max    Med |   req/s  failures/s
--------|----------------------------------------------------------------------------|-------|-------------|-------|-------|-------|-------|--------|-----------
GET      GET /api/v1/reservas                                                             499     0(0.00%) |     17       8     233     12 |   24.30        0.00
POST     POST /api/v1/auth/login                                                           50     0(0.00%) |   5030    1499    7290   5800 |    0.00        0.00
--------|----------------------------------------------------------------------------|-------|-------------|-------|-------|-------|-------|--------|-----------
         Aggregated                                                                       549     0(0.00%) |    474       8    7290     13 |   24.30        0.00

Type     Name                                                                          # reqs      # fails |    Avg     Min     Max    Med |   req/s  failures/s
--------|----------------------------------------------------------------------------|-------|-------------|-------|-------|-------|-------|--------|-----------
GET      GET /api/v1/reservas                                                             548     0(0.00%) |     17       8     233     12 |   25.10        0.00
POST     POST /api/v1/auth/login                                                           50     0(0.00%) |   5030    1499    7290   5800 |    0.00        0.00
--------|----------------------------------------------------------------------------|-------|-------------|-------|-------|-------|-------|--------|-----------
         Aggregated                                                                       598     0(0.00%) |    436       8    7290     13 |   25.10        0.00

Type     Name                                                                          # reqs      # fails |    Avg     Min     Max    Med |   req/s  failures/s
--------|----------------------------------------------------------------------------|-------|-------------|-------|-------|-------|-------|--------|-----------
GET      GET /api/v1/reservas                                                             596     0(0.00%) |     17       8     233     12 |   25.40        0.00
POST     POST /api/v1/auth/login                                                           50     0(0.00%) |   5030    1499    7290   5800 |    0.00        0.00
--------|----------------------------------------------------------------------------|-------|-------------|-------|-------|-------|-------|--------|-----------
         Aggregated                                                                       646     0(0.00%) |    405       8    7290     13 |   25.40        0.00

Type     Name                                                                          # reqs      # fails |    Avg     Min     Max    Med |   req/s  failures/s
--------|----------------------------------------------------------------------------|-------|-------------|-------|-------|-------|-------|--------|-----------
GET      GET /api/v1/reservas                                                             650     0(0.00%) |     17       8     233     12 |   24.90        0.00
POST     POST /api/v1/auth/login                                                           50     0(0.00%) |   5030    1499    7290   5800 |    0.00        0.00
--------|----------------------------------------------------------------------------|-------|-------------|-------|-------|-------|-------|--------|-----------
         Aggregated                                                                       700     0(0.00%) |    375       8    7290     13 |   24.90        0.00

Type     Name                                                                          # reqs      # fails |    Avg     Min     Max    Med |   req/s  failures/s
--------|----------------------------------------------------------------------------|-------|-------------|-------|-------|-------|-------|--------|-----------
GET      GET /api/v1/reservas                                                             700     0(0.00%) |     16       8     233     12 |   25.30        0.00
POST     POST /api/v1/auth/login                                                           50     0(0.00%) |   5030    1499    7290   5800 |    0.00        0.00
--------|----------------------------------------------------------------------------|-------|-------------|-------|-------|-------|-------|--------|-----------
         Aggregated                                                                       750     0(0.00%) |    351       8    7290     13 |   25.30        0.00

Type     Name                                                                          # reqs      # fails |    Avg     Min     Max    Med |   req/s  failures/s
--------|----------------------------------------------------------------------------|-------|-------------|-------|-------|-------|-------|--------|-----------
GET      GET /api/v1/reservas                                                             752     0(0.00%) |     16       8     233     12 |   25.60        0.00
POST     POST /api/v1/auth/login                                                           50     0(0.00%) |   5030    1499    7290   5800 |    0.00        0.00
--------|----------------------------------------------------------------------------|-------|-------------|-------|-------|-------|-------|--------|-----------
         Aggregated                                                                       802     0(0.00%) |    329       8    7290     12 |   25.60        0.00

Type     Name                                                                          # reqs      # fails |    Avg     Min     Max    Med |   req/s  failures/s
--------|----------------------------------------------------------------------------|-------|-------------|-------|-------|-------|-------|--------|-----------
GET      GET /api/v1/reservas                                                             801     0(0.00%) |     16       8     233     12 |   25.70        0.00
POST     POST /api/v1/auth/login                                                           50     0(0.00%) |   5030    1499    7290   5800 |    0.00        0.00
--------|----------------------------------------------------------------------------|-------|-------------|-------|-------|-------|-------|--------|-----------
         Aggregated                                                                       851     0(0.00%) |    310       8    7290     12 |   25.70        0.00

Type     Name                                                                          # reqs      # fails |    Avg     Min     Max    Med |   req/s  failures/s
--------|----------------------------------------------------------------------------|-------|-------------|-------|-------|-------|-------|--------|-----------
GET      GET /api/v1/reservas                                                             852     0(0.00%) |     16       8     233     12 |   24.90        0.00
POST     POST /api/v1/auth/login                                                           50     0(0.00%) |   5030    1499    7290   5800 |    0.00        0.00
--------|----------------------------------------------------------------------------|-------|-------------|-------|-------|-------|-------|--------|-----------
         Aggregated                                                                       902     0(0.00%) |    294       8    7290     12 |   24.90        0.00

Type     Name                                                                          # reqs      # fails |    Avg     Min     Max    Med |   req/s  failures/s
--------|----------------------------------------------------------------------------|-------|-------------|-------|-------|-------|-------|--------|-----------
GET      GET /api/v1/reservas                                                             900     0(0.00%) |     15       8     233     12 |   24.50        0.00
POST     POST /api/v1/auth/login                                                           50     0(0.00%) |   5030    1499    7290   5800 |    0.00        0.00
--------|----------------------------------------------------------------------------|-------|-------------|-------|-------|-------|-------|--------|-----------
         Aggregated                                                                       950     0(0.00%) |    279       8    7290     12 |   24.50        0.00

Type     Name                                                                          # reqs      # fails |    Avg     Min     Max    Med |   req/s  failures/s
--------|----------------------------------------------------------------------------|-------|-------------|-------|-------|-------|-------|--------|-----------
GET      GET /api/v1/reservas                                                             949     0(0.00%) |     15       8     233     12 |   24.80        0.00
POST     POST /api/v1/auth/login                                                           50     0(0.00%) |   5030    1499    7290   5800 |    0.00        0.00
--------|----------------------------------------------------------------------------|-------|-------------|-------|-------|-------|-------|--------|-----------
         Aggregated                                                                       999     0(0.00%) |    266       8    7290     12 |   24.80        0.00

Type     Name                                                                          # reqs      # fails |    Avg     Min     Max    Med |   req/s  failures/s
--------|----------------------------------------------------------------------------|-------|-------------|-------|-------|-------|-------|--------|-----------
GET      GET /api/v1/reservas                                                             997     0(0.00%) |     15       8     233     12 |   24.70        0.00
POST     POST /api/v1/auth/login                                                           50     0(0.00%) |   5030    1499    7290   5800 |    0.00        0.00
--------|----------------------------------------------------------------------------|-------|-------------|-------|-------|-------|-------|--------|-----------
         Aggregated                                                                      1047     0(0.00%) |    255       8    7290     12 |   24.70        0.00

Type     Name                                                                          # reqs      # fails |    Avg     Min     Max    Med |   req/s  failures/s
--------|----------------------------------------------------------------------------|-------|-------------|-------|-------|-------|-------|--------|-----------
GET      GET /api/v1/reservas                                                            1045     0(0.00%) |     15       8     233     12 |   24.20        0.00
POST     POST /api/v1/auth/login                                                           50     0(0.00%) |   5030    1499    7290   5800 |    0.00        0.00
--------|----------------------------------------------------------------------------|-------|-------------|-------|-------|-------|-------|--------|-----------
         Aggregated                                                                      1095     0(0.00%) |    244       8    7290     12 |   24.20        0.00

Type     Name                                                                          # reqs      # fails |    Avg     Min     Max    Med |   req/s  failures/s
--------|----------------------------------------------------------------------------|-------|-------------|-------|-------|-------|-------|--------|-----------
GET      GET /api/v1/reservas                                                            1095     0(0.00%) |     15       8     233     12 |   24.60        0.00
POST     POST /api/v1/auth/login                                                           50     0(0.00%) |   5030    1499    7290   5800 |    0.00        0.00
--------|----------------------------------------------------------------------------|-------|-------------|-------|-------|-------|-------|--------|-----------
         Aggregated                                                                      1145     0(0.00%) |    234       8    7290     12 |   24.60        0.00

Type     Name                                                                          # reqs      # fails |    Avg     Min     Max    Med |   req/s  failures/s
--------|----------------------------------------------------------------------------|-------|-------------|-------|-------|-------|-------|--------|-----------
GET      GET /api/v1/reservas                                                            1150     0(0.00%) |     15       8     233     12 |   25.00        0.00
POST     POST /api/v1/auth/login                                                           50     0(0.00%) |   5030    1499    7290   5800 |    0.00        0.00
--------|----------------------------------------------------------------------------|-------|-------------|-------|-------|-------|-------|--------|-----------
         Aggregated                                                                      1200     0(0.00%) |    224       8    7290     12 |   25.00        0.00

Type     Name                                                                          # reqs      # fails |    Avg     Min     Max    Med |   req/s  failures/s
--------|----------------------------------------------------------------------------|-------|-------------|-------|-------|-------|-------|--------|-----------
GET      GET /api/v1/reservas                                                            1196     0(0.00%) |     15       8     233     12 |   25.40        0.00
POST     POST /api/v1/auth/login                                                           50     0(0.00%) |   5030    1499    7290   5800 |    0.00        0.00
--------|----------------------------------------------------------------------------|-------|-------------|-------|-------|-------|-------|--------|-----------
         Aggregated                                                                      1246     0(0.00%) |    216       8    7290     12 |   25.40        0.00

Type     Name                                                                          # reqs      # fails |    Avg     Min     Max    Med |   req/s  failures/s
--------|----------------------------------------------------------------------------|-------|-------------|-------|-------|-------|-------|--------|-----------
GET      GET /api/v1/reservas                                                            1247     0(0.00%) |     15       8     233     12 |   24.80        0.00
POST     POST /api/v1/auth/login                                                           50     0(0.00%) |   5030    1499    7290   5800 |    0.00        0.00
--------|----------------------------------------------------------------------------|-------|-------------|-------|-------|-------|-------|--------|-----------
         Aggregated                                                                      1297     0(0.00%) |    208       8    7290     12 |   24.80        0.00

Type     Name                                                                          # reqs      # fails |    Avg     Min     Max    Med |   req/s  failures/s
--------|----------------------------------------------------------------------------|-------|-------------|-------|-------|-------|-------|--------|-----------
GET      GET /api/v1/reservas                                                            1297     0(0.00%) |     14       8     233     12 |   25.40        0.00
POST     POST /api/v1/auth/login                                                           50     0(0.00%) |   5030    1499    7290   5800 |    0.00        0.00
--------|----------------------------------------------------------------------------|-------|-------------|-------|-------|-------|-------|--------|-----------
         Aggregated                                                                      1347     0(0.00%) |    201       8    7290     12 |   25.40        0.00

Type     Name                                                                          # reqs      # fails |    Avg     Min     Max    Med |   req/s  failures/s
--------|----------------------------------------------------------------------------|-------|-------------|-------|-------|-------|-------|--------|-----------
GET      GET /api/v1/reservas                                                            1352     0(0.00%) |     14       8     233     12 |   26.00        0.00
POST     POST /api/v1/auth/login                                                           50     0(0.00%) |   5030    1499    7290   5800 |    0.00        0.00
--------|----------------------------------------------------------------------------|-------|-------------|-------|-------|-------|-------|--------|-----------
         Aggregated                                                                      1402     0(0.00%) |    193       8    7290     12 |   26.00        0.00

Type     Name                                                                          # reqs      # fails |    Avg     Min     Max    Med |   req/s  failures/s
--------|----------------------------------------------------------------------------|-------|-------------|-------|-------|-------|-------|--------|-----------
GET      GET /api/v1/reservas                                                            1402     0(0.00%) |     14       8     233     12 |   25.70        0.00
POST     POST /api/v1/auth/login                                                           50     0(0.00%) |   5030    1499    7290   5800 |    0.00        0.00
--------|----------------------------------------------------------------------------|-------|-------------|-------|-------|-------|-------|--------|-----------
         Aggregated                                                                      1452     0(0.00%) |    187       8    7290     12 |   25.70        0.00

Type     Name                                                                          # reqs      # fails |    Avg     Min     Max    Med |   req/s  failures/s
--------|----------------------------------------------------------------------------|-------|-------------|-------|-------|-------|-------|--------|-----------
GET      GET /api/v1/reservas                                                            1447     0(0.00%) |     14       8     233     12 |   24.50        0.00
POST     POST /api/v1/auth/login                                                           50     0(0.00%) |   5030    1499    7290   5800 |    0.00        0.00
--------|----------------------------------------------------------------------------|-------|-------------|-------|-------|-------|-------|--------|-----------
         Aggregated                                                                      1497     0(0.00%) |    182       8    7290     12 |   24.50        0.00

Type     Name                                                                          # reqs      # fails |    Avg     Min     Max    Med |   req/s  failures/s
--------|----------------------------------------------------------------------------|-------|-------------|-------|-------|-------|-------|--------|-----------
GET      GET /api/v1/reservas                                                            1494     0(0.00%) |     14       8     233     12 |   25.20        0.00
POST     POST /api/v1/auth/login                                                           50     0(0.00%) |   5030    1499    7290   5800 |    0.00        0.00
--------|----------------------------------------------------------------------------|-------|-------------|-------|-------|-------|-------|--------|-----------
         Aggregated                                                                      1544     0(0.00%) |    177       8    7290     12 |   25.20        0.00

Type     Name                                                                          # reqs      # fails |    Avg     Min     Max    Med |   req/s  failures/s
--------|----------------------------------------------------------------------------|-------|-------------|-------|-------|-------|-------|--------|-----------
GET      GET /api/v1/reservas                                                            1548     0(0.00%) |     16       8     233     12 |   25.40        0.00
POST     POST /api/v1/auth/login                                                           50     0(0.00%) |   5030    1499    7290   5800 |    0.00        0.00
--------|----------------------------------------------------------------------------|-------|-------------|-------|-------|-------|-------|--------|-----------
         Aggregated                                                                      1598     0(0.00%) |    173       8    7290     12 |   25.40        0.00

Type     Name                                                                          # reqs      # fails |    Avg     Min     Max    Med |   req/s  failures/s
--------|----------------------------------------------------------------------------|-------|-------------|-------|-------|-------|-------|--------|-----------
GET      GET /api/v1/reservas                                                            1596     0(0.00%) |     17       8     233     12 |   24.00        0.00
POST     POST /api/v1/auth/login                                                           50     0(0.00%) |   5030    1499    7290   5800 |    0.00        0.00
--------|----------------------------------------------------------------------------|-------|-------------|-------|-------|-------|-------|--------|-----------
         Aggregated                                                                      1646     0(0.00%) |    170       8    7290     12 |   24.00        0.00

Type     Name                                                                          # reqs      # fails |    Avg     Min     Max    Med |   req/s  failures/s
--------|----------------------------------------------------------------------------|-------|-------------|-------|-------|-------|-------|--------|-----------
GET      GET /api/v1/reservas                                                            1641     0(0.00%) |     17       8     233     12 |   24.30        0.00
POST     POST /api/v1/auth/login                                                           50     0(0.00%) |   5030    1499    7290   5800 |    0.00        0.00
--------|----------------------------------------------------------------------------|-------|-------------|-------|-------|-------|-------|--------|-----------
         Aggregated                                                                      1691     0(0.00%) |    166       8    7290     12 |   24.30        0.00

Type     Name                                                                          # reqs      # fails |    Avg     Min     Max    Med |   req/s  failures/s
--------|----------------------------------------------------------------------------|-------|-------------|-------|-------|-------|-------|--------|-----------
GET      GET /api/v1/reservas                                                            1692     0(0.00%) |     17       8     233     12 |   24.90        0.00
POST     POST /api/v1/auth/login                                                           50     0(0.00%) |   5030    1499    7290   5800 |    0.00        0.00
--------|----------------------------------------------------------------------------|-------|-------------|-------|-------|-------|-------|--------|-----------
         Aggregated                                                                      1742     0(0.00%) |    161       8    7290     12 |   24.90        0.00

Type     Name                                                                          # reqs      # fails |    Avg     Min     Max    Med |   req/s  failures/s
--------|----------------------------------------------------------------------------|-------|-------------|-------|-------|-------|-------|--------|-----------
GET      GET /api/v1/reservas                                                            1740     0(0.00%) |     17       8     233     12 |   24.00        0.00
POST     POST /api/v1/auth/login                                                           50     0(0.00%) |   5030    1499    7290   5800 |    0.00        0.00
--------|----------------------------------------------------------------------------|-------|-------------|-------|-------|-------|-------|--------|-----------
         Aggregated                                                                      1790     0(0.00%) |    157       8    7290     12 |   24.00        0.00

Type     Name                                                                          # reqs      # fails |    Avg     Min     Max    Med |   req/s  failures/s
--------|----------------------------------------------------------------------------|-------|-------------|-------|-------|-------|-------|--------|-----------
GET      GET /api/v1/reservas                                                            1788     0(0.00%) |     17       8     233     12 |   23.70        0.00
POST     POST /api/v1/auth/login                                                           50     0(0.00%) |   5030    1499    7290   5800 |    0.00        0.00
--------|----------------------------------------------------------------------------|-------|-------------|-------|-------|-------|-------|--------|-----------
         Aggregated                                                                      1838     0(0.00%) |    153       8    7290     12 |   23.70        0.00

Type     Name                                                                          # reqs      # fails |    Avg     Min     Max    Med |   req/s  failures/s
--------|----------------------------------------------------------------------------|-------|-------------|-------|-------|-------|-------|--------|-----------
GET      GET /api/v1/reservas                                                            1835     0(0.00%) |     17       8     233     12 |   24.30        0.00
POST     POST /api/v1/auth/login                                                           50     0(0.00%) |   5030    1499    7290   5800 |    0.00        0.00
--------|----------------------------------------------------------------------------|-------|-------------|-------|-------|-------|-------|--------|-----------
         Aggregated                                                                      1885     0(0.00%) |    150       8    7290     12 |   24.30        0.00

Type     Name                                                                          # reqs      # fails |    Avg     Min     Max    Med |   req/s  failures/s
--------|----------------------------------------------------------------------------|-------|-------------|-------|-------|-------|-------|--------|-----------
GET      GET /api/v1/reservas                                                            1888     0(0.00%) |     17       7     233     12 |   24.30        0.00
POST     POST /api/v1/auth/login                                                           50     0(0.00%) |   5030    1499    7290   5800 |    0.00        0.00
--------|----------------------------------------------------------------------------|-------|-------------|-------|-------|-------|-------|--------|-----------
         Aggregated                                                                      1938     0(0.00%) |    146       7    7290     12 |   24.30        0.00

Type     Name                                                                          # reqs      # fails |    Avg     Min     Max    Med |   req/s  failures/s
--------|----------------------------------------------------------------------------|-------|-------------|-------|-------|-------|-------|--------|-----------
GET      GET /api/v1/reservas                                                            1941     0(0.00%) |     16       7     233     12 |   23.80        0.00
POST     POST /api/v1/auth/login                                                           50     0(0.00%) |   5030    1499    7290   5800 |    0.00        0.00
--------|----------------------------------------------------------------------------|-------|-------------|-------|-------|-------|-------|--------|-----------
         Aggregated                                                                      1991     0(0.00%) |    142       7    7290     12 |   23.80        0.00

Type     Name                                                                          # reqs      # fails |    Avg     Min     Max    Med |   req/s  failures/s
--------|----------------------------------------------------------------------------|-------|-------------|-------|-------|-------|-------|--------|-----------
GET      GET /api/v1/reservas                                                            1985     0(0.00%) |     16       7     233     12 |   24.90        0.00
POST     POST /api/v1/auth/login                                                           50     0(0.00%) |   5030    1499    7290   5800 |    0.00        0.00
--------|----------------------------------------------------------------------------|-------|-------------|-------|-------|-------|-------|--------|-----------
         Aggregated                                                                      2035     0(0.00%) |    140       7    7290     12 |   24.90        0.00

Type     Name                                                                          # reqs      # fails |    Avg     Min     Max    Med |   req/s  failures/s
--------|----------------------------------------------------------------------------|-------|-------------|-------|-------|-------|-------|--------|-----------
GET      GET /api/v1/reservas                                                            2042     0(0.00%) |     16       7     233     12 |   24.60        0.00
POST     POST /api/v1/auth/login                                                           50     0(0.00%) |   5030    1499    7290   5800 |    0.00        0.00
--------|----------------------------------------------------------------------------|-------|-------------|-------|-------|-------|-------|--------|-----------
         Aggregated                                                                      2092     0(0.00%) |    136       7    7290     12 |   24.60        0.00

Type     Name                                                                          # reqs      # fails |    Avg     Min     Max    Med |   req/s  failures/s
--------|----------------------------------------------------------------------------|-------|-------------|-------|-------|-------|-------|--------|-----------
GET      GET /api/v1/reservas                                                            2091     0(0.00%) |     16       7     233     12 |   25.30        0.00
POST     POST /api/v1/auth/login                                                           50     0(0.00%) |   5030    1499    7290   5800 |    0.00        0.00
--------|----------------------------------------------------------------------------|-------|-------------|-------|-------|-------|-------|--------|-----------
         Aggregated                                                                      2141     0(0.00%) |    133       7    7290     12 |   25.30        0.00

Type     Name                                                                          # reqs      # fails |    Avg     Min     Max    Med |   req/s  failures/s
--------|----------------------------------------------------------------------------|-------|-------------|-------|-------|-------|-------|--------|-----------
GET      GET /api/v1/reservas                                                            2143     0(0.00%) |     16       7     233     12 |   24.40        0.00
POST     POST /api/v1/auth/login                                                           50     0(0.00%) |   5030    1499    7290   5800 |    0.00        0.00
--------|----------------------------------------------------------------------------|-------|-------------|-------|-------|-------|-------|--------|-----------
         Aggregated                                                                      2193     0(0.00%) |    130       7    7290     12 |   24.40        0.00

Type     Name                                                                          # reqs      # fails |    Avg     Min     Max    Med |   req/s  failures/s
--------|----------------------------------------------------------------------------|-------|-------------|-------|-------|-------|-------|--------|-----------
GET      GET /api/v1/reservas                                                            2186     0(0.00%) |     16       7     233     12 |   24.80        0.00
POST     POST /api/v1/auth/login                                                           50     0(0.00%) |   5030    1499    7290   5800 |    0.00        0.00
--------|----------------------------------------------------------------------------|-------|-------------|-------|-------|-------|-------|--------|-----------
         Aggregated                                                                      2236     0(0.00%) |    128       7    7290     12 |   24.80        0.00

Type     Name                                                                          # reqs      # fails |    Avg     Min     Max    Med |   req/s  failures/s
--------|----------------------------------------------------------------------------|-------|-------------|-------|-------|-------|-------|--------|-----------
GET      GET /api/v1/reservas                                                            2240     0(0.00%) |     16       7     233     12 |   24.80        0.00
POST     POST /api/v1/auth/login                                                           50     0(0.00%) |   5030    1499    7290   5800 |    0.00        0.00
--------|----------------------------------------------------------------------------|-------|-------------|-------|-------|-------|-------|--------|-----------
         Aggregated                                                                      2290     0(0.00%) |    125       7    7290     12 |   24.80        0.00

Type     Name                                                                          # reqs      # fails |    Avg     Min     Max    Med |   req/s  failures/s
--------|----------------------------------------------------------------------------|-------|-------------|-------|-------|-------|-------|--------|-----------
GET      GET /api/v1/reservas                                                            2289     0(0.00%) |     16       7     233     12 |   25.10        0.00
POST     POST /api/v1/auth/login                                                           50     0(0.00%) |   5030    1499    7290   5800 |    0.00        0.00
--------|----------------------------------------------------------------------------|-------|-------------|-------|-------|-------|-------|--------|-----------
         Aggregated                                                                      2339     0(0.00%) |    123       7    7290     12 |   25.10        0.00

Type     Name                                                                          # reqs      # fails |    Avg     Min     Max    Med |   req/s  failures/s
--------|----------------------------------------------------------------------------|-------|-------------|-------|-------|-------|-------|--------|-----------
GET      GET /api/v1/reservas                                                            2339     0(0.00%) |     16       6     233     12 |   24.40        0.00
POST     POST /api/v1/auth/login                                                           50     0(0.00%) |   5030    1499    7290   5800 |    0.00        0.00
--------|----------------------------------------------------------------------------|-------|-------------|-------|-------|-------|-------|--------|-----------
         Aggregated                                                                      2389     0(0.00%) |    121       6    7290     12 |   24.40        0.00

Type     Name                                                                          # reqs      # fails |    Avg     Min     Max    Med |   req/s  failures/s
--------|----------------------------------------------------------------------------|-------|-------------|-------|-------|-------|-------|--------|-----------
GET      GET /api/v1/reservas                                                            2401     0(0.00%) |     16       6     233     12 |   25.80        0.00
POST     POST /api/v1/auth/login                                                           50     0(0.00%) |   5030    1499    7290   5800 |    0.00        0.00
--------|----------------------------------------------------------------------------|-------|-------------|-------|-------|-------|-------|--------|-----------
         Aggregated                                                                      2451     0(0.00%) |    118       6    7290     12 |   25.80        0.00

Type     Name                                                                          # reqs      # fails |    Avg     Min     Max    Med |   req/s  failures/s
--------|----------------------------------------------------------------------------|-------|-------------|-------|-------|-------|-------|--------|-----------
GET      GET /api/v1/reservas                                                            2445     0(0.00%) |     16       6     233     12 |   25.30        0.00
POST     POST /api/v1/auth/login                                                           50     0(0.00%) |   5030    1499    7290   5800 |    0.00        0.00
--------|----------------------------------------------------------------------------|-------|-------------|-------|-------|-------|-------|--------|-----------
         Aggregated                                                                      2495     0(0.00%) |    116       6    7290     12 |   25.30        0.00

Type     Name                                                                          # reqs      # fails |    Avg     Min     Max    Med |   req/s  failures/s
--------|----------------------------------------------------------------------------|-------|-------------|-------|-------|-------|-------|--------|-----------
GET      GET /api/v1/reservas                                                            2489     0(0.00%) |     15       6     233     12 |   25.40        0.00
POST     POST /api/v1/auth/login                                                           50     0(0.00%) |   5030    1499    7290   5800 |    0.00        0.00
--------|----------------------------------------------------------------------------|-------|-------------|-------|-------|-------|-------|--------|-----------
         Aggregated                                                                      2539     0(0.00%) |    114       6    7290     12 |   25.40        0.00

Type     Name                                                                          # reqs      # fails |    Avg     Min     Max    Med |   req/s  failures/s
--------|----------------------------------------------------------------------------|-------|-------------|-------|-------|-------|-------|--------|-----------
GET      GET /api/v1/reservas                                                            2540     0(0.00%) |     15       6     233     12 |   25.20        0.00
POST     POST /api/v1/auth/login                                                           50     0(0.00%) |   5030    1499    7290   5800 |    0.00        0.00
--------|----------------------------------------------------------------------------|-------|-------------|-------|-------|-------|-------|--------|-----------
         Aggregated                                                                      2590     0(0.00%) |    112       6    7290     12 |   25.20        0.00

Type     Name                                                                          # reqs      # fails |    Avg     Min     Max    Med |   req/s  failures/s
--------|----------------------------------------------------------------------------|-------|-------------|-------|-------|-------|-------|--------|-----------
GET      GET /api/v1/reservas                                                            2588     0(0.00%) |     15       6     233     12 |   25.30        0.00
POST     POST /api/v1/auth/login                                                           50     0(0.00%) |   5030    1499    7290   5800 |    0.00        0.00
--------|----------------------------------------------------------------------------|-------|-------------|-------|-------|-------|-------|--------|-----------
         Aggregated                                                                      2638     0(0.00%) |    110       6    7290     12 |   25.30        0.00

Type     Name                                                                          # reqs      # fails |    Avg     Min     Max    Med |   req/s  failures/s
--------|----------------------------------------------------------------------------|-------|-------------|-------|-------|-------|-------|--------|-----------
GET      GET /api/v1/reservas                                                            2642     0(0.00%) |     15       6     233     12 |   24.10        0.00
POST     POST /api/v1/auth/login                                                           50     0(0.00%) |   5030    1499    7290   5800 |    0.00        0.00
--------|----------------------------------------------------------------------------|-------|-------------|-------|-------|-------|-------|--------|-----------
         Aggregated                                                                      2692     0(0.00%) |    108       6    7290     12 |   24.10        0.00

Type     Name                                                                          # reqs      # fails |    Avg     Min     Max    Med |   req/s  failures/s
--------|----------------------------------------------------------------------------|-------|-------------|-------|-------|-------|-------|--------|-----------
GET      GET /api/v1/reservas                                                            2686     0(0.00%) |     15       6     233     12 |   25.10        0.00
POST     POST /api/v1/auth/login                                                           50     0(0.00%) |   5030    1499    7290   5800 |    0.00        0.00
--------|----------------------------------------------------------------------------|-------|-------------|-------|-------|-------|-------|--------|-----------
         Aggregated                                                                      2736     0(0.00%) |    107       6    7290     12 |   25.10        0.00

Type     Name                                                                          # reqs      # fails |    Avg     Min     Max    Med |   req/s  failures/s
--------|----------------------------------------------------------------------------|-------|-------------|-------|-------|-------|-------|--------|-----------
GET      GET /api/v1/reservas                                                            2739     0(0.00%) |     15       6     233     12 |   24.50        0.00
POST     POST /api/v1/auth/login                                                           50     0(0.00%) |   5030    1499    7290   5800 |    0.00        0.00
--------|----------------------------------------------------------------------------|-------|-------------|-------|-------|-------|-------|--------|-----------
         Aggregated                                                                      2789     0(0.00%) |    105       6    7290     12 |   24.50        0.00

Type     Name                                                                          # reqs      # fails |    Avg     Min     Max    Med |   req/s  failures/s
--------|----------------------------------------------------------------------------|-------|-------------|-------|-------|-------|-------|--------|-----------
GET      GET /api/v1/reservas                                                            2794     0(0.00%) |     15       6     233     12 |   24.60        0.00
POST     POST /api/v1/auth/login                                                           50     0(0.00%) |   5030    1499    7290   5800 |    0.00        0.00
--------|----------------------------------------------------------------------------|-------|-------------|-------|-------|-------|-------|--------|-----------
         Aggregated                                                                      2844     0(0.00%) |    103       6    7290     12 |   24.60        0.00

Type     Name                                                                          # reqs      # fails |    Avg     Min     Max    Med |   req/s  failures/s
--------|----------------------------------------------------------------------------|-------|-------------|-------|-------|-------|-------|--------|-----------
GET      GET /api/v1/reservas                                                            2838     0(0.00%) |     15       6     233     12 |   25.00        0.00
POST     POST /api/v1/auth/login                                                           50     0(0.00%) |   5030    1499    7290   5800 |    0.00        0.00
--------|----------------------------------------------------------------------------|-------|-------------|-------|-------|-------|-------|--------|-----------
         Aggregated                                                                      2888     0(0.00%) |    102       6    7290     12 |   25.00        0.00

Type     Name                                                                          # reqs      # fails |    Avg     Min     Max    Med |   req/s  failures/s
--------|----------------------------------------------------------------------------|-------|-------------|-------|-------|-------|-------|--------|-----------
GET      GET /api/v1/reservas                                                            2890     0(0.00%) |     15       6     233     12 |   25.20        0.00
POST     POST /api/v1/auth/login                                                           50     0(0.00%) |   5030    1499    7290   5800 |    0.00        0.00
--------|----------------------------------------------------------------------------|-------|-------------|-------|-------|-------|-------|--------|-----------
         Aggregated                                                                      2940     0(0.00%) |    100       6    7290     12 |   25.20        0.00

Type     Name                                                                          # reqs      # fails |    Avg     Min     Max    Med |   req/s  failures/s
--------|----------------------------------------------------------------------------|-------|-------------|-------|-------|-------|-------|--------|-----------
GET      GET /api/v1/reservas                                                            2938     0(0.00%) |     15       6     233     12 |   25.10        0.00
POST     POST /api/v1/auth/login                                                           50     0(0.00%) |   5030    1499    7290   5800 |    0.00        0.00
--------|----------------------------------------------------------------------------|-------|-------------|-------|-------|-------|-------|--------|-----------
         Aggregated                                                                      2988     0(0.00%) |     99       6    7290     12 |   25.10        0.00

Type     Name                                                                          # reqs      # fails |    Avg     Min     Max    Med |   req/s  failures/s
--------|----------------------------------------------------------------------------|-------|-------------|-------|-------|-------|-------|--------|-----------
GET      GET /api/v1/reservas                                                            2995     0(0.00%) |     15       6     233     12 |   25.30        0.00
POST     POST /api/v1/auth/login                                                           50     0(0.00%) |   5030    1499    7290   5800 |    0.00        0.00
--------|----------------------------------------------------------------------------|-------|-------------|-------|-------|-------|-------|--------|-----------
         Aggregated                                                                      3045     0(0.00%) |     97       6    7290     12 |   25.30        0.00

Type     Name                                                                          # reqs      # fails |    Avg     Min     Max    Med |   req/s  failures/s
--------|----------------------------------------------------------------------------|-------|-------------|-------|-------|-------|-------|--------|-----------
GET      GET /api/v1/reservas                                                            3044     0(0.00%) |     15       6     233     12 |   25.60        0.00
POST     POST /api/v1/auth/login                                                           50     0(0.00%) |   5030    1499    7290   5800 |    0.00        0.00
--------|----------------------------------------------------------------------------|-------|-------------|-------|-------|-------|-------|--------|-----------
         Aggregated                                                                      3094     0(0.00%) |     96       6    7290     12 |   25.60        0.00

Type     Name                                                                          # reqs      # fails |    Avg     Min     Max    Med |   req/s  failures/s
--------|----------------------------------------------------------------------------|-------|-------------|-------|-------|-------|-------|--------|-----------
GET      GET /api/v1/reservas                                                            3093     0(0.00%) |     15       6     233     12 |   25.30        0.00
POST     POST /api/v1/auth/login                                                           50     0(0.00%) |   5030    1499    7290   5800 |    0.00        0.00
--------|----------------------------------------------------------------------------|-------|-------------|-------|-------|-------|-------|--------|-----------
         Aggregated                                                                      3143     0(0.00%) |     95       6    7290     12 |   25.30        0.00

Type     Name                                                                          # reqs      # fails |    Avg     Min     Max    Med |   req/s  failures/s
--------|----------------------------------------------------------------------------|-------|-------------|-------|-------|-------|-------|--------|-----------
GET      GET /api/v1/reservas                                                            3140     0(0.00%) |     15       6     233     12 |   26.20        0.00
POST     POST /api/v1/auth/login                                                           50     0(0.00%) |   5030    1499    7290   5800 |    0.00        0.00
--------|----------------------------------------------------------------------------|-------|-------------|-------|-------|-------|-------|--------|-----------
         Aggregated                                                                      3190     0(0.00%) |     93       6    7290     12 |   26.20        0.00

Type     Name                                                                          # reqs      # fails |    Avg     Min     Max    Med |   req/s  failures/s
--------|----------------------------------------------------------------------------|-------|-------------|-------|-------|-------|-------|--------|-----------
GET      GET /api/v1/reservas                                                            3189     0(0.00%) |     15       6     233     12 |   24.90        0.00
POST     POST /api/v1/auth/login                                                           50     0(0.00%) |   5030    1499    7290   5800 |    0.00        0.00
--------|----------------------------------------------------------------------------|-------|-------------|-------|-------|-------|-------|--------|-----------
         Aggregated                                                                      3239     0(0.00%) |     92       6    7290     12 |   24.90        0.00

Type     Name                                                                          # reqs      # fails |    Avg     Min     Max    Med |   req/s  failures/s
--------|----------------------------------------------------------------------------|-------|-------------|-------|-------|-------|-------|--------|-----------
GET      GET /api/v1/reservas                                                            3242     0(0.00%) |     15       6     233     12 |   25.30        0.00
POST     POST /api/v1/auth/login                                                           50     0(0.00%) |   5030    1499    7290   5800 |    0.00        0.00
--------|----------------------------------------------------------------------------|-------|-------------|-------|-------|-------|-------|--------|-----------
         Aggregated                                                                      3292     0(0.00%) |     91       6    7290     12 |   25.30        0.00

Type     Name                                                                          # reqs      # fails |    Avg     Min     Max    Med |   req/s  failures/s
--------|----------------------------------------------------------------------------|-------|-------------|-------|-------|-------|-------|--------|-----------
GET      GET /api/v1/reservas                                                            3288     0(0.00%) |     15       6     233     12 |   24.70        0.00
POST     POST /api/v1/auth/login                                                           50     0(0.00%) |   5030    1499    7290   5800 |    0.00        0.00
--------|----------------------------------------------------------------------------|-------|-------------|-------|-------|-------|-------|--------|-----------
         Aggregated                                                                      3338     0(0.00%) |     90       6    7290     12 |   24.70        0.00

Type     Name                                                                          # reqs      # fails |    Avg     Min     Max    Med |   req/s  failures/s
--------|----------------------------------------------------------------------------|-------|-------------|-------|-------|-------|-------|--------|-----------
GET      GET /api/v1/reservas                                                            3339     0(0.00%) |     15       6     233     12 |   24.70        0.00
POST     POST /api/v1/auth/login                                                           50     0(0.00%) |   5030    1499    7290   5800 |    0.00        0.00
--------|----------------------------------------------------------------------------|-------|-------------|-------|-------|-------|-------|--------|-----------
         Aggregated                                                                      3389     0(0.00%) |     89       6    7290     12 |   24.70        0.00

Type     Name                                                                          # reqs      # fails |    Avg     Min     Max    Med |   req/s  failures/s
--------|----------------------------------------------------------------------------|-------|-------------|-------|-------|-------|-------|--------|-----------
GET      GET /api/v1/reservas                                                            3388     0(0.00%) |     15       6     233     12 |   24.40        0.00
POST     POST /api/v1/auth/login                                                           50     0(0.00%) |   5030    1499    7290   5800 |    0.00        0.00
--------|----------------------------------------------------------------------------|-------|-------------|-------|-------|-------|-------|--------|-----------
         Aggregated                                                                      3438     0(0.00%) |     87       6    7290     12 |   24.40        0.00

Type     Name                                                                          # reqs      # fails |    Avg     Min     Max    Med |   req/s  failures/s
--------|----------------------------------------------------------------------------|-------|-------------|-------|-------|-------|-------|--------|-----------
GET      GET /api/v1/reservas                                                            3436     0(0.00%) |     14       6     233     12 |   25.10        0.00
POST     POST /api/v1/auth/login                                                           50     0(0.00%) |   5030    1499    7290   5800 |    0.00        0.00
--------|----------------------------------------------------------------------------|-------|-------------|-------|-------|-------|-------|--------|-----------
         Aggregated                                                                      3486     0(0.00%) |     86       6    7290     12 |   25.10        0.00

Type     Name                                                                          # reqs      # fails |    Avg     Min     Max    Med |   req/s  failures/s
--------|----------------------------------------------------------------------------|-------|-------------|-------|-------|-------|-------|--------|-----------
GET      GET /api/v1/reservas                                                            3489     0(0.00%) |     14       6     233     12 |   24.50        0.00
POST     POST /api/v1/auth/login                                                           50     0(0.00%) |   5030    1499    7290   5800 |    0.00        0.00
--------|----------------------------------------------------------------------------|-------|-------------|-------|-------|-------|-------|--------|-----------
         Aggregated                                                                      3539     0(0.00%) |     85       6    7290     12 |   24.50        0.00

Type     Name                                                                          # reqs      # fails |    Avg     Min     Max    Med |   req/s  failures/s
--------|----------------------------------------------------------------------------|-------|-------------|-------|-------|-------|-------|--------|-----------
GET      GET /api/v1/reservas                                                            3539     0(0.00%) |     14       6     233     12 |   24.20        0.00
POST     POST /api/v1/auth/login                                                           50     0(0.00%) |   5030    1499    7290   5800 |    0.00        0.00
--------|----------------------------------------------------------------------------|-------|-------------|-------|-------|-------|-------|--------|-----------
         Aggregated                                                                      3589     0(0.00%) |     84       6    7290     12 |   24.20        0.00

Type     Name                                                                          # reqs      # fails |    Avg     Min     Max    Med |   req/s  failures/s
--------|----------------------------------------------------------------------------|-------|-------------|-------|-------|-------|-------|--------|-----------
GET      GET /api/v1/reservas                                                            3589     0(0.00%) |     14       6     233     12 |   24.60        0.00
POST     POST /api/v1/auth/login                                                           50     0(0.00%) |   5030    1499    7290   5800 |    0.00        0.00
--------|----------------------------------------------------------------------------|-------|-------------|-------|-------|-------|-------|--------|-----------
         Aggregated                                                                      3639     0(0.00%) |     83       6    7290     12 |   24.60        0.00

Type     Name                                                                          # reqs      # fails |    Avg     Min     Max    Med |   req/s  failures/s
--------|----------------------------------------------------------------------------|-------|-------------|-------|-------|-------|-------|--------|-----------
GET      GET /api/v1/reservas                                                            3639     0(0.00%) |     14       6     233     12 |   24.40        0.00
POST     POST /api/v1/auth/login                                                           50     0(0.00%) |   5030    1499    7290   5800 |    0.00        0.00
--------|----------------------------------------------------------------------------|-------|-------------|-------|-------|-------|-------|--------|-----------
         Aggregated                                                                      3689     0(0.00%) |     82       6    7290     12 |   24.40        0.00

Type     Name                                                                          # reqs      # fails |    Avg     Min     Max    Med |   req/s  failures/s
--------|----------------------------------------------------------------------------|-------|-------------|-------|-------|-------|-------|--------|-----------
GET      GET /api/v1/reservas                                                            3694     0(0.00%) |     14       6     233     12 |   25.00        0.00
POST     POST /api/v1/auth/login                                                           50     0(0.00%) |   5030    1499    7290   5800 |    0.00        0.00
--------|----------------------------------------------------------------------------|-------|-------------|-------|-------|-------|-------|--------|-----------
         Aggregated                                                                      3744     0(0.00%) |     81       6    7290     12 |   25.00        0.00

Type     Name                                                                          # reqs      # fails |    Avg     Min     Max    Med |   req/s  failures/s
--------|----------------------------------------------------------------------------|-------|-------------|-------|-------|-------|-------|--------|-----------
GET      GET /api/v1/reservas                                                            3745     0(0.00%) |     14       6     233     12 |   25.50        0.00
POST     POST /api/v1/auth/login                                                           50     0(0.00%) |   5030    1499    7290   5800 |    0.00        0.00
--------|----------------------------------------------------------------------------|-------|-------------|-------|-------|-------|-------|--------|-----------
         Aggregated                                                                      3795     0(0.00%) |     80       6    7290     12 |   25.50        0.00

Type     Name                                                                          # reqs      # fails |    Avg     Min     Max    Med |   req/s  failures/s
--------|----------------------------------------------------------------------------|-------|-------------|-------|-------|-------|-------|--------|-----------
GET      GET /api/v1/reservas                                                            3792     0(0.00%) |     14       6     233     12 |   26.10        0.00
POST     POST /api/v1/auth/login                                                           50     0(0.00%) |   5030    1499    7290   5800 |    0.00        0.00
--------|----------------------------------------------------------------------------|-------|-------------|-------|-------|-------|-------|--------|-----------
         Aggregated                                                                      3842     0(0.00%) |     80       6    7290     12 |   26.10        0.00

Type     Name                                                                          # reqs      # fails |    Avg     Min     Max    Med |   req/s  failures/s
--------|----------------------------------------------------------------------------|-------|-------------|-------|-------|-------|-------|--------|-----------
GET      GET /api/v1/reservas                                                            3836     0(0.00%) |     14       6     233     12 |   25.40        0.00
POST     POST /api/v1/auth/login                                                           50     0(0.00%) |   5030    1499    7290   5800 |    0.00        0.00
--------|----------------------------------------------------------------------------|-------|-------------|-------|-------|-------|-------|--------|-----------
         Aggregated                                                                      3886     0(0.00%) |     79       6    7290     12 |   25.40        0.00

Type     Name                                                                          # reqs      # fails |    Avg     Min     Max    Med |   req/s  failures/s
--------|----------------------------------------------------------------------------|-------|-------------|-------|-------|-------|-------|--------|-----------
GET      GET /api/v1/reservas                                                            3890     0(0.00%) |     14       6     233     12 |   25.60        0.00
POST     POST /api/v1/auth/login                                                           50     0(0.00%) |   5030    1499    7290   5800 |    0.00        0.00
--------|----------------------------------------------------------------------------|-------|-------------|-------|-------|-------|-------|--------|-----------
         Aggregated                                                                      3940     0(0.00%) |     78       6    7290     12 |   25.60        0.00

Type     Name                                                                          # reqs      # fails |    Avg     Min     Max    Med |   req/s  failures/s
--------|----------------------------------------------------------------------------|-------|-------------|-------|-------|-------|-------|--------|-----------
GET      GET /api/v1/reservas                                                            3939     0(0.00%) |     14       6     233     12 |   24.60        0.00
POST     POST /api/v1/auth/login                                                           50     0(0.00%) |   5030    1499    7290   5800 |    0.00        0.00
--------|----------------------------------------------------------------------------|-------|-------------|-------|-------|-------|-------|--------|-----------
         Aggregated                                                                      3989     0(0.00%) |     77       6    7290     12 |   24.60        0.00

Type     Name                                                                          # reqs      # fails |    Avg     Min     Max    Med |   req/s  failures/s
--------|----------------------------------------------------------------------------|-------|-------------|-------|-------|-------|-------|--------|-----------
GET      GET /api/v1/reservas                                                            3990     0(0.00%) |     14       6     233     12 |   24.60        0.00
POST     POST /api/v1/auth/login                                                           50     0(0.00%) |   5030    1499    7290   5800 |    0.00        0.00
--------|----------------------------------------------------------------------------|-------|-------------|-------|-------|-------|-------|--------|-----------
         Aggregated                                                                      4040     0(0.00%) |     76       6    7290     12 |   24.60        0.00

Type     Name                                                                          # reqs      # fails |    Avg     Min     Max    Med |   req/s  failures/s
--------|----------------------------------------------------------------------------|-------|-------------|-------|-------|-------|-------|--------|-----------
GET      GET /api/v1/reservas                                                            4036     0(0.00%) |     14       6     233     12 |   24.80        0.00
POST     POST /api/v1/auth/login                                                           50     0(0.00%) |   5030    1499    7290   5800 |    0.00        0.00
--------|----------------------------------------------------------------------------|-------|-------------|-------|-------|-------|-------|--------|-----------
         Aggregated                                                                      4086     0(0.00%) |     76       6    7290     12 |   24.80        0.00

Type     Name                                                                          # reqs      # fails |    Avg     Min     Max    Med |   req/s  failures/s
--------|----------------------------------------------------------------------------|-------|-------------|-------|-------|-------|-------|--------|-----------
GET      GET /api/v1/reservas                                                            4086     0(0.00%) |     14       6     233     12 |   24.80        0.00
POST     POST /api/v1/auth/login                                                           50     0(0.00%) |   5030    1499    7290   5800 |    0.00        0.00
--------|----------------------------------------------------------------------------|-------|-------------|-------|-------|-------|-------|--------|-----------
         Aggregated                                                                      4136     0(0.00%) |     75       6    7290     12 |   24.80        0.00

Type     Name                                                                          # reqs      # fails |    Avg     Min     Max    Med |   req/s  failures/s
--------|----------------------------------------------------------------------------|-------|-------------|-------|-------|-------|-------|--------|-----------
GET      GET /api/v1/reservas                                                            4134     0(0.00%) |     14       6     233     12 |   24.30        0.00
POST     POST /api/v1/auth/login                                                           50     0(0.00%) |   5030    1499    7290   5800 |    0.00        0.00
--------|----------------------------------------------------------------------------|-------|-------------|-------|-------|-------|-------|--------|-----------
         Aggregated                                                                      4184     0(0.00%) |     74       6    7290     12 |   24.30        0.00

Type     Name                                                                          # reqs      # fails |    Avg     Min     Max    Med |   req/s  failures/s
--------|----------------------------------------------------------------------------|-------|-------------|-------|-------|-------|-------|--------|-----------
GET      GET /api/v1/reservas                                                            4181     0(0.00%) |     14       6     233     12 |   24.90        0.00
POST     POST /api/v1/auth/login                                                           50     0(0.00%) |   5030    1499    7290   5800 |    0.00        0.00
--------|----------------------------------------------------------------------------|-------|-------------|-------|-------|-------|-------|--------|-----------
         Aggregated                                                                      4231     0(0.00%) |     73       6    7290     12 |   24.90        0.00

Type     Name                                                                          # reqs      # fails |    Avg     Min     Max    Med |   req/s  failures/s
--------|----------------------------------------------------------------------------|-------|-------------|-------|-------|-------|-------|--------|-----------
GET      GET /api/v1/reservas                                                            4233     0(0.00%) |     14       6     233     12 |   24.30        0.00
POST     POST /api/v1/auth/login                                                           50     0(0.00%) |   5030    1499    7290   5800 |    0.00        0.00
--------|----------------------------------------------------------------------------|-------|-------------|-------|-------|-------|-------|--------|-----------
         Aggregated                                                                      4283     0(0.00%) |     73       6    7290     12 |   24.30        0.00

Type     Name                                                                          # reqs      # fails |    Avg     Min     Max    Med |   req/s  failures/s
--------|----------------------------------------------------------------------------|-------|-------------|-------|-------|-------|-------|--------|-----------
GET      GET /api/v1/reservas                                                            4280     0(0.00%) |     14       6     233     12 |   23.60        0.00
POST     POST /api/v1/auth/login                                                           50     0(0.00%) |   5030    1499    7290   5800 |    0.00        0.00
--------|----------------------------------------------------------------------------|-------|-------------|-------|-------|-------|-------|--------|-----------
         Aggregated                                                                      4330     0(0.00%) |     72       6    7290     12 |   23.60        0.00

Type     Name                                                                          # reqs      # fails |    Avg     Min     Max    Med |   req/s  failures/s
--------|----------------------------------------------------------------------------|-------|-------------|-------|-------|-------|-------|--------|-----------
GET      GET /api/v1/reservas                                                            4327     0(0.00%) |     14       6     233     12 |   23.90        0.00
POST     POST /api/v1/auth/login                                                           50     0(0.00%) |   5030    1499    7290   5800 |    0.00        0.00
--------|----------------------------------------------------------------------------|-------|-------------|-------|-------|-------|-------|--------|-----------
         Aggregated                                                                      4377     0(0.00%) |     71       6    7290     12 |   23.90        0.00

Type     Name                                                                          # reqs      # fails |    Avg     Min     Max    Med |   req/s  failures/s
--------|----------------------------------------------------------------------------|-------|-------------|-------|-------|-------|-------|--------|-----------
GET      GET /api/v1/reservas                                                            4377     0(0.00%) |     14       6     233     12 |   24.40        0.00
POST     POST /api/v1/auth/login                                                           50     0(0.00%) |   5030    1499    7290   5800 |    0.00        0.00
--------|----------------------------------------------------------------------------|-------|-------------|-------|-------|-------|-------|--------|-----------
         Aggregated                                                                      4427     0(0.00%) |     71       6    7290     12 |   24.40        0.00

Type     Name                                                                          # reqs      # fails |    Avg     Min     Max    Med |   req/s  failures/s
--------|----------------------------------------------------------------------------|-------|-------------|-------|-------|-------|-------|--------|-----------
GET      GET /api/v1/reservas                                                            4430     0(0.00%) |     14       6     233     12 |   24.10        0.00
POST     POST /api/v1/auth/login                                                           50     0(0.00%) |   5030    1499    7290   5800 |    0.00        0.00
--------|----------------------------------------------------------------------------|-------|-------------|-------|-------|-------|-------|--------|-----------
         Aggregated                                                                      4480     0(0.00%) |     70       6    7290     12 |   24.10        0.00

Type     Name                                                                          # reqs      # fails |    Avg     Min     Max    Med |   req/s  failures/s
--------|----------------------------------------------------------------------------|-------|-------------|-------|-------|-------|-------|--------|-----------
GET      GET /api/v1/reservas                                                            4486     0(0.00%) |     14       6     233     12 |   25.30        0.00
POST     POST /api/v1/auth/login                                                           50     0(0.00%) |   5030    1499    7290   5800 |    0.00        0.00
--------|----------------------------------------------------------------------------|-------|-------------|-------|-------|-------|-------|--------|-----------
         Aggregated                                                                      4536     0(0.00%) |     69       6    7290     12 |   25.30        0.00

Type     Name                                                                          # reqs      # fails |    Avg     Min     Max    Med |   req/s  failures/s
--------|----------------------------------------------------------------------------|-------|-------------|-------|-------|-------|-------|--------|-----------
GET      GET /api/v1/reservas                                                            4533     0(0.00%) |     14       6     233     12 |   25.30        0.00
POST     POST /api/v1/auth/login                                                           50     0(0.00%) |   5030    1499    7290   5800 |    0.00        0.00
--------|----------------------------------------------------------------------------|-------|-------------|-------|-------|-------|-------|--------|-----------
         Aggregated                                                                      4583     0(0.00%) |     69       6    7290     12 |   25.30        0.00

Type     Name                                                                          # reqs      # fails |    Avg     Min     Max    Med |   req/s  failures/s
--------|----------------------------------------------------------------------------|-------|-------------|-------|-------|-------|-------|--------|-----------
GET      GET /api/v1/reservas                                                            4582     0(0.00%) |     14       6     233     12 |   25.10        0.00
POST     POST /api/v1/auth/login                                                           50     0(0.00%) |   5030    1499    7290   5800 |    0.00        0.00
--------|----------------------------------------------------------------------------|-------|-------------|-------|-------|-------|-------|--------|-----------
         Aggregated                                                                      4632     0(0.00%) |     68       6    7290     12 |   25.10        0.00

Type     Name                                                                          # reqs      # fails |    Avg     Min     Max    Med |   req/s  failures/s
--------|----------------------------------------------------------------------------|-------|-------------|-------|-------|-------|-------|--------|-----------
GET      GET /api/v1/reservas                                                            4625     0(0.00%) |     14       6     233     12 |   24.70        0.00
POST     POST /api/v1/auth/login                                                           50     0(0.00%) |   5030    1499    7290   5800 |    0.00        0.00
--------|----------------------------------------------------------------------------|-------|-------------|-------|-------|-------|-------|--------|-----------
         Aggregated                                                                      4675     0(0.00%) |     68       6    7290     12 |   24.70        0.00

Type     Name                                                                          # reqs      # fails |    Avg     Min     Max    Med |   req/s  failures/s
--------|----------------------------------------------------------------------------|-------|-------------|-------|-------|-------|-------|--------|-----------
GET      GET /api/v1/reservas                                                            4676     0(0.00%) |     14       6     233     12 |   25.00        0.00
POST     POST /api/v1/auth/login                                                           50     0(0.00%) |   5030    1499    7290   5800 |    0.00        0.00
--------|----------------------------------------------------------------------------|-------|-------------|-------|-------|-------|-------|--------|-----------
         Aggregated                                                                      4726     0(0.00%) |     67       6    7290     12 |   25.00        0.00

Type     Name                                                                          # reqs      # fails |    Avg     Min     Max    Med |   req/s  failures/s
--------|----------------------------------------------------------------------------|-------|-------------|-------|-------|-------|-------|--------|-----------
GET      GET /api/v1/reservas                                                            4728     0(0.00%) |     14       6     233     12 |   24.30        0.00
POST     POST /api/v1/auth/login                                                           50     0(0.00%) |   5030    1499    7290   5800 |    0.00        0.00
--------|----------------------------------------------------------------------------|-------|-------------|-------|-------|-------|-------|--------|-----------
         Aggregated                                                                      4778     0(0.00%) |     67       6    7290     12 |   24.30        0.00

Type     Name                                                                          # reqs      # fails |    Avg     Min     Max    Med |   req/s  failures/s
--------|----------------------------------------------------------------------------|-------|-------------|-------|-------|-------|-------|--------|-----------
GET      GET /api/v1/reservas                                                            4780     0(0.00%) |     15       6     233     12 |   24.80        0.00
POST     POST /api/v1/auth/login                                                           50     0(0.00%) |   5030    1499    7290   5800 |    0.00        0.00
--------|----------------------------------------------------------------------------|-------|-------------|-------|-------|-------|-------|--------|-----------
         Aggregated                                                                      4830     0(0.00%) |     66       6    7290     12 |   24.80        0.00

Type     Name                                                                          # reqs      # fails |    Avg     Min     Max    Med |   req/s  failures/s
--------|----------------------------------------------------------------------------|-------|-------------|-------|-------|-------|-------|--------|-----------
GET      GET /api/v1/reservas                                                            4817     0(0.00%) |     15       6     260     12 |   24.70        0.00
POST     POST /api/v1/auth/login                                                           50     0(0.00%) |   5030    1499    7290   5800 |    0.00        0.00
--------|----------------------------------------------------------------------------|-------|-------------|-------|-------|-------|-------|--------|-----------
         Aggregated                                                                      4867     0(0.00%) |     66       6    7290     12 |   24.70        0.00

Type     Name                                                                          # reqs      # fails |    Avg     Min     Max    Med |   req/s  failures/s
--------|----------------------------------------------------------------------------|-------|-------------|-------|-------|-------|-------|--------|-----------
GET      GET /api/v1/reservas                                                            4877     0(0.00%) |     15       6     260     12 |   24.60        0.00
POST     POST /api/v1/auth/login                                                           50     0(0.00%) |   5030    1499    7290   5800 |    0.00        0.00
--------|----------------------------------------------------------------------------|-------|-------------|-------|-------|-------|-------|--------|-----------
         Aggregated                                                                      4927     0(0.00%) |     66       6    7290     12 |   24.60        0.00

Type     Name                                                                          # reqs      # fails |    Avg     Min     Max    Med |   req/s  failures/s
--------|----------------------------------------------------------------------------|-------|-------------|-------|-------|-------|-------|--------|-----------
GET      GET /api/v1/reservas                                                            4927     0(0.00%) |     15       6     260     12 |   24.80        0.00
POST     POST /api/v1/auth/login                                                           50     0(0.00%) |   5030    1499    7290   5800 |    0.00        0.00
--------|----------------------------------------------------------------------------|-------|-------------|-------|-------|-------|-------|--------|-----------
         Aggregated                                                                      4977     0(0.00%) |     66       6    7290     12 |   24.80        0.00

Type     Name                                                                          # reqs      # fails |    Avg     Min     Max    Med |   req/s  failures/s
--------|----------------------------------------------------------------------------|-------|-------------|-------|-------|-------|-------|--------|-----------
GET      GET /api/v1/reservas                                                            4975     0(0.00%) |     15       6     260     12 |   24.60        0.00
POST     POST /api/v1/auth/login                                                           50     0(0.00%) |   5030    1499    7290   5800 |    0.00        0.00
--------|----------------------------------------------------------------------------|-------|-------------|-------|-------|-------|-------|--------|-----------
         Aggregated                                                                      5025     0(0.00%) |     65       6    7290     12 |   24.60        0.00

Type     Name                                                                          # reqs      # fails |    Avg     Min     Max    Med |   req/s  failures/s
--------|----------------------------------------------------------------------------|-------|-------------|-------|-------|-------|-------|--------|-----------
GET      GET /api/v1/reservas                                                            5024     0(0.00%) |     15       6     260     12 |   24.60        0.00
POST     POST /api/v1/auth/login                                                           50     0(0.00%) |   5030    1499    7290   5800 |    0.00        0.00
--------|----------------------------------------------------------------------------|-------|-------------|-------|-------|-------|-------|--------|-----------
         Aggregated                                                                      5074     0(0.00%) |     65       6    7290     12 |   24.60        0.00

Type     Name                                                                          # reqs      # fails |    Avg     Min     Max    Med |   req/s  failures/s
--------|----------------------------------------------------------------------------|-------|-------------|-------|-------|-------|-------|--------|-----------
GET      GET /api/v1/reservas                                                            5071     0(0.00%) |     15       6     260     12 |   24.70        0.00
POST     POST /api/v1/auth/login                                                           50     0(0.00%) |   5030    1499    7290   5800 |    0.00        0.00
--------|----------------------------------------------------------------------------|-------|-------------|-------|-------|-------|-------|--------|-----------
         Aggregated                                                                      5121     0(0.00%) |     64       6    7290     12 |   24.70        0.00

Type     Name                                                                          # reqs      # fails |    Avg     Min     Max    Med |   req/s  failures/s
--------|----------------------------------------------------------------------------|-------|-------------|-------|-------|-------|-------|--------|-----------
GET      GET /api/v1/reservas                                                            5123     0(0.00%) |     15       6     260     12 |   25.00        0.00
POST     POST /api/v1/auth/login                                                           50     0(0.00%) |   5030    1499    7290   5800 |    0.00        0.00
--------|----------------------------------------------------------------------------|-------|-------------|-------|-------|-------|-------|--------|-----------
         Aggregated                                                                      5173     0(0.00%) |     64       6    7290     12 |   25.00        0.00

Type     Name                                                                          # reqs      # fails |    Avg     Min     Max    Med |   req/s  failures/s
--------|----------------------------------------------------------------------------|-------|-------------|-------|-------|-------|-------|--------|-----------
GET      GET /api/v1/reservas                                                            5167     0(0.00%) |     15       6     260     12 |   24.90        0.00
POST     POST /api/v1/auth/login                                                           50     0(0.00%) |   5030    1499    7290   5800 |    0.00        0.00
--------|----------------------------------------------------------------------------|-------|-------------|-------|-------|-------|-------|--------|-----------
         Aggregated                                                                      5217     0(0.00%) |     63       6    7290     12 |   24.90        0.00

Type     Name                                                                          # reqs      # fails |    Avg     Min     Max    Med |   req/s  failures/s
--------|----------------------------------------------------------------------------|-------|-------------|-------|-------|-------|-------|--------|-----------
GET      GET /api/v1/reservas                                                            5220     0(0.00%) |     15       6     260     12 |   24.30        0.00
POST     POST /api/v1/auth/login                                                           50     0(0.00%) |   5030    1499    7290   5800 |    0.00        0.00
--------|----------------------------------------------------------------------------|-------|-------------|-------|-------|-------|-------|--------|-----------
         Aggregated                                                                      5270     0(0.00%) |     63       6    7290     12 |   24.30        0.00

Type     Name                                                                          # reqs      # fails |    Avg     Min     Max    Med |   req/s  failures/s
--------|----------------------------------------------------------------------------|-------|-------------|-------|-------|-------|-------|--------|-----------
GET      GET /api/v1/reservas                                                            5261     0(0.00%) |     15       6     260     12 |   24.30        0.00
POST     POST /api/v1/auth/login                                                           50     0(0.00%) |   5030    1499    7290   5800 |    0.00        0.00
--------|----------------------------------------------------------------------------|-------|-------------|-------|-------|-------|-------|--------|-----------
         Aggregated                                                                      5311     0(0.00%) |     62       6    7290     12 |   24.30        0.00

Type     Name                                                                          # reqs      # fails |    Avg     Min     Max    Med |   req/s  failures/s
--------|----------------------------------------------------------------------------|-------|-------------|-------|-------|-------|-------|--------|-----------
GET      GET /api/v1/reservas                                                            5315     0(0.00%) |     15       6     260     12 |   24.40        0.00
POST     POST /api/v1/auth/login                                                           50     0(0.00%) |   5030    1499    7290   5800 |    0.00        0.00
--------|----------------------------------------------------------------------------|-------|-------------|-------|-------|-------|-------|--------|-----------
         Aggregated                                                                      5365     0(0.00%) |     62       6    7290     12 |   24.40        0.00

Type     Name                                                                          # reqs      # fails |    Avg     Min     Max    Med |   req/s  failures/s
--------|----------------------------------------------------------------------------|-------|-------------|-------|-------|-------|-------|--------|-----------
GET      GET /api/v1/reservas                                                            5364     0(0.00%) |     15       6     260     12 |   24.20        0.00
POST     POST /api/v1/auth/login                                                           50     0(0.00%) |   5030    1499    7290   5800 |    0.00        0.00
--------|----------------------------------------------------------------------------|-------|-------------|-------|-------|-------|-------|--------|-----------
         Aggregated                                                                      5414     0(0.00%) |     61       6    7290     12 |   24.20        0.00

Type     Name                                                                          # reqs      # fails |    Avg     Min     Max    Med |   req/s  failures/s
--------|----------------------------------------------------------------------------|-------|-------------|-------|-------|-------|-------|--------|-----------
GET      GET /api/v1/reservas                                                            5413     0(0.00%) |     15       6     260     12 |   24.20        0.00
POST     POST /api/v1/auth/login                                                           50     0(0.00%) |   5030    1499    7290   5800 |    0.00        0.00
--------|----------------------------------------------------------------------------|-------|-------------|-------|-------|-------|-------|--------|-----------
         Aggregated                                                                      5463     0(0.00%) |     61       6    7290     12 |   24.20        0.00

Type     Name                                                                          # reqs      # fails |    Avg     Min     Max    Med |   req/s  failures/s
--------|----------------------------------------------------------------------------|-------|-------------|-------|-------|-------|-------|--------|-----------
GET      GET /api/v1/reservas                                                            5459     0(0.00%) |     15       6     260     12 |   24.40        0.00
POST     POST /api/v1/auth/login                                                           50     0(0.00%) |   5030    1499    7290   5800 |    0.00        0.00
--------|----------------------------------------------------------------------------|-------|-------------|-------|-------|-------|-------|--------|-----------
         Aggregated                                                                      5509     0(0.00%) |     61       6    7290     12 |   24.40        0.00

Type     Name                                                                          # reqs      # fails |    Avg     Min     Max    Med |   req/s  failures/s
--------|----------------------------------------------------------------------------|-------|-------------|-------|-------|-------|-------|--------|-----------
GET      GET /api/v1/reservas                                                            5511     0(0.00%) |     15       6     260     12 |   24.40        0.00
POST     POST /api/v1/auth/login                                                           50     0(0.00%) |   5030    1499    7290   5800 |    0.00        0.00
--------|----------------------------------------------------------------------------|-------|-------------|-------|-------|-------|-------|--------|-----------
         Aggregated                                                                      5561     0(0.00%) |     60       6    7290     12 |   24.40        0.00

Type     Name                                                                          # reqs      # fails |    Avg     Min     Max    Med |   req/s  failures/s
--------|----------------------------------------------------------------------------|-------|-------------|-------|-------|-------|-------|--------|-----------
GET      GET /api/v1/reservas                                                            5561     0(0.00%) |     15       6     260     12 |   24.60        0.00
POST     POST /api/v1/auth/login                                                           50     0(0.00%) |   5030    1499    7290   5800 |    0.00        0.00
--------|----------------------------------------------------------------------------|-------|-------------|-------|-------|-------|-------|--------|-----------
         Aggregated                                                                      5611     0(0.00%) |     60       6    7290     12 |   24.60        0.00

Type     Name                                                                          # reqs      # fails |    Avg     Min     Max    Med |   req/s  failures/s
--------|----------------------------------------------------------------------------|-------|-------------|-------|-------|-------|-------|--------|-----------
GET      GET /api/v1/reservas                                                            5607     0(0.00%) |     15       6     260     12 |   24.60        0.00
POST     POST /api/v1/auth/login                                                           50     0(0.00%) |   5030    1499    7290   5800 |    0.00        0.00
--------|----------------------------------------------------------------------------|-------|-------------|-------|-------|-------|-------|--------|-----------
         Aggregated                                                                      5657     0(0.00%) |     59       6    7290     12 |   24.60        0.00

Type     Name                                                                          # reqs      # fails |    Avg     Min     Max    Med |   req/s  failures/s
--------|----------------------------------------------------------------------------|-------|-------------|-------|-------|-------|-------|--------|-----------
GET      GET /api/v1/reservas                                                            5656     0(0.00%) |     15       6     260     12 |   24.40        0.00
POST     POST /api/v1/auth/login                                                           50     0(0.00%) |   5030    1499    7290   5800 |    0.00        0.00
--------|----------------------------------------------------------------------------|-------|-------------|-------|-------|-------|-------|--------|-----------
         Aggregated                                                                      5706     0(0.00%) |     59       6    7290     12 |   24.40        0.00

Type     Name                                                                          # reqs      # fails |    Avg     Min     Max    Med |   req/s  failures/s
--------|----------------------------------------------------------------------------|-------|-------------|-------|-------|-------|-------|--------|-----------
GET      GET /api/v1/reservas                                                            5708     0(0.00%) |     15       6     260     12 |   24.50        0.00
POST     POST /api/v1/auth/login                                                           50     0(0.00%) |   5030    1499    7290   5800 |    0.00        0.00
--------|----------------------------------------------------------------------------|-------|-------------|-------|-------|-------|-------|--------|-----------
         Aggregated                                                                      5758     0(0.00%) |     59       6    7290     12 |   24.50        0.00

Type     Name                                                                          # reqs      # fails |    Avg     Min     Max    Med |   req/s  failures/s
--------|----------------------------------------------------------------------------|-------|-------------|-------|-------|-------|-------|--------|-----------
GET      GET /api/v1/reservas                                                            5755     0(0.00%) |     15       6     260     12 |   24.90        0.00
POST     POST /api/v1/auth/login                                                           50     0(0.00%) |   5030    1499    7290   5800 |    0.00        0.00
--------|----------------------------------------------------------------------------|-------|-------------|-------|-------|-------|-------|--------|-----------
         Aggregated                                                                      5805     0(0.00%) |     58       6    7290     12 |   24.90        0.00

Type     Name                                                                          # reqs      # fails |    Avg     Min     Max    Med |   req/s  failures/s
--------|----------------------------------------------------------------------------|-------|-------------|-------|-------|-------|-------|--------|-----------
GET      GET /api/v1/reservas                                                            5810     0(0.00%) |     15       6     260     12 |   24.10        0.00
POST     POST /api/v1/auth/login                                                           50     0(0.00%) |   5030    1499    7290   5800 |    0.00        0.00
--------|----------------------------------------------------------------------------|-------|-------------|-------|-------|-------|-------|--------|-----------
         Aggregated                                                                      5860     0(0.00%) |     58       6    7290     12 |   24.10        0.00

Type     Name                                                                          # reqs      # fails |    Avg     Min     Max    Med |   req/s  failures/s
--------|----------------------------------------------------------------------------|-------|-------------|-------|-------|-------|-------|--------|-----------
GET      GET /api/v1/reservas                                                            5858     0(0.00%) |     15       6     260     12 |   24.30        0.00
POST     POST /api/v1/auth/login                                                           50     0(0.00%) |   5030    1499    7290   5800 |    0.00        0.00
--------|----------------------------------------------------------------------------|-------|-------------|-------|-------|-------|-------|--------|-----------
         Aggregated                                                                      5908     0(0.00%) |     57       6    7290     12 |   24.30        0.00

Type     Name                                                                          # reqs      # fails |    Avg     Min     Max    Med |   req/s  failures/s
--------|----------------------------------------------------------------------------|-------|-------------|-------|-------|-------|-------|--------|-----------
GET      GET /api/v1/reservas                                                            5900     0(0.00%) |     15       6     260     12 |   24.10        0.00
POST     POST /api/v1/auth/login                                                           50     0(0.00%) |   5030    1499    7290   5800 |    0.00        0.00
--------|----------------------------------------------------------------------------|-------|-------------|-------|-------|-------|-------|--------|-----------
         Aggregated                                                                      5950     0(0.00%) |     57       6    7290     12 |   24.10        0.00

Type     Name                                                                          # reqs      # fails |    Avg     Min     Max    Med |   req/s  failures/s
--------|----------------------------------------------------------------------------|-------|-------------|-------|-------|-------|-------|--------|-----------
GET      GET /api/v1/reservas                                                            5952     0(0.00%) |     15       6     260     12 |   24.30        0.00
POST     POST /api/v1/auth/login                                                           50     0(0.00%) |   5030    1499    7290   5800 |    0.00        0.00
--------|----------------------------------------------------------------------------|-------|-------------|-------|-------|-------|-------|--------|-----------
         Aggregated                                                                      6002     0(0.00%) |     57       6    7290     12 |   24.30        0.00

Type     Name                                                                          # reqs      # fails |    Avg     Min     Max    Med |   req/s  failures/s
--------|----------------------------------------------------------------------------|-------|-------------|-------|-------|-------|-------|--------|-----------
GET      GET /api/v1/reservas                                                            5999     0(0.00%) |     15       6     260     12 |   23.40        0.00
POST     POST /api/v1/auth/login                                                           50     0(0.00%) |   5030    1499    7290   5800 |    0.00        0.00
--------|----------------------------------------------------------------------------|-------|-------------|-------|-------|-------|-------|--------|-----------
         Aggregated                                                                      6049     0(0.00%) |     56       6    7290     12 |   23.40        0.00

Type     Name                                                                          # reqs      # fails |    Avg     Min     Max    Med |   req/s  failures/s
--------|----------------------------------------------------------------------------|-------|-------------|-------|-------|-------|-------|--------|-----------
GET      GET /api/v1/reservas                                                            6049     0(0.00%) |     15       6     260     12 |   24.10        0.00
POST     POST /api/v1/auth/login                                                           50     0(0.00%) |   5030    1499    7290   5800 |    0.00        0.00
--------|----------------------------------------------------------------------------|-------|-------------|-------|-------|-------|-------|--------|-----------
         Aggregated                                                                      6099     0(0.00%) |     56       6    7290     12 |   24.10        0.00

Type     Name                                                                          # reqs      # fails |    Avg     Min     Max    Med |   req/s  failures/s
--------|----------------------------------------------------------------------------|-------|-------------|-------|-------|-------|-------|--------|-----------
GET      GET /api/v1/reservas                                                            6098     0(0.00%) |     15       6     260     12 |   24.50        0.00
POST     POST /api/v1/auth/login                                                           50     0(0.00%) |   5030    1499    7290   5800 |    0.00        0.00
--------|----------------------------------------------------------------------------|-------|-------------|-------|-------|-------|-------|--------|-----------
         Aggregated                                                                      6148     0(0.00%) |     56       6    7290     12 |   24.50        0.00

Type     Name                                                                          # reqs      # fails |    Avg     Min     Max    Med |   req/s  failures/s
--------|----------------------------------------------------------------------------|-------|-------------|-------|-------|-------|-------|--------|-----------
GET      GET /api/v1/reservas                                                            6146     0(0.00%) |     15       6     260     12 |   24.80        0.00
POST     POST /api/v1/auth/login                                                           50     0(0.00%) |   5030    1499    7290   5800 |    0.00        0.00
--------|----------------------------------------------------------------------------|-------|-------------|-------|-------|-------|-------|--------|-----------
         Aggregated                                                                      6196     0(0.00%) |     55       6    7290     12 |   24.80        0.00

Type     Name                                                                          # reqs      # fails |    Avg     Min     Max    Med |   req/s  failures/s
--------|----------------------------------------------------------------------------|-------|-------------|-------|-------|-------|-------|--------|-----------
GET      GET /api/v1/reservas                                                            6195     0(0.00%) |     15       6     260     12 |   25.00        0.00
POST     POST /api/v1/auth/login                                                           50     0(0.00%) |   5030    1499    7290   5800 |    0.00        0.00
--------|----------------------------------------------------------------------------|-------|-------------|-------|-------|-------|-------|--------|-----------
         Aggregated                                                                      6245     0(0.00%) |     55       6    7290     12 |   25.00        0.00

Type     Name                                                                          # reqs      # fails |    Avg     Min     Max    Med |   req/s  failures/s
--------|----------------------------------------------------------------------------|-------|-------------|-------|-------|-------|-------|--------|-----------
GET      GET /api/v1/reservas                                                            6249     0(0.00%) |     15       6     260     12 |   25.40        0.00
POST     POST /api/v1/auth/login                                                           50     0(0.00%) |   5030    1499    7290   5800 |    0.00        0.00
--------|----------------------------------------------------------------------------|-------|-------------|-------|-------|-------|-------|--------|-----------
         Aggregated                                                                      6299     0(0.00%) |     55       6    7290     12 |   25.40        0.00

Type     Name                                                                          # reqs      # fails |    Avg     Min     Max    Med |   req/s  failures/s
--------|----------------------------------------------------------------------------|-------|-------------|-------|-------|-------|-------|--------|-----------
GET      GET /api/v1/reservas                                                            6299     0(0.00%) |     15       6     260     12 |   25.00        0.00
POST     POST /api/v1/auth/login                                                           50     0(0.00%) |   5030    1499    7290   5800 |    0.00        0.00
--------|----------------------------------------------------------------------------|-------|-------------|-------|-------|-------|-------|--------|-----------
         Aggregated                                                                      6349     0(0.00%) |     54       6    7290     12 |   25.00        0.00

Type     Name                                                                          # reqs      # fails |    Avg     Min     Max    Med |   req/s  failures/s
--------|----------------------------------------------------------------------------|-------|-------------|-------|-------|-------|-------|--------|-----------
GET      GET /api/v1/reservas                                                            6346     0(0.00%) |     15       6     260     12 |   24.40        0.00
POST     POST /api/v1/auth/login                                                           50     0(0.00%) |   5030    1499    7290   5800 |    0.00        0.00
--------|----------------------------------------------------------------------------|-------|-------------|-------|-------|-------|-------|--------|-----------
         Aggregated                                                                      6396     0(0.00%) |     54       6    7290     12 |   24.40        0.00

Type     Name                                                                          # reqs      # fails |    Avg     Min     Max    Med |   req/s  failures/s
--------|----------------------------------------------------------------------------|-------|-------------|-------|-------|-------|-------|--------|-----------
GET      GET /api/v1/reservas                                                            6396     0(0.00%) |     15       6     260     12 |   23.90        0.00
POST     POST /api/v1/auth/login                                                           50     0(0.00%) |   5030    1499    7290   5800 |    0.00        0.00
--------|----------------------------------------------------------------------------|-------|-------------|-------|-------|-------|-------|--------|-----------
         Aggregated                                                                      6446     0(0.00%) |     54       6    7290     12 |   23.90        0.00

Type     Name                                                                          # reqs      # fails |    Avg     Min     Max    Med |   req/s  failures/s
--------|----------------------------------------------------------------------------|-------|-------------|-------|-------|-------|-------|--------|-----------
GET      GET /api/v1/reservas                                                            6449     0(0.00%) |     15       6     260     12 |   24.60        0.00
POST     POST /api/v1/auth/login                                                           50     0(0.00%) |   5030    1499    7290   5800 |    0.00        0.00
--------|----------------------------------------------------------------------------|-------|-------------|-------|-------|-------|-------|--------|-----------
         Aggregated                                                                      6499     0(0.00%) |     53       6    7290     12 |   24.60        0.00

Type     Name                                                                          # reqs      # fails |    Avg     Min     Max    Med |   req/s  failures/s
--------|----------------------------------------------------------------------------|-------|-------------|-------|-------|-------|-------|--------|-----------
GET      GET /api/v1/reservas                                                            6503     0(0.00%) |     15       6     260     12 |   24.50        0.00
POST     POST /api/v1/auth/login                                                           50     0(0.00%) |   5030    1499    7290   5800 |    0.00        0.00
--------|----------------------------------------------------------------------------|-------|-------------|-------|-------|-------|-------|--------|-----------
         Aggregated                                                                      6553     0(0.00%) |     53       6    7290     12 |   24.50        0.00

Type     Name                                                                          # reqs      # fails |    Avg     Min     Max    Med |   req/s  failures/s
--------|----------------------------------------------------------------------------|-------|-------------|-------|-------|-------|-------|--------|-----------
GET      GET /api/v1/reservas                                                            6554     0(0.00%) |     15       6     260     12 |   25.50        0.00
POST     POST /api/v1/auth/login                                                           50     0(0.00%) |   5030    1499    7290   5800 |    0.00        0.00
--------|----------------------------------------------------------------------------|-------|-------------|-------|-------|-------|-------|--------|-----------
         Aggregated                                                                      6604     0(0.00%) |     53       6    7290     12 |   25.50        0.00

Type     Name                                                                          # reqs      # fails |    Avg     Min     Max    Med |   req/s  failures/s
--------|----------------------------------------------------------------------------|-------|-------------|-------|-------|-------|-------|--------|-----------
GET      GET /api/v1/reservas                                                            6599     0(0.00%) |     15       6     260     12 |   25.90        0.00
POST     POST /api/v1/auth/login                                                           50     0(0.00%) |   5030    1499    7290   5800 |    0.00        0.00
--------|----------------------------------------------------------------------------|-------|-------------|-------|-------|-------|-------|--------|-----------
         Aggregated                                                                      6649     0(0.00%) |     52       6    7290     12 |   25.90        0.00

Type     Name                                                                          # reqs      # fails |    Avg     Min     Max    Med |   req/s  failures/s
--------|----------------------------------------------------------------------------|-------|-------------|-------|-------|-------|-------|--------|-----------
GET      GET /api/v1/reservas                                                            6649     0(0.00%) |     15       6     260     12 |   26.30        0.00
POST     POST /api/v1/auth/login                                                           50     0(0.00%) |   5030    1499    7290   5800 |    0.00        0.00
--------|----------------------------------------------------------------------------|-------|-------------|-------|-------|-------|-------|--------|-----------
         Aggregated                                                                      6699     0(0.00%) |     52       6    7290     12 |   26.30        0.00

Type     Name                                                                          # reqs      # fails |    Avg     Min     Max    Med |   req/s  failures/s
--------|----------------------------------------------------------------------------|-------|-------------|-------|-------|-------|-------|--------|-----------
GET      GET /api/v1/reservas                                                            6695     0(0.00%) |     15       6     260     12 |   25.10        0.00
POST     POST /api/v1/auth/login                                                           50     0(0.00%) |   5030    1499    7290   5800 |    0.00        0.00
--------|----------------------------------------------------------------------------|-------|-------------|-------|-------|-------|-------|--------|-----------
         Aggregated                                                                      6745     0(0.00%) |     52       6    7290     12 |   25.10        0.00

Type     Name                                                                          # reqs      # fails |    Avg     Min     Max    Med |   req/s  failures/s
--------|----------------------------------------------------------------------------|-------|-------------|-------|-------|-------|-------|--------|-----------
GET      GET /api/v1/reservas                                                            6745     0(0.00%) |     15       6     260     12 |   25.50        0.00
POST     POST /api/v1/auth/login                                                           50     0(0.00%) |   5030    1499    7290   5800 |    0.00        0.00
--------|----------------------------------------------------------------------------|-------|-------------|-------|-------|-------|-------|--------|-----------
         Aggregated                                                                      6795     0(0.00%) |     52       6    7290     12 |   25.50        0.00

Type     Name                                                                          # reqs      # fails |    Avg     Min     Max    Med |   req/s  failures/s
--------|----------------------------------------------------------------------------|-------|-------------|-------|-------|-------|-------|--------|-----------
GET      GET /api/v1/reservas                                                            6790     0(0.00%) |     15       6     260     12 |   24.20        0.00
POST     POST /api/v1/auth/login                                                           50     0(0.00%) |   5030    1499    7290   5800 |    0.00        0.00
--------|----------------------------------------------------------------------------|-------|-------------|-------|-------|-------|-------|--------|-----------
         Aggregated                                                                      6840     0(0.00%) |     51       6    7290     12 |   24.20        0.00

Type     Name                                                                          # reqs      # fails |    Avg     Min     Max    Med |   req/s  failures/s
--------|----------------------------------------------------------------------------|-------|-------------|-------|-------|-------|-------|--------|-----------
GET      GET /api/v1/reservas                                                            6845     0(0.00%) |     15       6     260     12 |   24.50        0.00
POST     POST /api/v1/auth/login                                                           50     0(0.00%) |   5030    1499    7290   5800 |    0.00        0.00
--------|----------------------------------------------------------------------------|-------|-------------|-------|-------|-------|-------|--------|-----------
         Aggregated                                                                      6895     0(0.00%) |     51       6    7290     12 |   24.50        0.00

Type     Name                                                                          # reqs      # fails |    Avg     Min     Max    Med |   req/s  failures/s
--------|----------------------------------------------------------------------------|-------|-------------|-------|-------|-------|-------|--------|-----------
GET      GET /api/v1/reservas                                                            6897     0(0.00%) |     15       6     260     12 |   24.30        0.00
POST     POST /api/v1/auth/login                                                           50     0(0.00%) |   5030    1499    7290   5800 |    0.00        0.00
--------|----------------------------------------------------------------------------|-------|-------------|-------|-------|-------|-------|--------|-----------
         Aggregated                                                                      6947     0(0.00%) |     51       6    7290     12 |   24.30        0.00

Type     Name                                                                          # reqs      # fails |    Avg     Min     Max    Med |   req/s  failures/s
--------|----------------------------------------------------------------------------|-------|-------------|-------|-------|-------|-------|--------|-----------
GET      GET /api/v1/reservas                                                            6943     0(0.00%) |     15       6     260     12 |   24.20        0.00
POST     POST /api/v1/auth/login                                                           50     0(0.00%) |   5030    1499    7290   5800 |    0.00        0.00
--------|----------------------------------------------------------------------------|-------|-------------|-------|-------|-------|-------|--------|-----------
         Aggregated                                                                      6993     0(0.00%) |     51       6    7290     12 |   24.20        0.00

Type     Name                                                                          # reqs      # fails |    Avg     Min     Max    Med |   req/s  failures/s
--------|----------------------------------------------------------------------------|-------|-------------|-------|-------|-------|-------|--------|-----------
GET      GET /api/v1/reservas                                                            6990     0(0.00%) |     15       6     260     12 |   24.10        0.00
POST     POST /api/v1/auth/login                                                           50     0(0.00%) |   5030    1499    7290   5800 |    0.00        0.00
--------|----------------------------------------------------------------------------|-------|-------------|-------|-------|-------|-------|--------|-----------
         Aggregated                                                                      7040     0(0.00%) |     50       6    7290     12 |   24.10        0.00

Type     Name                                                                          # reqs      # fails |    Avg     Min     Max    Med |   req/s  failures/s
--------|----------------------------------------------------------------------------|-------|-------------|-------|-------|-------|-------|--------|-----------
GET      GET /api/v1/reservas                                                            7039     0(0.00%) |     15       6     260     12 |   24.60        0.00
POST     POST /api/v1/auth/login                                                           50     0(0.00%) |   5030    1499    7290   5800 |    0.00        0.00
--------|----------------------------------------------------------------------------|-------|-------------|-------|-------|-------|-------|--------|-----------
         Aggregated                                                                      7089     0(0.00%) |     50       6    7290     12 |   24.60        0.00

Type     Name                                                                          # reqs      # fails |    Avg     Min     Max    Med |   req/s  failures/s
--------|----------------------------------------------------------------------------|-------|-------------|-------|-------|-------|-------|--------|-----------
GET      GET /api/v1/reservas                                                            7085     0(0.00%) |     15       6     260     12 |   24.20        0.00
POST     POST /api/v1/auth/login                                                           50     0(0.00%) |   5030    1499    7290   5800 |    0.00        0.00
--------|----------------------------------------------------------------------------|-------|-------------|-------|-------|-------|-------|--------|-----------
         Aggregated                                                                      7135     0(0.00%) |     50       6    7290     12 |   24.20        0.00

Type     Name                                                                          # reqs      # fails |    Avg     Min     Max    Med |   req/s  failures/s
--------|----------------------------------------------------------------------------|-------|-------------|-------|-------|-------|-------|--------|-----------
GET      GET /api/v1/reservas                                                            7138     0(0.00%) |     15       6     260     12 |   24.30        0.00
POST     POST /api/v1/auth/login                                                           50     0(0.00%) |   5030    1499    7290   5800 |    0.00        0.00
--------|----------------------------------------------------------------------------|-------|-------------|-------|-------|-------|-------|--------|-----------
         Aggregated                                                                      7188     0(0.00%) |     50       6    7290     12 |   24.30        0.00

Type     Name                                                                          # reqs      # fails |    Avg     Min     Max    Med |   req/s  failures/s
--------|----------------------------------------------------------------------------|-------|-------------|-------|-------|-------|-------|--------|-----------
GET      GET /api/v1/reservas                                                            7185     0(0.00%) |     15       6     260     12 |   25.30        0.00
POST     POST /api/v1/auth/login                                                           50     0(0.00%) |   5030    1499    7290   5800 |    0.00        0.00
--------|----------------------------------------------------------------------------|-------|-------------|-------|-------|-------|-------|--------|-----------
         Aggregated                                                                      7235     0(0.00%) |     49       6    7290     12 |   25.30        0.00

Type     Name                                                                          # reqs      # fails |    Avg     Min     Max    Med |   req/s  failures/s
--------|----------------------------------------------------------------------------|-------|-------------|-------|-------|-------|-------|--------|-----------
GET      GET /api/v1/reservas                                                            7233     0(0.00%) |     15       6     260     12 |   24.80        0.00
POST     POST /api/v1/auth/login                                                           50     0(0.00%) |   5030    1499    7290   5800 |    0.00        0.00
--------|----------------------------------------------------------------------------|-------|-------------|-------|-------|-------|-------|--------|-----------
         Aggregated                                                                      7283     0(0.00%) |     49       6    7290     12 |   24.80        0.00

[2026-09-05 01:58:16,399] servidor-proyectos/INFO/locust.main: --run-time limit reached, shutting down
[2026-09-05 01:58:16,524] servidor-proyectos/INFO/locust.main: Shutting down (exit code 0)
Type     Name                                                                          # reqs      # fails |    Avg     Min     Max    Med |   req/s  failures/s
--------|----------------------------------------------------------------------------|-------|-------------|-------|-------|-------|-------|--------|-----------
GET      GET /api/v1/reservas                                                            7250     0(0.00%) |     15       6     438     12 |   24.27        0.00
POST     POST /api/v1/auth/login                                                           50     0(0.00%) |   5030    1499    7290   5800 |    0.17        0.00
--------|----------------------------------------------------------------------------|-------|-------------|-------|-------|-------|-------|--------|-----------
         Aggregated                                                                      7300     0(0.00%) |     49       6    7290     12 |   24.44        0.00

Response time percentiles (approximated)
Type     Name                                                                                  50%    66%    75%    80%    90%    95%    98%    99%  99.9% 99.99%   100% # reqs
--------|--------------------------------------------------------------------------------|--------|------|------|------|------|------|------|------|------|------|------|------
GET      GET /api/v1/reservas                                                                   12     13     14     15     19     30     64     93    210    440    440   7250
POST     POST /api/v1/auth/login                                                              5900   6100   6300   6400   6800   7100   7300   7300   7300   7300   7300     50
--------|--------------------------------------------------------------------------------|--------|------|------|------|------|------|------|------|------|------|------|------
         Aggregated                                                                             12     13     14     15     19     33     83    170   6600   7300   7300   7300

