[2026-09-05 02:23:20,648] servidor-proyectos/INFO/locust.main: Starting Locust 2.46.4
[2026-09-05 02:23:20,649] servidor-proyectos/INFO/locust.main: Run time limit set to 300 seconds
Type     Name                                                                          # reqs      # fails |    Avg     Min     Max    Med |   req/s  failures/s
--------|----------------------------------------------------------------------------|-------|-------------|-------|-------|-------|-------|--------|-----------
--------|----------------------------------------------------------------------------|-------|-------------|-------|-------|-------|-------|--------|-----------
         Aggregated                                                                         0     0(0.00%) |      0       0       0      0 |    0.00        0.00

[2026-09-05 02:23:20,651] servidor-proyectos/INFO/locust.runners: Ramping to 50 users at a rate of 10.00 per second
Type     Name                                                                          # reqs      # fails |    Avg     Min     Max    Med |   req/s  failures/s
--------|----------------------------------------------------------------------------|-------|-------------|-------|-------|-------|-------|--------|-----------
GET      GET /api/v1/reservas                                                               2     0(0.00%) |     14      13      15     13 |    0.00        0.00
POST     POST /api/v1/auth/login                                                            2     0(0.00%) |   1800    1799    1802   1800 |    0.00        0.00
--------|----------------------------------------------------------------------------|-------|-------------|-------|-------|-------|-------|--------|-----------
         Aggregated                                                                         4     0(0.00%) |    907      13    1802     15 |    0.00        0.00

Type     Name                                                                          # reqs      # fails |    Avg     Min     Max    Med |   req/s  failures/s
--------|----------------------------------------------------------------------------|-------|-------------|-------|-------|-------|-------|--------|-----------
GET      GET /api/v1/reservas                                                              13     0(0.00%) |     27      10      71     15 |    0.00        0.00
POST     POST /api/v1/auth/login                                                           12     0(0.00%) |   2343    1799    3232   2100 |    0.00        0.00
--------|----------------------------------------------------------------------------|-------|-------------|-------|-------|-------|-------|--------|-----------
         Aggregated                                                                        25     0(0.00%) |   1138      10    3232     71 |    0.00        0.00

[2026-09-05 02:23:24,684] servidor-proyectos/INFO/locust.runners: All users spawned: {"ReservasUser": 50} (50 total users)
Type     Name                                                                          # reqs      # fails |    Avg     Min     Max    Med |   req/s  failures/s
--------|----------------------------------------------------------------------------|-------|-------------|-------|-------|-------|-------|--------|-----------
GET      GET /api/v1/reservas                                                              30     0(0.00%) |     24       9      71     15 |    2.75        0.00
POST     POST /api/v1/auth/login                                                           19     0(0.00%) |   2811    1799    4815   2700 |    2.50        0.00
--------|----------------------------------------------------------------------------|-------|-------------|-------|-------|-------|-------|--------|-----------
         Aggregated                                                                        49     0(0.00%) |   1105       9    4815     31 |    5.25        0.00

Type     Name                                                                          # reqs      # fails |    Avg     Min     Max    Med |   req/s  failures/s
--------|----------------------------------------------------------------------------|-------|-------------|-------|-------|-------|-------|--------|-----------
GET      GET /api/v1/reservas                                                              61     0(0.00%) |     20       9      71     15 |    4.17        0.00
POST     POST /api/v1/auth/login                                                           32     0(0.00%) |   3784    1799    6830   3300 |    2.67        0.00
--------|----------------------------------------------------------------------------|-------|-------------|-------|-------|-------|-------|--------|-----------
         Aggregated                                                                        93     0(0.00%) |   1315       9    6830     25 |    6.83        0.00

Type     Name                                                                          # reqs      # fails |    Avg     Min     Max    Med |   req/s  failures/s
--------|----------------------------------------------------------------------------|-------|-------------|-------|-------|-------|-------|--------|-----------
GET      GET /api/v1/reservas                                                             113     0(0.00%) |     18       9      71     15 |    5.88        0.00
POST     POST /api/v1/auth/login                                                           50     0(0.00%) |   4232    1799    6830   4500 |    3.00        0.00
--------|----------------------------------------------------------------------------|-------|-------------|-------|-------|-------|-------|--------|-----------
         Aggregated                                                                       163     0(0.00%) |   1311       9    6830     21 |    8.88        0.00

Type     Name                                                                          # reqs      # fails |    Avg     Min     Max    Med |   req/s  failures/s
--------|----------------------------------------------------------------------------|-------|-------------|-------|-------|-------|-------|--------|-----------
GET      GET /api/v1/reservas                                                             169     0(0.00%) |     16       9      71     13 |    9.60        0.00
POST     POST /api/v1/auth/login                                                           50     0(0.00%) |   4232    1799    6830   4500 |    5.00        0.00
--------|----------------------------------------------------------------------------|-------|-------------|-------|-------|-------|-------|--------|-----------
         Aggregated                                                                       219     0(0.00%) |    979       9    6830     15 |   14.60        0.00

Type     Name                                                                          # reqs      # fails |    Avg     Min     Max    Med |   req/s  failures/s
--------|----------------------------------------------------------------------------|-------|-------------|-------|-------|-------|-------|--------|-----------
GET      GET /api/v1/reservas                                                             212     0(0.00%) |     16       8      71     12 |   14.90        0.00
POST     POST /api/v1/auth/login                                                           50     0(0.00%) |   4232    1799    6830   4500 |    5.00        0.00
--------|----------------------------------------------------------------------------|-------|-------------|-------|-------|-------|-------|--------|-----------
         Aggregated                                                                       262     0(0.00%) |    820       8    6830     14 |   19.90        0.00

Type     Name                                                                          # reqs      # fails |    Avg     Min     Max    Med |   req/s  failures/s
--------|----------------------------------------------------------------------------|-------|-------------|-------|-------|-------|-------|--------|-----------
GET      GET /api/v1/reservas                                                             266     0(0.00%) |     15       8      71     12 |   18.50        0.00
POST     POST /api/v1/auth/login                                                           50     0(0.00%) |   4232    1799    6830   4500 |    4.00        0.00
--------|----------------------------------------------------------------------------|-------|-------------|-------|-------|-------|-------|--------|-----------
         Aggregated                                                                       316     0(0.00%) |    682       8    6830     13 |   22.50        0.00

Type     Name                                                                          # reqs      # fails |    Avg     Min     Max    Med |   req/s  failures/s
--------|----------------------------------------------------------------------------|-------|-------------|-------|-------|-------|-------|--------|-----------
GET      GET /api/v1/reservas                                                             314     0(0.00%) |     14       6      71     12 |   22.10        0.00
POST     POST /api/v1/auth/login                                                           50     0(0.00%) |   4232    1799    6830   4500 |    3.40        0.00
--------|----------------------------------------------------------------------------|-------|-------------|-------|-------|-------|-------|--------|-----------
         Aggregated                                                                       364     0(0.00%) |    594       6    6830     12 |   25.50        0.00

Type     Name                                                                          # reqs      # fails |    Avg     Min     Max    Med |   req/s  failures/s
--------|----------------------------------------------------------------------------|-------|-------------|-------|-------|-------|-------|--------|-----------
GET      GET /api/v1/reservas                                                             360     0(0.00%) |     14       6      71     12 |   25.10        0.00
POST     POST /api/v1/auth/login                                                           50     0(0.00%) |   4232    1799    6830   4500 |    2.60        0.00
--------|----------------------------------------------------------------------------|-------|-------------|-------|-------|-------|-------|--------|-----------
         Aggregated                                                                       410     0(0.00%) |    528       6    6830     12 |   27.70        0.00

Type     Name                                                                          # reqs      # fails |    Avg     Min     Max    Med |   req/s  failures/s
--------|----------------------------------------------------------------------------|-------|-------------|-------|-------|-------|-------|--------|-----------
GET      GET /api/v1/reservas                                                             408     0(0.00%) |     14       6      71     12 |   24.80        0.00
POST     POST /api/v1/auth/login                                                           50     0(0.00%) |   4232    1799    6830   4500 |    0.00        0.00
--------|----------------------------------------------------------------------------|-------|-------------|-------|-------|-------|-------|--------|-----------
         Aggregated                                                                       458     0(0.00%) |    474       6    6830     12 |   24.80        0.00

Type     Name                                                                          # reqs      # fails |    Avg     Min     Max    Med |   req/s  failures/s
--------|----------------------------------------------------------------------------|-------|-------------|-------|-------|-------|-------|--------|-----------
GET      GET /api/v1/reservas                                                             458     0(0.00%) |     13       6      71     12 |   24.20        0.00
POST     POST /api/v1/auth/login                                                           50     0(0.00%) |   4232    1799    6830   4500 |    0.00        0.00
--------|----------------------------------------------------------------------------|-------|-------------|-------|-------|-------|-------|--------|-----------
         Aggregated                                                                       508     0(0.00%) |    429       6    6830     12 |   24.20        0.00

Type     Name                                                                          # reqs      # fails |    Avg     Min     Max    Med |   req/s  failures/s
--------|----------------------------------------------------------------------------|-------|-------------|-------|-------|-------|-------|--------|-----------
GET      GET /api/v1/reservas                                                             504     0(0.00%) |     13       6      71     11 |   24.80        0.00
POST     POST /api/v1/auth/login                                                           50     0(0.00%) |   4232    1799    6830   4500 |    0.00        0.00
--------|----------------------------------------------------------------------------|-------|-------------|-------|-------|-------|-------|--------|-----------
         Aggregated                                                                       554     0(0.00%) |    394       6    6830     12 |   24.80        0.00

Type     Name                                                                          # reqs      # fails |    Avg     Min     Max    Med |   req/s  failures/s
--------|----------------------------------------------------------------------------|-------|-------------|-------|-------|-------|-------|--------|-----------
GET      GET /api/v1/reservas                                                             552     0(0.00%) |     13       6      71     11 |   24.10        0.00
POST     POST /api/v1/auth/login                                                           50     0(0.00%) |   4232    1799    6830   4500 |    0.00        0.00
--------|----------------------------------------------------------------------------|-------|-------------|-------|-------|-------|-------|--------|-----------
         Aggregated                                                                       602     0(0.00%) |    363       6    6830     12 |   24.10        0.00

Type     Name                                                                          # reqs      # fails |    Avg     Min     Max    Med |   req/s  failures/s
--------|----------------------------------------------------------------------------|-------|-------------|-------|-------|-------|-------|--------|-----------
GET      GET /api/v1/reservas                                                             602     0(0.00%) |     13       6      71     11 |   24.00        0.00
POST     POST /api/v1/auth/login                                                           50     0(0.00%) |   4232    1799    6830   4500 |    0.00        0.00
--------|----------------------------------------------------------------------------|-------|-------------|-------|-------|-------|-------|--------|-----------
         Aggregated                                                                       652     0(0.00%) |    336       6    6830     11 |   24.00        0.00

Type     Name                                                                          # reqs      # fails |    Avg     Min     Max    Med |   req/s  failures/s
--------|----------------------------------------------------------------------------|-------|-------------|-------|-------|-------|-------|--------|-----------
GET      GET /api/v1/reservas                                                             651     0(0.00%) |     13       6      71     11 |   24.60        0.00
POST     POST /api/v1/auth/login                                                           50     0(0.00%) |   4232    1799    6830   4500 |    0.00        0.00
--------|----------------------------------------------------------------------------|-------|-------------|-------|-------|-------|-------|--------|-----------
         Aggregated                                                                       701     0(0.00%) |    314       6    6830     11 |   24.60        0.00

Type     Name                                                                          # reqs      # fails |    Avg     Min     Max    Med |   req/s  failures/s
--------|----------------------------------------------------------------------------|-------|-------------|-------|-------|-------|-------|--------|-----------
GET      GET /api/v1/reservas                                                             706     0(0.00%) |     13       6      71     11 |   24.70        0.00
POST     POST /api/v1/auth/login                                                           50     0(0.00%) |   4232    1799    6830   4500 |    0.00        0.00
--------|----------------------------------------------------------------------------|-------|-------------|-------|-------|-------|-------|--------|-----------
         Aggregated                                                                       756     0(0.00%) |    292       6    6830     12 |   24.70        0.00

Type     Name                                                                          # reqs      # fails |    Avg     Min     Max    Med |   req/s  failures/s
--------|----------------------------------------------------------------------------|-------|-------------|-------|-------|-------|-------|--------|-----------
GET      GET /api/v1/reservas                                                             751     0(0.00%) |     13       6      71     12 |   24.90        0.00
POST     POST /api/v1/auth/login                                                           50     0(0.00%) |   4232    1799    6830   4500 |    0.00        0.00
--------|----------------------------------------------------------------------------|-------|-------------|-------|-------|-------|-------|--------|-----------
         Aggregated                                                                       801     0(0.00%) |    277       6    6830     12 |   24.90        0.00

Type     Name                                                                          # reqs      # fails |    Avg     Min     Max    Med |   req/s  failures/s
--------|----------------------------------------------------------------------------|-------|-------------|-------|-------|-------|-------|--------|-----------
GET      GET /api/v1/reservas                                                             800     0(0.00%) |     14       6      71     12 |   24.80        0.00
POST     POST /api/v1/auth/login                                                           50     0(0.00%) |   4232    1799    6830   4500 |    0.00        0.00
--------|----------------------------------------------------------------------------|-------|-------------|-------|-------|-------|-------|--------|-----------
         Aggregated                                                                       850     0(0.00%) |    262       6    6830     12 |   24.80        0.00

Type     Name                                                                          # reqs      # fails |    Avg     Min     Max    Med |   req/s  failures/s
--------|----------------------------------------------------------------------------|-------|-------------|-------|-------|-------|-------|--------|-----------
GET      GET /api/v1/reservas                                                             846     0(0.00%) |     15       6      71     12 |   24.80        0.00
POST     POST /api/v1/auth/login                                                           50     0(0.00%) |   4232    1799    6830   4500 |    0.00        0.00
--------|----------------------------------------------------------------------------|-------|-------------|-------|-------|-------|-------|--------|-----------
         Aggregated                                                                       896     0(0.00%) |    250       6    6830     12 |   24.80        0.00

Type     Name                                                                          # reqs      # fails |    Avg     Min     Max    Med |   req/s  failures/s
--------|----------------------------------------------------------------------------|-------|-------------|-------|-------|-------|-------|--------|-----------
GET      GET /api/v1/reservas                                                             901     0(0.00%) |     16       6      73     12 |   24.40        0.00
POST     POST /api/v1/auth/login                                                           50     0(0.00%) |   4232    1799    6830   4500 |    0.00        0.00
--------|----------------------------------------------------------------------------|-------|-------------|-------|-------|-------|-------|--------|-----------
         Aggregated                                                                       951     0(0.00%) |    237       6    6830     13 |   24.40        0.00

Type     Name                                                                          # reqs      # fails |    Avg     Min     Max    Med |   req/s  failures/s
--------|----------------------------------------------------------------------------|-------|-------------|-------|-------|-------|-------|--------|-----------
GET      GET /api/v1/reservas                                                             944     0(0.00%) |     18       6     158     13 |   24.10        0.00
POST     POST /api/v1/auth/login                                                           50     0(0.00%) |   4232    1799    6830   4500 |    0.00        0.00
--------|----------------------------------------------------------------------------|-------|-------------|-------|-------|-------|-------|--------|-----------
         Aggregated                                                                       994     0(0.00%) |    230       6    6830     13 |   24.10        0.00

Type     Name                                                                          # reqs      # fails |    Avg     Min     Max    Med |   req/s  failures/s
--------|----------------------------------------------------------------------------|-------|-------------|-------|-------|-------|-------|--------|-----------
GET      GET /api/v1/reservas                                                             992     0(0.00%) |     18       6     158     13 |   23.90        0.00
POST     POST /api/v1/auth/login                                                           50     0(0.00%) |   4232    1799    6830   4500 |    0.00        0.00
--------|----------------------------------------------------------------------------|-------|-------------|-------|-------|-------|-------|--------|-----------
         Aggregated                                                                      1042     0(0.00%) |    220       6    6830     13 |   23.90        0.00

Type     Name                                                                          # reqs      # fails |    Avg     Min     Max    Med |   req/s  failures/s
--------|----------------------------------------------------------------------------|-------|-------------|-------|-------|-------|-------|--------|-----------
GET      GET /api/v1/reservas                                                            1041     0(0.00%) |     18       6     158     13 |   24.00        0.00
POST     POST /api/v1/auth/login                                                           50     0(0.00%) |   4232    1799    6830   4500 |    0.00        0.00
--------|----------------------------------------------------------------------------|-------|-------------|-------|-------|-------|-------|--------|-----------
         Aggregated                                                                      1091     0(0.00%) |    211       6    6830     14 |   24.00        0.00

Type     Name                                                                          # reqs      # fails |    Avg     Min     Max    Med |   req/s  failures/s
--------|----------------------------------------------------------------------------|-------|-------------|-------|-------|-------|-------|--------|-----------
GET      GET /api/v1/reservas                                                            1092     0(0.00%) |     18       6     158     13 |   24.00        0.00
POST     POST /api/v1/auth/login                                                           50     0(0.00%) |   4232    1799    6830   4500 |    0.00        0.00
--------|----------------------------------------------------------------------------|-------|-------------|-------|-------|-------|-------|--------|-----------
         Aggregated                                                                      1142     0(0.00%) |    202       6    6830     13 |   24.00        0.00

Type     Name                                                                          # reqs      # fails |    Avg     Min     Max    Med |   req/s  failures/s
--------|----------------------------------------------------------------------------|-------|-------------|-------|-------|-------|-------|--------|-----------
GET      GET /api/v1/reservas                                                            1141     0(0.00%) |     18       6     158     13 |   23.90        0.00
POST     POST /api/v1/auth/login                                                           50     0(0.00%) |   4232    1799    6830   4500 |    0.00        0.00
--------|----------------------------------------------------------------------------|-------|-------------|-------|-------|-------|-------|--------|-----------
         Aggregated                                                                      1191     0(0.00%) |    195       6    6830     13 |   23.90        0.00

Type     Name                                                                          # reqs      # fails |    Avg     Min     Max    Med |   req/s  failures/s
--------|----------------------------------------------------------------------------|-------|-------------|-------|-------|-------|-------|--------|-----------
GET      GET /api/v1/reservas                                                            1189     0(0.00%) |     18       6     158     13 |   24.20        0.00
POST     POST /api/v1/auth/login                                                           50     0(0.00%) |   4232    1799    6830   4500 |    0.00        0.00
--------|----------------------------------------------------------------------------|-------|-------------|-------|-------|-------|-------|--------|-----------
         Aggregated                                                                      1239     0(0.00%) |    188       6    6830     13 |   24.20        0.00

Type     Name                                                                          # reqs      # fails |    Avg     Min     Max    Med |   req/s  failures/s
--------|----------------------------------------------------------------------------|-------|-------------|-------|-------|-------|-------|--------|-----------
GET      GET /api/v1/reservas                                                            1236     0(0.00%) |     18       6     158     13 |   24.10        0.00
POST     POST /api/v1/auth/login                                                           50     0(0.00%) |   4232    1799    6830   4500 |    0.00        0.00
--------|----------------------------------------------------------------------------|-------|-------------|-------|-------|-------|-------|--------|-----------
         Aggregated                                                                      1286     0(0.00%) |    182       6    6830     13 |   24.10        0.00

Type     Name                                                                          # reqs      # fails |    Avg     Min     Max    Med |   req/s  failures/s
--------|----------------------------------------------------------------------------|-------|-------------|-------|-------|-------|-------|--------|-----------
GET      GET /api/v1/reservas                                                            1287     0(0.00%) |     18       6     158     13 |   24.70        0.00
POST     POST /api/v1/auth/login                                                           50     0(0.00%) |   4232    1799    6830   4500 |    0.00        0.00
--------|----------------------------------------------------------------------------|-------|-------------|-------|-------|-------|-------|--------|-----------
         Aggregated                                                                      1337     0(0.00%) |    176       6    6830     13 |   24.70        0.00

Type     Name                                                                          # reqs      # fails |    Avg     Min     Max    Med |   req/s  failures/s
--------|----------------------------------------------------------------------------|-------|-------------|-------|-------|-------|-------|--------|-----------
GET      GET /api/v1/reservas                                                            1335     0(0.00%) |     18       6     158     12 |   24.40        0.00
POST     POST /api/v1/auth/login                                                           50     0(0.00%) |   4232    1799    6830   4500 |    0.00        0.00
--------|----------------------------------------------------------------------------|-------|-------------|-------|-------|-------|-------|--------|-----------
         Aggregated                                                                      1385     0(0.00%) |    170       6    6830     13 |   24.40        0.00

Type     Name                                                                          # reqs      # fails |    Avg     Min     Max    Med |   req/s  failures/s
--------|----------------------------------------------------------------------------|-------|-------------|-------|-------|-------|-------|--------|-----------
GET      GET /api/v1/reservas                                                            1391     0(0.00%) |     18       6     158     12 |   24.90        0.00
POST     POST /api/v1/auth/login                                                           50     0(0.00%) |   4232    1799    6830   4500 |    0.00        0.00
--------|----------------------------------------------------------------------------|-------|-------------|-------|-------|-------|-------|--------|-----------
         Aggregated                                                                      1441     0(0.00%) |    164       6    6830     13 |   24.90        0.00

Type     Name                                                                          # reqs      # fails |    Avg     Min     Max    Med |   req/s  failures/s
--------|----------------------------------------------------------------------------|-------|-------------|-------|-------|-------|-------|--------|-----------
GET      GET /api/v1/reservas                                                            1440     0(0.00%) |     17       6     158     12 |   25.30        0.00
POST     POST /api/v1/auth/login                                                           50     0(0.00%) |   4232    1799    6830   4500 |    0.00        0.00
--------|----------------------------------------------------------------------------|-------|-------------|-------|-------|-------|-------|--------|-----------
         Aggregated                                                                      1490     0(0.00%) |    159       6    6830     13 |   25.30        0.00

Type     Name                                                                          # reqs      # fails |    Avg     Min     Max    Med |   req/s  failures/s
--------|----------------------------------------------------------------------------|-------|-------------|-------|-------|-------|-------|--------|-----------
GET      GET /api/v1/reservas                                                            1486     0(0.00%) |     17       6     158     12 |   24.50        0.00
POST     POST /api/v1/auth/login                                                           50     0(0.00%) |   4232    1799    6830   4500 |    0.00        0.00
--------|----------------------------------------------------------------------------|-------|-------------|-------|-------|-------|-------|--------|-----------
         Aggregated                                                                      1536     0(0.00%) |    154       6    6830     13 |   24.50        0.00

Type     Name                                                                          # reqs      # fails |    Avg     Min     Max    Med |   req/s  failures/s
--------|----------------------------------------------------------------------------|-------|-------------|-------|-------|-------|-------|--------|-----------
GET      GET /api/v1/reservas                                                            1537     0(0.00%) |     17       6     158     12 |   24.80        0.00
POST     POST /api/v1/auth/login                                                           50     0(0.00%) |   4232    1799    6830   4500 |    0.00        0.00
--------|----------------------------------------------------------------------------|-------|-------------|-------|-------|-------|-------|--------|-----------
         Aggregated                                                                      1587     0(0.00%) |    150       6    6830     12 |   24.80        0.00

Type     Name                                                                          # reqs      # fails |    Avg     Min     Max    Med |   req/s  failures/s
--------|----------------------------------------------------------------------------|-------|-------------|-------|-------|-------|-------|--------|-----------
GET      GET /api/v1/reservas                                                            1586     0(0.00%) |     17       6     158     12 |   24.60        0.00
POST     POST /api/v1/auth/login                                                           50     0(0.00%) |   4232    1799    6830   4500 |    0.00        0.00
--------|----------------------------------------------------------------------------|-------|-------------|-------|-------|-------|-------|--------|-----------
         Aggregated                                                                      1636     0(0.00%) |    146       6    6830     12 |   24.60        0.00

Type     Name                                                                          # reqs      # fails |    Avg     Min     Max    Med |   req/s  failures/s
--------|----------------------------------------------------------------------------|-------|-------------|-------|-------|-------|-------|--------|-----------
GET      GET /api/v1/reservas                                                            1628     0(0.00%) |     17       6     158     12 |   24.30        0.00
POST     POST /api/v1/auth/login                                                           50     0(0.00%) |   4232    1799    6830   4500 |    0.00        0.00
--------|----------------------------------------------------------------------------|-------|-------------|-------|-------|-------|-------|--------|-----------
         Aggregated                                                                      1678     0(0.00%) |    142       6    6830     12 |   24.30        0.00

Type     Name                                                                          # reqs      # fails |    Avg     Min     Max    Med |   req/s  failures/s
--------|----------------------------------------------------------------------------|-------|-------------|-------|-------|-------|-------|--------|-----------
GET      GET /api/v1/reservas                                                            1683     0(0.00%) |     17       6     158     12 |   24.10        0.00
POST     POST /api/v1/auth/login                                                           50     0(0.00%) |   4232    1799    6830   4500 |    0.00        0.00
--------|----------------------------------------------------------------------------|-------|-------------|-------|-------|-------|-------|--------|-----------
         Aggregated                                                                      1733     0(0.00%) |    138       6    6830     12 |   24.10        0.00

Type     Name                                                                          # reqs      # fails |    Avg     Min     Max    Med |   req/s  failures/s
--------|----------------------------------------------------------------------------|-------|-------------|-------|-------|-------|-------|--------|-----------
GET      GET /api/v1/reservas                                                            1733     0(0.00%) |     17       6     158     12 |   24.50        0.00
POST     POST /api/v1/auth/login                                                           50     0(0.00%) |   4232    1799    6830   4500 |    0.00        0.00
--------|----------------------------------------------------------------------------|-------|-------------|-------|-------|-------|-------|--------|-----------
         Aggregated                                                                      1783     0(0.00%) |    135       6    6830     12 |   24.50        0.00

Type     Name                                                                          # reqs      # fails |    Avg     Min     Max    Med |   req/s  failures/s
--------|----------------------------------------------------------------------------|-------|-------------|-------|-------|-------|-------|--------|-----------
GET      GET /api/v1/reservas                                                            1786     0(0.00%) |     16       6     158     12 |   24.40        0.00
POST     POST /api/v1/auth/login                                                           50     0(0.00%) |   4232    1799    6830   4500 |    0.00        0.00
--------|----------------------------------------------------------------------------|-------|-------------|-------|-------|-------|-------|--------|-----------
         Aggregated                                                                      1836     0(0.00%) |    131       6    6830     12 |   24.40        0.00

Type     Name                                                                          # reqs      # fails |    Avg     Min     Max    Med |   req/s  failures/s
--------|----------------------------------------------------------------------------|-------|-------------|-------|-------|-------|-------|--------|-----------
GET      GET /api/v1/reservas                                                            1834     0(0.00%) |     16       6     158     12 |   25.20        0.00
POST     POST /api/v1/auth/login                                                           50     0(0.00%) |   4232    1799    6830   4500 |    0.00        0.00
--------|----------------------------------------------------------------------------|-------|-------------|-------|-------|-------|-------|--------|-----------
         Aggregated                                                                      1884     0(0.00%) |    128       6    6830     12 |   25.20        0.00

Type     Name                                                                          # reqs      # fails |    Avg     Min     Max    Med |   req/s  failures/s
--------|----------------------------------------------------------------------------|-------|-------------|-------|-------|-------|-------|--------|-----------
GET      GET /api/v1/reservas                                                            1888     0(0.00%) |     16       6     158     12 |   25.10        0.00
POST     POST /api/v1/auth/login                                                           50     0(0.00%) |   4232    1799    6830   4500 |    0.00        0.00
--------|----------------------------------------------------------------------------|-------|-------------|-------|-------|-------|-------|--------|-----------
         Aggregated                                                                      1938     0(0.00%) |    125       6    6830     12 |   25.10        0.00

Type     Name                                                                          # reqs      # fails |    Avg     Min     Max    Med |   req/s  failures/s
--------|----------------------------------------------------------------------------|-------|-------------|-------|-------|-------|-------|--------|-----------
GET      GET /api/v1/reservas                                                            1933     0(0.00%) |     16       6     158     12 |   25.10        0.00
POST     POST /api/v1/auth/login                                                           50     0(0.00%) |   4232    1799    6830   4500 |    0.00        0.00
--------|----------------------------------------------------------------------------|-------|-------------|-------|-------|-------|-------|--------|-----------
         Aggregated                                                                      1983     0(0.00%) |    122       6    6830     12 |   25.10        0.00

Type     Name                                                                          # reqs      # fails |    Avg     Min     Max    Med |   req/s  failures/s
--------|----------------------------------------------------------------------------|-------|-------------|-------|-------|-------|-------|--------|-----------
GET      GET /api/v1/reservas                                                            1978     0(0.00%) |     16       6     158     12 |   25.40        0.00
POST     POST /api/v1/auth/login                                                           50     0(0.00%) |   4232    1799    6830   4500 |    0.00        0.00
--------|----------------------------------------------------------------------------|-------|-------------|-------|-------|-------|-------|--------|-----------
         Aggregated                                                                      2028     0(0.00%) |    120       6    6830     12 |   25.40        0.00

Type     Name                                                                          # reqs      # fails |    Avg     Min     Max    Med |   req/s  failures/s
--------|----------------------------------------------------------------------------|-------|-------------|-------|-------|-------|-------|--------|-----------
GET      GET /api/v1/reservas                                                            2035     0(0.00%) |     16       6     158     12 |   25.20        0.00
POST     POST /api/v1/auth/login                                                           50     0(0.00%) |   4232    1799    6830   4500 |    0.00        0.00
--------|----------------------------------------------------------------------------|-------|-------------|-------|-------|-------|-------|--------|-----------
         Aggregated                                                                      2085     0(0.00%) |    117       6    6830     12 |   25.20        0.00

Type     Name                                                                          # reqs      # fails |    Avg     Min     Max    Med |   req/s  failures/s
--------|----------------------------------------------------------------------------|-------|-------------|-------|-------|-------|-------|--------|-----------
GET      GET /api/v1/reservas                                                            2087     0(0.00%) |     16       6     158     12 |   24.30        0.00
POST     POST /api/v1/auth/login                                                           50     0(0.00%) |   4232    1799    6830   4500 |    0.00        0.00
--------|----------------------------------------------------------------------------|-------|-------------|-------|-------|-------|-------|--------|-----------
         Aggregated                                                                      2137     0(0.00%) |    114       6    6830     12 |   24.30        0.00

Type     Name                                                                          # reqs      # fails |    Avg     Min     Max    Med |   req/s  failures/s
--------|----------------------------------------------------------------------------|-------|-------------|-------|-------|-------|-------|--------|-----------
GET      GET /api/v1/reservas                                                            2130     0(0.00%) |     16       6     158     12 |   25.30        0.00
POST     POST /api/v1/auth/login                                                           50     0(0.00%) |   4232    1799    6830   4500 |    0.00        0.00
--------|----------------------------------------------------------------------------|-------|-------------|-------|-------|-------|-------|--------|-----------
         Aggregated                                                                      2180     0(0.00%) |    112       6    6830     12 |   25.30        0.00

Type     Name                                                                          # reqs      # fails |    Avg     Min     Max    Med |   req/s  failures/s
--------|----------------------------------------------------------------------------|-------|-------------|-------|-------|-------|-------|--------|-----------
GET      GET /api/v1/reservas                                                            2179     0(0.00%) |     16       6     158     12 |   24.50        0.00
POST     POST /api/v1/auth/login                                                           50     0(0.00%) |   4232    1799    6830   4500 |    0.00        0.00
--------|----------------------------------------------------------------------------|-------|-------------|-------|-------|-------|-------|--------|-----------
         Aggregated                                                                      2229     0(0.00%) |    110       6    6830     12 |   24.50        0.00

Type     Name                                                                          # reqs      # fails |    Avg     Min     Max    Med |   req/s  failures/s
--------|----------------------------------------------------------------------------|-------|-------------|-------|-------|-------|-------|--------|-----------
GET      GET /api/v1/reservas                                                            2231     0(0.00%) |     16       6     158     12 |   24.70        0.00
POST     POST /api/v1/auth/login                                                           50     0(0.00%) |   4232    1799    6830   4500 |    0.00        0.00
--------|----------------------------------------------------------------------------|-------|-------------|-------|-------|-------|-------|--------|-----------
         Aggregated                                                                      2281     0(0.00%) |    108       6    6830     12 |   24.70        0.00

Type     Name                                                                          # reqs      # fails |    Avg     Min     Max    Med |   req/s  failures/s
--------|----------------------------------------------------------------------------|-------|-------------|-------|-------|-------|-------|--------|-----------
GET      GET /api/v1/reservas                                                            2275     0(0.00%) |     15       6     158     12 |   24.30        0.00
POST     POST /api/v1/auth/login                                                           50     0(0.00%) |   4232    1799    6830   4500 |    0.00        0.00
--------|----------------------------------------------------------------------------|-------|-------------|-------|-------|-------|-------|--------|-----------
         Aggregated                                                                      2325     0(0.00%) |    106       6    6830     12 |   24.30        0.00

Type     Name                                                                          # reqs      # fails |    Avg     Min     Max    Med |   req/s  failures/s
--------|----------------------------------------------------------------------------|-------|-------------|-------|-------|-------|-------|--------|-----------
GET      GET /api/v1/reservas                                                            2325     0(0.00%) |     15       6     158     12 |   25.20        0.00
POST     POST /api/v1/auth/login                                                           50     0(0.00%) |   4232    1799    6830   4500 |    0.00        0.00
--------|----------------------------------------------------------------------------|-------|-------------|-------|-------|-------|-------|--------|-----------
         Aggregated                                                                      2375     0(0.00%) |    104       6    6830     12 |   25.20        0.00

Type     Name                                                                          # reqs      # fails |    Avg     Min     Max    Med |   req/s  failures/s
--------|----------------------------------------------------------------------------|-------|-------------|-------|-------|-------|-------|--------|-----------
GET      GET /api/v1/reservas                                                            2376     0(0.00%) |     15       6     158     12 |   23.80        0.00
POST     POST /api/v1/auth/login                                                           50     0(0.00%) |   4232    1799    6830   4500 |    0.00        0.00
--------|----------------------------------------------------------------------------|-------|-------------|-------|-------|-------|-------|--------|-----------
         Aggregated                                                                      2426     0(0.00%) |    102       6    6830     12 |   23.80        0.00

Type     Name                                                                          # reqs      # fails |    Avg     Min     Max    Med |   req/s  failures/s
--------|----------------------------------------------------------------------------|-------|-------------|-------|-------|-------|-------|--------|-----------
GET      GET /api/v1/reservas                                                            2422     0(0.00%) |     15       6     158     12 |   24.50        0.00
POST     POST /api/v1/auth/login                                                           50     0(0.00%) |   4232    1799    6830   4500 |    0.00        0.00
--------|----------------------------------------------------------------------------|-------|-------------|-------|-------|-------|-------|--------|-----------
         Aggregated                                                                      2472     0(0.00%) |    101       6    6830     12 |   24.50        0.00

Type     Name                                                                          # reqs      # fails |    Avg     Min     Max    Med |   req/s  failures/s
--------|----------------------------------------------------------------------------|-------|-------------|-------|-------|-------|-------|--------|-----------
GET      GET /api/v1/reservas                                                            2471     0(0.00%) |     15       6     158     12 |   24.30        0.00
POST     POST /api/v1/auth/login                                                           50     0(0.00%) |   4232    1799    6830   4500 |    0.00        0.00
--------|----------------------------------------------------------------------------|-------|-------------|-------|-------|-------|-------|--------|-----------
         Aggregated                                                                      2521     0(0.00%) |     99       6    6830     12 |   24.30        0.00

Type     Name                                                                          # reqs      # fails |    Avg     Min     Max    Med |   req/s  failures/s
--------|----------------------------------------------------------------------------|-------|-------------|-------|-------|-------|-------|--------|-----------
GET      GET /api/v1/reservas                                                            2521     0(0.00%) |     15       6     158     12 |   24.50        0.00
POST     POST /api/v1/auth/login                                                           50     0(0.00%) |   4232    1799    6830   4500 |    0.00        0.00
--------|----------------------------------------------------------------------------|-------|-------------|-------|-------|-------|-------|--------|-----------
         Aggregated                                                                      2571     0(0.00%) |     97       6    6830     12 |   24.50        0.00

Type     Name                                                                          # reqs      # fails |    Avg     Min     Max    Med |   req/s  failures/s
--------|----------------------------------------------------------------------------|-------|-------------|-------|-------|-------|-------|--------|-----------
GET      GET /api/v1/reservas                                                            2572     0(0.00%) |     15       6     158     12 |   24.00        0.00
POST     POST /api/v1/auth/login                                                           50     0(0.00%) |   4232    1799    6830   4500 |    0.00        0.00
--------|----------------------------------------------------------------------------|-------|-------------|-------|-------|-------|-------|--------|-----------
         Aggregated                                                                      2622     0(0.00%) |     95       6    6830     12 |   24.00        0.00

Type     Name                                                                          # reqs      # fails |    Avg     Min     Max    Med |   req/s  failures/s
--------|----------------------------------------------------------------------------|-------|-------------|-------|-------|-------|-------|--------|-----------
GET      GET /api/v1/reservas                                                            2620     0(0.00%) |     15       6     158     12 |   24.80        0.00
POST     POST /api/v1/auth/login                                                           50     0(0.00%) |   4232    1799    6830   4500 |    0.00        0.00
--------|----------------------------------------------------------------------------|-------|-------------|-------|-------|-------|-------|--------|-----------
         Aggregated                                                                      2670     0(0.00%) |     94       6    6830     12 |   24.80        0.00

Type     Name                                                                          # reqs      # fails |    Avg     Min     Max    Med |   req/s  failures/s
--------|----------------------------------------------------------------------------|-------|-------------|-------|-------|-------|-------|--------|-----------
GET      GET /api/v1/reservas                                                            2670     0(0.00%) |     15       6     158     12 |   25.00        0.00
POST     POST /api/v1/auth/login                                                           50     0(0.00%) |   4232    1799    6830   4500 |    0.00        0.00
--------|----------------------------------------------------------------------------|-------|-------------|-------|-------|-------|-------|--------|-----------
         Aggregated                                                                      2720     0(0.00%) |     92       6    6830     12 |   25.00        0.00

Type     Name                                                                          # reqs      # fails |    Avg     Min     Max    Med |   req/s  failures/s
--------|----------------------------------------------------------------------------|-------|-------------|-------|-------|-------|-------|--------|-----------
GET      GET /api/v1/reservas                                                            2723     0(0.00%) |     15       6     158     12 |   24.30        0.00
POST     POST /api/v1/auth/login                                                           50     0(0.00%) |   4232    1799    6830   4500 |    0.00        0.00
--------|----------------------------------------------------------------------------|-------|-------------|-------|-------|-------|-------|--------|-----------
         Aggregated                                                                      2773     0(0.00%) |     91       6    6830     12 |   24.30        0.00

Type     Name                                                                          # reqs      # fails |    Avg     Min     Max    Med |   req/s  failures/s
--------|----------------------------------------------------------------------------|-------|-------------|-------|-------|-------|-------|--------|-----------
GET      GET /api/v1/reservas                                                            2776     0(0.00%) |     15       6     158     12 |   24.90        0.00
POST     POST /api/v1/auth/login                                                           50     0(0.00%) |   4232    1799    6830   4500 |    0.00        0.00
--------|----------------------------------------------------------------------------|-------|-------------|-------|-------|-------|-------|--------|-----------
         Aggregated                                                                      2826     0(0.00%) |     89       6    6830     12 |   24.90        0.00

Type     Name                                                                          # reqs      # fails |    Avg     Min     Max    Med |   req/s  failures/s
--------|----------------------------------------------------------------------------|-------|-------------|-------|-------|-------|-------|--------|-----------
GET      GET /api/v1/reservas                                                            2820     0(0.00%) |     15       6     158     12 |   25.30        0.00
POST     POST /api/v1/auth/login                                                           50     0(0.00%) |   4232    1799    6830   4500 |    0.00        0.00
--------|----------------------------------------------------------------------------|-------|-------------|-------|-------|-------|-------|--------|-----------
         Aggregated                                                                      2870     0(0.00%) |     88       6    6830     12 |   25.30        0.00

Type     Name                                                                          # reqs      # fails |    Avg     Min     Max    Med |   req/s  failures/s
--------|----------------------------------------------------------------------------|-------|-------------|-------|-------|-------|-------|--------|-----------
GET      GET /api/v1/reservas                                                            2871     0(0.00%) |     15       6     158     12 |   25.00        0.00
POST     POST /api/v1/auth/login                                                           50     0(0.00%) |   4232    1799    6830   4500 |    0.00        0.00
--------|----------------------------------------------------------------------------|-------|-------------|-------|-------|-------|-------|--------|-----------
         Aggregated                                                                      2921     0(0.00%) |     87       6    6830     12 |   25.00        0.00

Type     Name                                                                          # reqs      # fails |    Avg     Min     Max    Med |   req/s  failures/s
--------|----------------------------------------------------------------------------|-------|-------------|-------|-------|-------|-------|--------|-----------
GET      GET /api/v1/reservas                                                            2919     0(0.00%) |     15       6     158     12 |   24.70        0.00
POST     POST /api/v1/auth/login                                                           50     0(0.00%) |   4232    1799    6830   4500 |    0.00        0.00
--------|----------------------------------------------------------------------------|-------|-------------|-------|-------|-------|-------|--------|-----------
         Aggregated                                                                      2969     0(0.00%) |     86       6    6830     12 |   24.70        0.00

Type     Name                                                                          # reqs      # fails |    Avg     Min     Max    Med |   req/s  failures/s
--------|----------------------------------------------------------------------------|-------|-------------|-------|-------|-------|-------|--------|-----------
GET      GET /api/v1/reservas                                                            2969     0(0.00%) |     15       6     158     12 |   25.30        0.00
POST     POST /api/v1/auth/login                                                           50     0(0.00%) |   4232    1799    6830   4500 |    0.00        0.00
--------|----------------------------------------------------------------------------|-------|-------------|-------|-------|-------|-------|--------|-----------
         Aggregated                                                                      3019     0(0.00%) |     84       6    6830     12 |   25.30        0.00

Type     Name                                                                          # reqs      # fails |    Avg     Min     Max    Med |   req/s  failures/s
--------|----------------------------------------------------------------------------|-------|-------------|-------|-------|-------|-------|--------|-----------
GET      GET /api/v1/reservas                                                            3016     0(0.00%) |     15       6     158     12 |   25.00        0.00
POST     POST /api/v1/auth/login                                                           50     0(0.00%) |   4232    1799    6830   4500 |    0.00        0.00
--------|----------------------------------------------------------------------------|-------|-------------|-------|-------|-------|-------|--------|-----------
         Aggregated                                                                      3066     0(0.00%) |     83       6    6830     12 |   25.00        0.00

Type     Name                                                                          # reqs      # fails |    Avg     Min     Max    Med |   req/s  failures/s
--------|----------------------------------------------------------------------------|-------|-------------|-------|-------|-------|-------|--------|-----------
GET      GET /api/v1/reservas                                                            3068     0(0.00%) |     14       6     158     12 |   24.80        0.00
POST     POST /api/v1/auth/login                                                           50     0(0.00%) |   4232    1799    6830   4500 |    0.00        0.00
--------|----------------------------------------------------------------------------|-------|-------------|-------|-------|-------|-------|--------|-----------
         Aggregated                                                                      3118     0(0.00%) |     82       6    6830     12 |   24.80        0.00

Type     Name                                                                          # reqs      # fails |    Avg     Min     Max    Med |   req/s  failures/s
--------|----------------------------------------------------------------------------|-------|-------------|-------|-------|-------|-------|--------|-----------
GET      GET /api/v1/reservas                                                            3115     0(0.00%) |     14       6     158     12 |   24.30        0.00
POST     POST /api/v1/auth/login                                                           50     0(0.00%) |   4232    1799    6830   4500 |    0.00        0.00
--------|----------------------------------------------------------------------------|-------|-------------|-------|-------|-------|-------|--------|-----------
         Aggregated                                                                      3165     0(0.00%) |     81       6    6830     12 |   24.30        0.00

Type     Name                                                                          # reqs      # fails |    Avg     Min     Max    Med |   req/s  failures/s
--------|----------------------------------------------------------------------------|-------|-------------|-------|-------|-------|-------|--------|-----------
GET      GET /api/v1/reservas                                                            3168     0(0.00%) |     14       6     158     12 |   24.40        0.00
POST     POST /api/v1/auth/login                                                           50     0(0.00%) |   4232    1799    6830   4500 |    0.00        0.00
--------|----------------------------------------------------------------------------|-------|-------------|-------|-------|-------|-------|--------|-----------
         Aggregated                                                                      3218     0(0.00%) |     80       6    6830     12 |   24.40        0.00

Type     Name                                                                          # reqs      # fails |    Avg     Min     Max    Med |   req/s  failures/s
--------|----------------------------------------------------------------------------|-------|-------------|-------|-------|-------|-------|--------|-----------
GET      GET /api/v1/reservas                                                            3219     0(0.00%) |     14       6     158     12 |   24.60        0.00
POST     POST /api/v1/auth/login                                                           50     0(0.00%) |   4232    1799    6830   4500 |    0.00        0.00
--------|----------------------------------------------------------------------------|-------|-------------|-------|-------|-------|-------|--------|-----------
         Aggregated                                                                      3269     0(0.00%) |     79       6    6830     12 |   24.60        0.00

Type     Name                                                                          # reqs      # fails |    Avg     Min     Max    Med |   req/s  failures/s
--------|----------------------------------------------------------------------------|-------|-------------|-------|-------|-------|-------|--------|-----------
GET      GET /api/v1/reservas                                                            3270     0(0.00%) |     14       6     158     12 |   24.50        0.00
POST     POST /api/v1/auth/login                                                           50     0(0.00%) |   4232    1799    6830   4500 |    0.00        0.00
--------|----------------------------------------------------------------------------|-------|-------------|-------|-------|-------|-------|--------|-----------
         Aggregated                                                                      3320     0(0.00%) |     78       6    6830     12 |   24.50        0.00

Type     Name                                                                          # reqs      # fails |    Avg     Min     Max    Med |   req/s  failures/s
--------|----------------------------------------------------------------------------|-------|-------------|-------|-------|-------|-------|--------|-----------
GET      GET /api/v1/reservas                                                            3325     0(0.00%) |     14       6     158     12 |   25.00        0.00
POST     POST /api/v1/auth/login                                                           50     0(0.00%) |   4232    1799    6830   4500 |    0.00        0.00
--------|----------------------------------------------------------------------------|-------|-------------|-------|-------|-------|-------|--------|-----------
         Aggregated                                                                      3375     0(0.00%) |     77       6    6830     12 |   25.00        0.00

Type     Name                                                                          # reqs      # fails |    Avg     Min     Max    Med |   req/s  failures/s
--------|----------------------------------------------------------------------------|-------|-------------|-------|-------|-------|-------|--------|-----------
GET      GET /api/v1/reservas                                                            3373     0(0.00%) |     14       6     158     12 |   25.00        0.00
POST     POST /api/v1/auth/login                                                           50     0(0.00%) |   4232    1799    6830   4500 |    0.00        0.00
--------|----------------------------------------------------------------------------|-------|-------------|-------|-------|-------|-------|--------|-----------
         Aggregated                                                                      3423     0(0.00%) |     76       6    6830     12 |   25.00        0.00

Type     Name                                                                          # reqs      # fails |    Avg     Min     Max    Med |   req/s  failures/s
--------|----------------------------------------------------------------------------|-------|-------------|-------|-------|-------|-------|--------|-----------
GET      GET /api/v1/reservas                                                            3420     0(0.00%) |     14       6     158     11 |   25.60        0.00
POST     POST /api/v1/auth/login                                                           50     0(0.00%) |   4232    1799    6830   4500 |    0.00        0.00
--------|----------------------------------------------------------------------------|-------|-------------|-------|-------|-------|-------|--------|-----------
         Aggregated                                                                      3470     0(0.00%) |     75       6    6830     12 |   25.60        0.00

Type     Name                                                                          # reqs      # fails |    Avg     Min     Max    Med |   req/s  failures/s
--------|----------------------------------------------------------------------------|-------|-------------|-------|-------|-------|-------|--------|-----------
GET      GET /api/v1/reservas                                                            3471     0(0.00%) |     14       6     158     11 |   25.30        0.00
POST     POST /api/v1/auth/login                                                           50     0(0.00%) |   4232    1799    6830   4500 |    0.00        0.00
--------|----------------------------------------------------------------------------|-------|-------------|-------|-------|-------|-------|--------|-----------
         Aggregated                                                                      3521     0(0.00%) |     74       6    6830     12 |   25.30        0.00

Type     Name                                                                          # reqs      # fails |    Avg     Min     Max    Med |   req/s  failures/s
--------|----------------------------------------------------------------------------|-------|-------------|-------|-------|-------|-------|--------|-----------
GET      GET /api/v1/reservas                                                            3516     0(0.00%) |     14       6     158     11 |   25.30        0.00
POST     POST /api/v1/auth/login                                                           50     0(0.00%) |   4232    1799    6830   4500 |    0.00        0.00
--------|----------------------------------------------------------------------------|-------|-------------|-------|-------|-------|-------|--------|-----------
         Aggregated                                                                      3566     0(0.00%) |     73       6    6830     12 |   25.30        0.00

Type     Name                                                                          # reqs      # fails |    Avg     Min     Max    Med |   req/s  failures/s
--------|----------------------------------------------------------------------------|-------|-------------|-------|-------|-------|-------|--------|-----------
GET      GET /api/v1/reservas                                                            3573     0(0.00%) |     14       6     158     11 |   24.40        0.00
POST     POST /api/v1/auth/login                                                           50     0(0.00%) |   4232    1799    6830   4500 |    0.00        0.00
--------|----------------------------------------------------------------------------|-------|-------------|-------|-------|-------|-------|--------|-----------
         Aggregated                                                                      3623     0(0.00%) |     72       6    6830     11 |   24.40        0.00

Type     Name                                                                          # reqs      # fails |    Avg     Min     Max    Med |   req/s  failures/s
--------|----------------------------------------------------------------------------|-------|-------------|-------|-------|-------|-------|--------|-----------
GET      GET /api/v1/reservas                                                            3617     0(0.00%) |     14       6     158     11 |   24.90        0.00
POST     POST /api/v1/auth/login                                                           50     0(0.00%) |   4232    1799    6830   4500 |    0.00        0.00
--------|----------------------------------------------------------------------------|-------|-------------|-------|-------|-------|-------|--------|-----------
         Aggregated                                                                      3667     0(0.00%) |     72       6    6830     11 |   24.90        0.00

Type     Name                                                                          # reqs      # fails |    Avg     Min     Max    Med |   req/s  failures/s
--------|----------------------------------------------------------------------------|-------|-------------|-------|-------|-------|-------|--------|-----------
GET      GET /api/v1/reservas                                                            3668     0(0.00%) |     14       6     158     11 |   24.60        0.00
POST     POST /api/v1/auth/login                                                           50     0(0.00%) |   4232    1799    6830   4500 |    0.00        0.00
--------|----------------------------------------------------------------------------|-------|-------------|-------|-------|-------|-------|--------|-----------
         Aggregated                                                                      3718     0(0.00%) |     71       6    6830     11 |   24.60        0.00

Type     Name                                                                          # reqs      # fails |    Avg     Min     Max    Med |   req/s  failures/s
--------|----------------------------------------------------------------------------|-------|-------------|-------|-------|-------|-------|--------|-----------
GET      GET /api/v1/reservas                                                            3717     0(0.00%) |     14       6     158     11 |   24.90        0.00
POST     POST /api/v1/auth/login                                                           50     0(0.00%) |   4232    1799    6830   4500 |    0.00        0.00
--------|----------------------------------------------------------------------------|-------|-------------|-------|-------|-------|-------|--------|-----------
         Aggregated                                                                      3767     0(0.00%) |     70       6    6830     11 |   24.90        0.00

Type     Name                                                                          # reqs      # fails |    Avg     Min     Max    Med |   req/s  failures/s
--------|----------------------------------------------------------------------------|-------|-------------|-------|-------|-------|-------|--------|-----------
GET      GET /api/v1/reservas                                                            3765     0(0.00%) |     14       6     158     11 |   24.50        0.00
POST     POST /api/v1/auth/login                                                           50     0(0.00%) |   4232    1799    6830   4500 |    0.00        0.00
--------|----------------------------------------------------------------------------|-------|-------------|-------|-------|-------|-------|--------|-----------
         Aggregated                                                                      3815     0(0.00%) |     69       6    6830     11 |   24.50        0.00

Type     Name                                                                          # reqs      # fails |    Avg     Min     Max    Med |   req/s  failures/s
--------|----------------------------------------------------------------------------|-------|-------------|-------|-------|-------|-------|--------|-----------
GET      GET /api/v1/reservas                                                            3812     0(0.00%) |     14       6     158     11 |   24.70        0.00
POST     POST /api/v1/auth/login                                                           50     0(0.00%) |   4232    1799    6830   4500 |    0.00        0.00
--------|----------------------------------------------------------------------------|-------|-------------|-------|-------|-------|-------|--------|-----------
         Aggregated                                                                      3862     0(0.00%) |     68       6    6830     11 |   24.70        0.00

Type     Name                                                                          # reqs      # fails |    Avg     Min     Max    Med |   req/s  failures/s
--------|----------------------------------------------------------------------------|-------|-------------|-------|-------|-------|-------|--------|-----------
GET      GET /api/v1/reservas                                                            3863     0(0.00%) |     14       6     158     11 |   24.70        0.00
POST     POST /api/v1/auth/login                                                           50     0(0.00%) |   4232    1799    6830   4500 |    0.00        0.00
--------|----------------------------------------------------------------------------|-------|-------------|-------|-------|-------|-------|--------|-----------
         Aggregated                                                                      3913     0(0.00%) |     68       6    6830     11 |   24.70        0.00

Type     Name                                                                          # reqs      # fails |    Avg     Min     Max    Med |   req/s  failures/s
--------|----------------------------------------------------------------------------|-------|-------------|-------|-------|-------|-------|--------|-----------
GET      GET /api/v1/reservas                                                            3911     0(0.00%) |     14       6     158     11 |   24.80        0.00
POST     POST /api/v1/auth/login                                                           50     0(0.00%) |   4232    1799    6830   4500 |    0.00        0.00
--------|----------------------------------------------------------------------------|-------|-------------|-------|-------|-------|-------|--------|-----------
         Aggregated                                                                      3961     0(0.00%) |     67       6    6830     11 |   24.80        0.00

Type     Name                                                                          # reqs      # fails |    Avg     Min     Max    Med |   req/s  failures/s
--------|----------------------------------------------------------------------------|-------|-------------|-------|-------|-------|-------|--------|-----------
GET      GET /api/v1/reservas                                                            3966     0(0.00%) |     14       6     158     11 |   24.40        0.00
POST     POST /api/v1/auth/login                                                           50     0(0.00%) |   4232    1799    6830   4500 |    0.00        0.00
--------|----------------------------------------------------------------------------|-------|-------------|-------|-------|-------|-------|--------|-----------
         Aggregated                                                                      4016     0(0.00%) |     66       6    6830     11 |   24.40        0.00

Type     Name                                                                          # reqs      # fails |    Avg     Min     Max    Med |   req/s  failures/s
--------|----------------------------------------------------------------------------|-------|-------------|-------|-------|-------|-------|--------|-----------
GET      GET /api/v1/reservas                                                            4018     0(0.00%) |     14       6     158     11 |   24.80        0.00
POST     POST /api/v1/auth/login                                                           50     0(0.00%) |   4232    1799    6830   4500 |    0.00        0.00
--------|----------------------------------------------------------------------------|-------|-------------|-------|-------|-------|-------|--------|-----------
         Aggregated                                                                      4068     0(0.00%) |     66       6    6830     11 |   24.80        0.00

Type     Name                                                                          # reqs      # fails |    Avg     Min     Max    Med |   req/s  failures/s
--------|----------------------------------------------------------------------------|-------|-------------|-------|-------|-------|-------|--------|-----------
GET      GET /api/v1/reservas                                                            4068     0(0.00%) |     14       6     158     11 |   25.40        0.00
POST     POST /api/v1/auth/login                                                           50     0(0.00%) |   4232    1799    6830   4500 |    0.00        0.00
--------|----------------------------------------------------------------------------|-------|-------------|-------|-------|-------|-------|--------|-----------
         Aggregated                                                                      4118     0(0.00%) |     65       6    6830     11 |   25.40        0.00

Type     Name                                                                          # reqs      # fails |    Avg     Min     Max    Med |   req/s  failures/s
--------|----------------------------------------------------------------------------|-------|-------------|-------|-------|-------|-------|--------|-----------
GET      GET /api/v1/reservas                                                            4123     0(0.00%) |     14       6     158     11 |   25.60        0.00
POST     POST /api/v1/auth/login                                                           50     0(0.00%) |   4232    1799    6830   4500 |    0.00        0.00
--------|----------------------------------------------------------------------------|-------|-------------|-------|-------|-------|-------|--------|-----------
         Aggregated                                                                      4173     0(0.00%) |     64       6    6830     11 |   25.60        0.00

Type     Name                                                                          # reqs      # fails |    Avg     Min     Max    Med |   req/s  failures/s
--------|----------------------------------------------------------------------------|-------|-------------|-------|-------|-------|-------|--------|-----------
GET      GET /api/v1/reservas                                                            4168     1(0.02%) |     14       6     204     11 |   25.20        0.00
POST     POST /api/v1/auth/login                                                           50     0(0.00%) |   4232    1799    6830   4500 |    0.00        0.00
--------|----------------------------------------------------------------------------|-------|-------------|-------|-------|-------|-------|--------|-----------
         Aggregated                                                                      4218     1(0.02%) |     64       6    6830     11 |   25.20        0.00

Type     Name                                                                          # reqs      # fails |    Avg     Min     Max    Med |   req/s  failures/s
--------|----------------------------------------------------------------------------|-------|-------------|-------|-------|-------|-------|--------|-----------
GET      GET /api/v1/reservas                                                            4218     1(0.02%) |     15       6     204     11 |   24.80        0.00
POST     POST /api/v1/auth/login                                                           50     0(0.00%) |   4232    1799    6830   4500 |    0.00        0.00
--------|----------------------------------------------------------------------------|-------|-------------|-------|-------|-------|-------|--------|-----------
         Aggregated                                                                      4268     1(0.02%) |     64       6    6830     12 |   24.80        0.00

Type     Name                                                                          # reqs      # fails |    Avg     Min     Max    Med |   req/s  failures/s
--------|----------------------------------------------------------------------------|-------|-------------|-------|-------|-------|-------|--------|-----------
GET      GET /api/v1/reservas                                                            4262     1(0.02%) |     15       6     204     11 |   24.80        0.10
POST     POST /api/v1/auth/login                                                           50     0(0.00%) |   4232    1799    6830   4500 |    0.00        0.00
--------|----------------------------------------------------------------------------|-------|-------------|-------|-------|-------|-------|--------|-----------
         Aggregated                                                                      4312     1(0.02%) |     64       6    6830     12 |   24.80        0.10

Type     Name                                                                          # reqs      # fails |    Avg     Min     Max    Med |   req/s  failures/s
--------|----------------------------------------------------------------------------|-------|-------------|-------|-------|-------|-------|--------|-----------
GET      GET /api/v1/reservas                                                            4310     1(0.02%) |     15       6     204     11 |   24.10        0.10
POST     POST /api/v1/auth/login                                                           50     0(0.00%) |   4232    1799    6830   4500 |    0.00        0.00
--------|----------------------------------------------------------------------------|-------|-------------|-------|-------|-------|-------|--------|-----------
         Aggregated                                                                      4360     1(0.02%) |     63       6    6830     12 |   24.10        0.10

Type     Name                                                                          # reqs      # fails |    Avg     Min     Max    Med |   req/s  failures/s
--------|----------------------------------------------------------------------------|-------|-------------|-------|-------|-------|-------|--------|-----------
GET      GET /api/v1/reservas                                                            4363     1(0.02%) |     15       6     204     11 |   24.40        0.10
POST     POST /api/v1/auth/login                                                           50     0(0.00%) |   4232    1799    6830   4500 |    0.00        0.00
--------|----------------------------------------------------------------------------|-------|-------------|-------|-------|-------|-------|--------|-----------
         Aggregated                                                                      4413     1(0.02%) |     62       6    6830     12 |   24.40        0.10

Type     Name                                                                          # reqs      # fails |    Avg     Min     Max    Med |   req/s  failures/s
--------|----------------------------------------------------------------------------|-------|-------------|-------|-------|-------|-------|--------|-----------
GET      GET /api/v1/reservas                                                            4408     1(0.02%) |     15       6     204     12 |   24.00        0.10
POST     POST /api/v1/auth/login                                                           50     0(0.00%) |   4232    1799    6830   4500 |    0.00        0.00
--------|----------------------------------------------------------------------------|-------|-------------|-------|-------|-------|-------|--------|-----------
         Aggregated                                                                      4458     1(0.02%) |     62       6    6830     12 |   24.00        0.10

Type     Name                                                                          # reqs      # fails |    Avg     Min     Max    Med |   req/s  failures/s
--------|----------------------------------------------------------------------------|-------|-------------|-------|-------|-------|-------|--------|-----------
GET      GET /api/v1/reservas                                                            4456     1(0.02%) |     15       6     204     11 |   24.50        0.10
POST     POST /api/v1/auth/login                                                           50     0(0.00%) |   4232    1799    6830   4500 |    0.00        0.00
--------|----------------------------------------------------------------------------|-------|-------------|-------|-------|-------|-------|--------|-----------
         Aggregated                                                                      4506     1(0.02%) |     61       6    6830     12 |   24.50        0.10

Type     Name                                                                          # reqs      # fails |    Avg     Min     Max    Med |   req/s  failures/s
--------|----------------------------------------------------------------------------|-------|-------------|-------|-------|-------|-------|--------|-----------
GET      GET /api/v1/reservas                                                            4509     1(0.02%) |     15       6     204     11 |   24.90        0.00
POST     POST /api/v1/auth/login                                                           50     0(0.00%) |   4232    1799    6830   4500 |    0.00        0.00
--------|----------------------------------------------------------------------------|-------|-------------|-------|-------|-------|-------|--------|-----------
         Aggregated                                                                      4559     1(0.02%) |     61       6    6830     12 |   24.90        0.00

Type     Name                                                                          # reqs      # fails |    Avg     Min     Max    Med |   req/s  failures/s
--------|----------------------------------------------------------------------------|-------|-------------|-------|-------|-------|-------|--------|-----------
GET      GET /api/v1/reservas                                                            4559     1(0.02%) |     15       6     204     11 |   24.70        0.00
POST     POST /api/v1/auth/login                                                           50     0(0.00%) |   4232    1799    6830   4500 |    0.00        0.00
--------|----------------------------------------------------------------------------|-------|-------------|-------|-------|-------|-------|--------|-----------
         Aggregated                                                                      4609     1(0.02%) |     60       6    6830     12 |   24.70        0.00

Type     Name                                                                          # reqs      # fails |    Avg     Min     Max    Med |   req/s  failures/s
--------|----------------------------------------------------------------------------|-------|-------------|-------|-------|-------|-------|--------|-----------
GET      GET /api/v1/reservas                                                            4602     1(0.02%) |     15       6     204     11 |   24.10        0.00
POST     POST /api/v1/auth/login                                                           50     0(0.00%) |   4232    1799    6830   4500 |    0.00        0.00
--------|----------------------------------------------------------------------------|-------|-------------|-------|-------|-------|-------|--------|-----------
         Aggregated                                                                      4652     1(0.02%) |     60       6    6830     11 |   24.10        0.00

Type     Name                                                                          # reqs      # fails |    Avg     Min     Max    Med |   req/s  failures/s
--------|----------------------------------------------------------------------------|-------|-------------|-------|-------|-------|-------|--------|-----------
GET      GET /api/v1/reservas                                                            4658     1(0.02%) |     15       6     204     11 |   24.70        0.00
POST     POST /api/v1/auth/login                                                           50     0(0.00%) |   4232    1799    6830   4500 |    0.00        0.00
--------|----------------------------------------------------------------------------|-------|-------------|-------|-------|-------|-------|--------|-----------
         Aggregated                                                                      4708     1(0.02%) |     59       6    6830     12 |   24.70        0.00

Type     Name                                                                          # reqs      # fails |    Avg     Min     Max    Med |   req/s  failures/s
--------|----------------------------------------------------------------------------|-------|-------------|-------|-------|-------|-------|--------|-----------
GET      GET /api/v1/reservas                                                            4705     1(0.02%) |     15       6     204     11 |   24.80        0.00
POST     POST /api/v1/auth/login                                                           50     0(0.00%) |   4232    1799    6830   4500 |    0.00        0.00
--------|----------------------------------------------------------------------------|-------|-------------|-------|-------|-------|-------|--------|-----------
         Aggregated                                                                      4755     1(0.02%) |     59       6    6830     12 |   24.80        0.00

Type     Name                                                                          # reqs      # fails |    Avg     Min     Max    Med |   req/s  failures/s
--------|----------------------------------------------------------------------------|-------|-------------|-------|-------|-------|-------|--------|-----------
GET      GET /api/v1/reservas                                                            4753     1(0.02%) |     14       6     204     11 |   24.70        0.00
POST     POST /api/v1/auth/login                                                           50     0(0.00%) |   4232    1799    6830   4500 |    0.00        0.00
--------|----------------------------------------------------------------------------|-------|-------------|-------|-------|-------|-------|--------|-----------
         Aggregated                                                                      4803     1(0.02%) |     58       6    6830     12 |   24.70        0.00

Type     Name                                                                          # reqs      # fails |    Avg     Min     Max    Med |   req/s  failures/s
--------|----------------------------------------------------------------------------|-------|-------------|-------|-------|-------|-------|--------|-----------
GET      GET /api/v1/reservas                                                            4802     1(0.02%) |     14       6     204     11 |   24.40        0.00
POST     POST /api/v1/auth/login                                                           50     0(0.00%) |   4232    1799    6830   4500 |    0.00        0.00
--------|----------------------------------------------------------------------------|-------|-------------|-------|-------|-------|-------|--------|-----------
         Aggregated                                                                      4852     1(0.02%) |     58       6    6830     11 |   24.40        0.00

Type     Name                                                                          # reqs      # fails |    Avg     Min     Max    Med |   req/s  failures/s
--------|----------------------------------------------------------------------------|-------|-------------|-------|-------|-------|-------|--------|-----------
GET      GET /api/v1/reservas                                                            4852     1(0.02%) |     14       6     204     11 |   25.00        0.00
POST     POST /api/v1/auth/login                                                           50     0(0.00%) |   4232    1799    6830   4500 |    0.00        0.00
--------|----------------------------------------------------------------------------|-------|-------------|-------|-------|-------|-------|--------|-----------
         Aggregated                                                                      4902     1(0.02%) |     57       6    6830     11 |   25.00        0.00

Type     Name                                                                          # reqs      # fails |    Avg     Min     Max    Med |   req/s  failures/s
--------|----------------------------------------------------------------------------|-------|-------------|-------|-------|-------|-------|--------|-----------
GET      GET /api/v1/reservas                                                            4908     1(0.02%) |     14       6     204     11 |   24.90        0.00
POST     POST /api/v1/auth/login                                                           50     0(0.00%) |   4232    1799    6830   4500 |    0.00        0.00
--------|----------------------------------------------------------------------------|-------|-------------|-------|-------|-------|-------|--------|-----------
         Aggregated                                                                      4958     1(0.02%) |     57       6    6830     11 |   24.90        0.00

Type     Name                                                                          # reqs      # fails |    Avg     Min     Max    Med |   req/s  failures/s
--------|----------------------------------------------------------------------------|-------|-------------|-------|-------|-------|-------|--------|-----------
GET      GET /api/v1/reservas                                                            4954     1(0.02%) |     14       6     204     11 |   24.60        0.00
POST     POST /api/v1/auth/login                                                           50     0(0.00%) |   4232    1799    6830   4500 |    0.00        0.00
--------|----------------------------------------------------------------------------|-------|-------------|-------|-------|-------|-------|--------|-----------
         Aggregated                                                                      5004     1(0.02%) |     57       6    6830     11 |   24.60        0.00

Type     Name                                                                          # reqs      # fails |    Avg     Min     Max    Med |   req/s  failures/s
--------|----------------------------------------------------------------------------|-------|-------------|-------|-------|-------|-------|--------|-----------
GET      GET /api/v1/reservas                                                            5007     1(0.02%) |     14       6     204     11 |   24.60        0.00
POST     POST /api/v1/auth/login                                                           50     0(0.00%) |   4232    1799    6830   4500 |    0.00        0.00
--------|----------------------------------------------------------------------------|-------|-------------|-------|-------|-------|-------|--------|-----------
         Aggregated                                                                      5057     1(0.02%) |     56       6    6830     11 |   24.60        0.00

Type     Name                                                                          # reqs      # fails |    Avg     Min     Max    Med |   req/s  failures/s
--------|----------------------------------------------------------------------------|-------|-------------|-------|-------|-------|-------|--------|-----------
GET      GET /api/v1/reservas                                                            5055     1(0.02%) |     14       6     204     11 |   25.00        0.00
POST     POST /api/v1/auth/login                                                           50     0(0.00%) |   4232    1799    6830   4500 |    0.00        0.00
--------|----------------------------------------------------------------------------|-------|-------------|-------|-------|-------|-------|--------|-----------
         Aggregated                                                                      5105     1(0.02%) |     56       6    6830     11 |   25.00        0.00

Type     Name                                                                          # reqs      # fails |    Avg     Min     Max    Med |   req/s  failures/s
--------|----------------------------------------------------------------------------|-------|-------------|-------|-------|-------|-------|--------|-----------
GET      GET /api/v1/reservas                                                            5101     1(0.02%) |     14       6     204     11 |   24.60        0.00
POST     POST /api/v1/auth/login                                                           50     0(0.00%) |   4232    1799    6830   4500 |    0.00        0.00
--------|----------------------------------------------------------------------------|-------|-------------|-------|-------|-------|-------|--------|-----------
         Aggregated                                                                      5151     1(0.02%) |     55       6    6830     12 |   24.60        0.00

Type     Name                                                                          # reqs      # fails |    Avg     Min     Max    Med |   req/s  failures/s
--------|----------------------------------------------------------------------------|-------|-------------|-------|-------|-------|-------|--------|-----------
GET      GET /api/v1/reservas                                                            5145     1(0.02%) |     14       6     204     11 |   24.40        0.00
POST     POST /api/v1/auth/login                                                           50     0(0.00%) |   4232    1799    6830   4500 |    0.00        0.00
--------|----------------------------------------------------------------------------|-------|-------------|-------|-------|-------|-------|--------|-----------
         Aggregated                                                                      5195     1(0.02%) |     55       6    6830     12 |   24.40        0.00

Type     Name                                                                          # reqs      # fails |    Avg     Min     Max    Med |   req/s  failures/s
--------|----------------------------------------------------------------------------|-------|-------------|-------|-------|-------|-------|--------|-----------
GET      GET /api/v1/reservas                                                            5198     1(0.02%) |     14       6     204     11 |   24.60        0.00
POST     POST /api/v1/auth/login                                                           50     0(0.00%) |   4232    1799    6830   4500 |    0.00        0.00
--------|----------------------------------------------------------------------------|-------|-------------|-------|-------|-------|-------|--------|-----------
         Aggregated                                                                      5248     1(0.02%) |     54       6    6830     12 |   24.60        0.00

Type     Name                                                                          # reqs      # fails |    Avg     Min     Max    Med |   req/s  failures/s
--------|----------------------------------------------------------------------------|-------|-------------|-------|-------|-------|-------|--------|-----------
GET      GET /api/v1/reservas                                                            5250     1(0.02%) |     14       6     204     11 |   24.40        0.00
POST     POST /api/v1/auth/login                                                           50     0(0.00%) |   4232    1799    6830   4500 |    0.00        0.00
--------|----------------------------------------------------------------------------|-------|-------------|-------|-------|-------|-------|--------|-----------
         Aggregated                                                                      5300     1(0.02%) |     54       6    6830     12 |   24.40        0.00

Type     Name                                                                          # reqs      # fails |    Avg     Min     Max    Med |   req/s  failures/s
--------|----------------------------------------------------------------------------|-------|-------------|-------|-------|-------|-------|--------|-----------
GET      GET /api/v1/reservas                                                            5296     1(0.02%) |     14       6     204     11 |   24.90        0.00
POST     POST /api/v1/auth/login                                                           50     0(0.00%) |   4232    1799    6830   4500 |    0.00        0.00
--------|----------------------------------------------------------------------------|-------|-------------|-------|-------|-------|-------|--------|-----------
         Aggregated                                                                      5346     1(0.02%) |     54       6    6830     12 |   24.90        0.00

Type     Name                                                                          # reqs      # fails |    Avg     Min     Max    Med |   req/s  failures/s
--------|----------------------------------------------------------------------------|-------|-------------|-------|-------|-------|-------|--------|-----------
GET      GET /api/v1/reservas                                                            5346     1(0.02%) |     14       6     204     11 |   24.70        0.00
POST     POST /api/v1/auth/login                                                           50     0(0.00%) |   4232    1799    6830   4500 |    0.00        0.00
--------|----------------------------------------------------------------------------|-------|-------------|-------|-------|-------|-------|--------|-----------
         Aggregated                                                                      5396     1(0.02%) |     53       6    6830     12 |   24.70        0.00

Type     Name                                                                          # reqs      # fails |    Avg     Min     Max    Med |   req/s  failures/s
--------|----------------------------------------------------------------------------|-------|-------------|-------|-------|-------|-------|--------|-----------
GET      GET /api/v1/reservas                                                            5394     1(0.02%) |     14       6     204     11 |   25.00        0.00
POST     POST /api/v1/auth/login                                                           50     0(0.00%) |   4232    1799    6830   4500 |    0.00        0.00
--------|----------------------------------------------------------------------------|-------|-------------|-------|-------|-------|-------|--------|-----------
         Aggregated                                                                      5444     1(0.02%) |     53       6    6830     12 |   25.00        0.00

Type     Name                                                                          # reqs      # fails |    Avg     Min     Max    Med |   req/s  failures/s
--------|----------------------------------------------------------------------------|-------|-------------|-------|-------|-------|-------|--------|-----------
GET      GET /api/v1/reservas                                                            5447     1(0.02%) |     14       6     204     11 |   24.20        0.00
POST     POST /api/v1/auth/login                                                           50     0(0.00%) |   4232    1799    6830   4500 |    0.00        0.00
--------|----------------------------------------------------------------------------|-------|-------------|-------|-------|-------|-------|--------|-----------
         Aggregated                                                                      5497     1(0.02%) |     52       6    6830     11 |   24.20        0.00

Type     Name                                                                          # reqs      # fails |    Avg     Min     Max    Med |   req/s  failures/s
--------|----------------------------------------------------------------------------|-------|-------------|-------|-------|-------|-------|--------|-----------
GET      GET /api/v1/reservas                                                            5494     1(0.02%) |     14       6     204     11 |   24.90        0.00
POST     POST /api/v1/auth/login                                                           50     0(0.00%) |   4232    1799    6830   4500 |    0.00        0.00
--------|----------------------------------------------------------------------------|-------|-------------|-------|-------|-------|-------|--------|-----------
         Aggregated                                                                      5544     1(0.02%) |     52       6    6830     11 |   24.90        0.00

Type     Name                                                                          # reqs      # fails |    Avg     Min     Max    Med |   req/s  failures/s
--------|----------------------------------------------------------------------------|-------|-------------|-------|-------|-------|-------|--------|-----------
GET      GET /api/v1/reservas                                                            5543     1(0.02%) |     14       6     204     11 |   24.30        0.00
POST     POST /api/v1/auth/login                                                           50     0(0.00%) |   4232    1799    6830   4500 |    0.00        0.00
--------|----------------------------------------------------------------------------|-------|-------------|-------|-------|-------|-------|--------|-----------
         Aggregated                                                                      5593     1(0.02%) |     52       6    6830     11 |   24.30        0.00

Type     Name                                                                          # reqs      # fails |    Avg     Min     Max    Med |   req/s  failures/s
--------|----------------------------------------------------------------------------|-------|-------------|-------|-------|-------|-------|--------|-----------
GET      GET /api/v1/reservas                                                            5585     1(0.02%) |     14       6     204     11 |   24.00        0.00
POST     POST /api/v1/auth/login                                                           50     0(0.00%) |   4232    1799    6830   4500 |    0.00        0.00
--------|----------------------------------------------------------------------------|-------|-------------|-------|-------|-------|-------|--------|-----------
         Aggregated                                                                      5635     1(0.02%) |     51       6    6830     11 |   24.00        0.00

Type     Name                                                                          # reqs      # fails |    Avg     Min     Max    Med |   req/s  failures/s
--------|----------------------------------------------------------------------------|-------|-------------|-------|-------|-------|-------|--------|-----------
GET      GET /api/v1/reservas                                                            5637     1(0.02%) |     14       6     204     11 |   24.00        0.00
POST     POST /api/v1/auth/login                                                           50     0(0.00%) |   4232    1799    6830   4500 |    0.00        0.00
--------|----------------------------------------------------------------------------|-------|-------------|-------|-------|-------|-------|--------|-----------
         Aggregated                                                                      5687     1(0.02%) |     51       6    6830     11 |   24.00        0.00

Type     Name                                                                          # reqs      # fails |    Avg     Min     Max    Med |   req/s  failures/s
--------|----------------------------------------------------------------------------|-------|-------------|-------|-------|-------|-------|--------|-----------
GET      GET /api/v1/reservas                                                            5684     1(0.02%) |     14       6     204     11 |   24.60        0.00
POST     POST /api/v1/auth/login                                                           50     0(0.00%) |   4232    1799    6830   4500 |    0.00        0.00
--------|----------------------------------------------------------------------------|-------|-------------|-------|-------|-------|-------|--------|-----------
         Aggregated                                                                      5734     1(0.02%) |     51       6    6830     11 |   24.60        0.00

Type     Name                                                                          # reqs      # fails |    Avg     Min     Max    Med |   req/s  failures/s
--------|----------------------------------------------------------------------------|-------|-------------|-------|-------|-------|-------|--------|-----------
GET      GET /api/v1/reservas                                                            5736     1(0.02%) |     14       6     204     11 |   24.00        0.00
POST     POST /api/v1/auth/login                                                           50     0(0.00%) |   4232    1799    6830   4500 |    0.00        0.00
--------|----------------------------------------------------------------------------|-------|-------------|-------|-------|-------|-------|--------|-----------
         Aggregated                                                                      5786     1(0.02%) |     50       6    6830     11 |   24.00        0.00

Type     Name                                                                          # reqs      # fails |    Avg     Min     Max    Med |   req/s  failures/s
--------|----------------------------------------------------------------------------|-------|-------------|-------|-------|-------|-------|--------|-----------
GET      GET /api/v1/reservas                                                            5783     1(0.02%) |     14       6     204     11 |   24.70        0.00
POST     POST /api/v1/auth/login                                                           50     0(0.00%) |   4232    1799    6830   4500 |    0.00        0.00
--------|----------------------------------------------------------------------------|-------|-------------|-------|-------|-------|-------|--------|-----------
         Aggregated                                                                      5833     1(0.02%) |     50       6    6830     11 |   24.70        0.00

Type     Name                                                                          # reqs      # fails |    Avg     Min     Max    Med |   req/s  failures/s
--------|----------------------------------------------------------------------------|-------|-------------|-------|-------|-------|-------|--------|-----------
GET      GET /api/v1/reservas                                                            5831     1(0.02%) |     14       6     204     11 |   24.20        0.00
POST     POST /api/v1/auth/login                                                           50     0(0.00%) |   4232    1799    6830   4500 |    0.00        0.00
--------|----------------------------------------------------------------------------|-------|-------------|-------|-------|-------|-------|--------|-----------
         Aggregated                                                                      5881     1(0.02%) |     50       6    6830     11 |   24.20        0.00

Type     Name                                                                          # reqs      # fails |    Avg     Min     Max    Med |   req/s  failures/s
--------|----------------------------------------------------------------------------|-------|-------------|-------|-------|-------|-------|--------|-----------
GET      GET /api/v1/reservas                                                            5879     1(0.02%) |     14       6     204     11 |   24.10        0.00
POST     POST /api/v1/auth/login                                                           50     0(0.00%) |   4232    1799    6830   4500 |    0.00        0.00
--------|----------------------------------------------------------------------------|-------|-------------|-------|-------|-------|-------|--------|-----------
         Aggregated                                                                      5929     1(0.02%) |     50       6    6830     11 |   24.10        0.00

Type     Name                                                                          # reqs      # fails |    Avg     Min     Max    Med |   req/s  failures/s
--------|----------------------------------------------------------------------------|-------|-------------|-------|-------|-------|-------|--------|-----------
GET      GET /api/v1/reservas                                                            5925     1(0.02%) |     14       6     204     11 |   24.00        0.00
POST     POST /api/v1/auth/login                                                           50     0(0.00%) |   4232    1799    6830   4500 |    0.00        0.00
--------|----------------------------------------------------------------------------|-------|-------------|-------|-------|-------|-------|--------|-----------
         Aggregated                                                                      5975     1(0.02%) |     49       6    6830     11 |   24.00        0.00

Type     Name                                                                          # reqs      # fails |    Avg     Min     Max    Med |   req/s  failures/s
--------|----------------------------------------------------------------------------|-------|-------------|-------|-------|-------|-------|--------|-----------
GET      GET /api/v1/reservas                                                            5972     1(0.02%) |     14       6     204     11 |   24.20        0.00
POST     POST /api/v1/auth/login                                                           50     0(0.00%) |   4232    1799    6830   4500 |    0.00        0.00
--------|----------------------------------------------------------------------------|-------|-------------|-------|-------|-------|-------|--------|-----------
         Aggregated                                                                      6022     1(0.02%) |     49       6    6830     11 |   24.20        0.00

Type     Name                                                                          # reqs      # fails |    Avg     Min     Max    Med |   req/s  failures/s
--------|----------------------------------------------------------------------------|-------|-------------|-------|-------|-------|-------|--------|-----------
GET      GET /api/v1/reservas                                                            6024     1(0.02%) |     14       6     204     11 |   23.40        0.00
POST     POST /api/v1/auth/login                                                           50     0(0.00%) |   4232    1799    6830   4500 |    0.00        0.00
--------|----------------------------------------------------------------------------|-------|-------------|-------|-------|-------|-------|--------|-----------
         Aggregated                                                                      6074     1(0.02%) |     49       6    6830     11 |   23.40        0.00

Type     Name                                                                          # reqs      # fails |    Avg     Min     Max    Med |   req/s  failures/s
--------|----------------------------------------------------------------------------|-------|-------------|-------|-------|-------|-------|--------|-----------
GET      GET /api/v1/reservas                                                            6073     1(0.02%) |     14       6     204     11 |   24.80        0.00
POST     POST /api/v1/auth/login                                                           50     0(0.00%) |   4232    1799    6830   4500 |    0.00        0.00
--------|----------------------------------------------------------------------------|-------|-------------|-------|-------|-------|-------|--------|-----------
         Aggregated                                                                      6123     1(0.02%) |     48       6    6830     11 |   24.80        0.00

Type     Name                                                                          # reqs      # fails |    Avg     Min     Max    Med |   req/s  failures/s
--------|----------------------------------------------------------------------------|-------|-------------|-------|-------|-------|-------|--------|-----------
GET      GET /api/v1/reservas                                                            6122     1(0.02%) |     14       6     204     11 |   24.70        0.00
POST     POST /api/v1/auth/login                                                           50     0(0.00%) |   4232    1799    6830   4500 |    0.00        0.00
--------|----------------------------------------------------------------------------|-------|-------------|-------|-------|-------|-------|--------|-----------
         Aggregated                                                                      6172     1(0.02%) |     48       6    6830     11 |   24.70        0.00

Type     Name                                                                          # reqs      # fails |    Avg     Min     Max    Med |   req/s  failures/s
--------|----------------------------------------------------------------------------|-------|-------------|-------|-------|-------|-------|--------|-----------
GET      GET /api/v1/reservas                                                            6178     1(0.02%) |     14       6     204     11 |   24.60        0.00
POST     POST /api/v1/auth/login                                                           50     0(0.00%) |   4232    1799    6830   4500 |    0.00        0.00
--------|----------------------------------------------------------------------------|-------|-------------|-------|-------|-------|-------|--------|-----------
         Aggregated                                                                      6228     1(0.02%) |     48       6    6830     11 |   24.60        0.00

Type     Name                                                                          # reqs      # fails |    Avg     Min     Max    Med |   req/s  failures/s
--------|----------------------------------------------------------------------------|-------|-------------|-------|-------|-------|-------|--------|-----------
GET      GET /api/v1/reservas                                                            6225     1(0.02%) |     14       6     204     11 |   24.30        0.00
POST     POST /api/v1/auth/login                                                           50     0(0.00%) |   4232    1799    6830   4500 |    0.00        0.00
--------|----------------------------------------------------------------------------|-------|-------------|-------|-------|-------|-------|--------|-----------
         Aggregated                                                                      6275     1(0.02%) |     47       6    6830     11 |   24.30        0.00

Type     Name                                                                          # reqs      # fails |    Avg     Min     Max    Med |   req/s  failures/s
--------|----------------------------------------------------------------------------|-------|-------------|-------|-------|-------|-------|--------|-----------
GET      GET /api/v1/reservas                                                            6274     1(0.02%) |     14       6     204     11 |   24.90        0.00
POST     POST /api/v1/auth/login                                                           50     0(0.00%) |   4232    1799    6830   4500 |    0.00        0.00
--------|----------------------------------------------------------------------------|-------|-------------|-------|-------|-------|-------|--------|-----------
         Aggregated                                                                      6324     1(0.02%) |     47       6    6830     11 |   24.90        0.00

Type     Name                                                                          # reqs      # fails |    Avg     Min     Max    Med |   req/s  failures/s
--------|----------------------------------------------------------------------------|-------|-------------|-------|-------|-------|-------|--------|-----------
GET      GET /api/v1/reservas                                                            6324     1(0.02%) |     14       6     204     11 |   24.40        0.00
POST     POST /api/v1/auth/login                                                           50     0(0.00%) |   4232    1799    6830   4500 |    0.00        0.00
--------|----------------------------------------------------------------------------|-------|-------------|-------|-------|-------|-------|--------|-----------
         Aggregated                                                                      6374     1(0.02%) |     47       6    6830     11 |   24.40        0.00

Type     Name                                                                          # reqs      # fails |    Avg     Min     Max    Med |   req/s  failures/s
--------|----------------------------------------------------------------------------|-------|-------------|-------|-------|-------|-------|--------|-----------
GET      GET /api/v1/reservas                                                            6376     1(0.02%) |     14       6     204     11 |   24.70        0.00
POST     POST /api/v1/auth/login                                                           50     0(0.00%) |   4232    1799    6830   4500 |    0.00        0.00
--------|----------------------------------------------------------------------------|-------|-------------|-------|-------|-------|-------|--------|-----------
         Aggregated                                                                      6426     1(0.02%) |     47       6    6830     11 |   24.70        0.00

Type     Name                                                                          # reqs      # fails |    Avg     Min     Max    Med |   req/s  failures/s
--------|----------------------------------------------------------------------------|-------|-------------|-------|-------|-------|-------|--------|-----------
GET      GET /api/v1/reservas                                                            6424     1(0.02%) |     14       6     204     11 |   25.20        0.00
POST     POST /api/v1/auth/login                                                           50     0(0.00%) |   4232    1799    6830   4500 |    0.00        0.00
--------|----------------------------------------------------------------------------|-------|-------------|-------|-------|-------|-------|--------|-----------
         Aggregated                                                                      6474     1(0.02%) |     46       6    6830     11 |   25.20        0.00

Type     Name                                                                          # reqs      # fails |    Avg     Min     Max    Med |   req/s  failures/s
--------|----------------------------------------------------------------------------|-------|-------------|-------|-------|-------|-------|--------|-----------
GET      GET /api/v1/reservas                                                            6470     1(0.02%) |     14       6     204     11 |   25.30        0.00
POST     POST /api/v1/auth/login                                                           50     0(0.00%) |   4232    1799    6830   4500 |    0.00        0.00
--------|----------------------------------------------------------------------------|-------|-------------|-------|-------|-------|-------|--------|-----------
         Aggregated                                                                      6520     1(0.02%) |     46       6    6830     11 |   25.30        0.00

Type     Name                                                                          # reqs      # fails |    Avg     Min     Max    Med |   req/s  failures/s
--------|----------------------------------------------------------------------------|-------|-------------|-------|-------|-------|-------|--------|-----------
GET      GET /api/v1/reservas                                                            6523     1(0.02%) |     14       6     204     11 |   24.90        0.00
POST     POST /api/v1/auth/login                                                           50     0(0.00%) |   4232    1799    6830   4500 |    0.00        0.00
--------|----------------------------------------------------------------------------|-------|-------------|-------|-------|-------|-------|--------|-----------
         Aggregated                                                                      6573     1(0.02%) |     46       6    6830     11 |   24.90        0.00

Type     Name                                                                          # reqs      # fails |    Avg     Min     Max    Med |   req/s  failures/s
--------|----------------------------------------------------------------------------|-------|-------------|-------|-------|-------|-------|--------|-----------
GET      GET /api/v1/reservas                                                            6573     1(0.02%) |     14       6     204     11 |   24.70        0.00
POST     POST /api/v1/auth/login                                                           50     0(0.00%) |   4232    1799    6830   4500 |    0.00        0.00
--------|----------------------------------------------------------------------------|-------|-------------|-------|-------|-------|-------|--------|-----------
         Aggregated                                                                      6623     1(0.02%) |     46       6    6830     11 |   24.70        0.00

Type     Name                                                                          # reqs      # fails |    Avg     Min     Max    Med |   req/s  failures/s
--------|----------------------------------------------------------------------------|-------|-------------|-------|-------|-------|-------|--------|-----------
GET      GET /api/v1/reservas                                                            6620     1(0.02%) |     14       6     204     11 |   24.50        0.00
POST     POST /api/v1/auth/login                                                           50     0(0.00%) |   4232    1799    6830   4500 |    0.00        0.00
--------|----------------------------------------------------------------------------|-------|-------------|-------|-------|-------|-------|--------|-----------
         Aggregated                                                                      6670     1(0.01%) |     45       6    6830     11 |   24.50        0.00

Type     Name                                                                          # reqs      # fails |    Avg     Min     Max    Med |   req/s  failures/s
--------|----------------------------------------------------------------------------|-------|-------------|-------|-------|-------|-------|--------|-----------
GET      GET /api/v1/reservas                                                            6672     1(0.01%) |     14       6     204     11 |   24.70        0.00
POST     POST /api/v1/auth/login                                                           50     0(0.00%) |   4232    1799    6830   4500 |    0.00        0.00
--------|----------------------------------------------------------------------------|-------|-------------|-------|-------|-------|-------|--------|-----------
         Aggregated                                                                      6722     1(0.01%) |     45       6    6830     11 |   24.70        0.00

Type     Name                                                                          # reqs      # fails |    Avg     Min     Max    Med |   req/s  failures/s
--------|----------------------------------------------------------------------------|-------|-------------|-------|-------|-------|-------|--------|-----------
GET      GET /api/v1/reservas                                                            6723     1(0.01%) |     14       6     204     11 |   24.50        0.00
POST     POST /api/v1/auth/login                                                           50     0(0.00%) |   4232    1799    6830   4500 |    0.00        0.00
--------|----------------------------------------------------------------------------|-------|-------------|-------|-------|-------|-------|--------|-----------
         Aggregated                                                                      6773     1(0.01%) |     45       6    6830     11 |   24.50        0.00

Type     Name                                                                          # reqs      # fails |    Avg     Min     Max    Med |   req/s  failures/s
--------|----------------------------------------------------------------------------|-------|-------------|-------|-------|-------|-------|--------|-----------
GET      GET /api/v1/reservas                                                            6770     1(0.01%) |     14       6     204     11 |   24.60        0.00
POST     POST /api/v1/auth/login                                                           50     0(0.00%) |   4232    1799    6830   4500 |    0.00        0.00
--------|----------------------------------------------------------------------------|-------|-------------|-------|-------|-------|-------|--------|-----------
         Aggregated                                                                      6820     1(0.01%) |     45       6    6830     11 |   24.60        0.00

Type     Name                                                                          # reqs      # fails |    Avg     Min     Max    Med |   req/s  failures/s
--------|----------------------------------------------------------------------------|-------|-------------|-------|-------|-------|-------|--------|-----------
GET      GET /api/v1/reservas                                                            6821     1(0.01%) |     14       6     204     11 |   24.80        0.00
POST     POST /api/v1/auth/login                                                           50     0(0.00%) |   4232    1799    6830   4500 |    0.00        0.00
--------|----------------------------------------------------------------------------|-------|-------------|-------|-------|-------|-------|--------|-----------
         Aggregated                                                                      6871     1(0.01%) |     44       6    6830     11 |   24.80        0.00

Type     Name                                                                          # reqs      # fails |    Avg     Min     Max    Med |   req/s  failures/s
--------|----------------------------------------------------------------------------|-------|-------------|-------|-------|-------|-------|--------|-----------
GET      GET /api/v1/reservas                                                            6869     1(0.01%) |     14       6     204     11 |   24.40        0.00
POST     POST /api/v1/auth/login                                                           50     0(0.00%) |   4232    1799    6830   4500 |    0.00        0.00
--------|----------------------------------------------------------------------------|-------|-------------|-------|-------|-------|-------|--------|-----------
         Aggregated                                                                      6919     1(0.01%) |     44       6    6830     11 |   24.40        0.00

Type     Name                                                                          # reqs      # fails |    Avg     Min     Max    Med |   req/s  failures/s
--------|----------------------------------------------------------------------------|-------|-------------|-------|-------|-------|-------|--------|-----------
GET      GET /api/v1/reservas                                                            6922     1(0.01%) |     14       6     204     11 |   24.30        0.00
POST     POST /api/v1/auth/login                                                           50     0(0.00%) |   4232    1799    6830   4500 |    0.00        0.00
--------|----------------------------------------------------------------------------|-------|-------------|-------|-------|-------|-------|--------|-----------
         Aggregated                                                                      6972     1(0.01%) |     44       6    6830     11 |   24.30        0.00

Type     Name                                                                          # reqs      # fails |    Avg     Min     Max    Med |   req/s  failures/s
--------|----------------------------------------------------------------------------|-------|-------------|-------|-------|-------|-------|--------|-----------
GET      GET /api/v1/reservas                                                            6965     1(0.01%) |     14       6     204     11 |   24.70        0.00
POST     POST /api/v1/auth/login                                                           50     0(0.00%) |   4232    1799    6830   4500 |    0.00        0.00
--------|----------------------------------------------------------------------------|-------|-------------|-------|-------|-------|-------|--------|-----------
         Aggregated                                                                      7015     1(0.01%) |     44       6    6830     11 |   24.70        0.00

Type     Name                                                                          # reqs      # fails |    Avg     Min     Max    Med |   req/s  failures/s
--------|----------------------------------------------------------------------------|-------|-------------|-------|-------|-------|-------|--------|-----------
GET      GET /api/v1/reservas                                                            7020     1(0.01%) |     14       6     204     11 |   24.90        0.00
POST     POST /api/v1/auth/login                                                           50     0(0.00%) |   4232    1799    6830   4500 |    0.00        0.00
--------|----------------------------------------------------------------------------|-------|-------------|-------|-------|-------|-------|--------|-----------
         Aggregated                                                                      7070     1(0.01%) |     43       6    6830     11 |   24.90        0.00

Type     Name                                                                          # reqs      # fails |    Avg     Min     Max    Med |   req/s  failures/s
--------|----------------------------------------------------------------------------|-------|-------------|-------|-------|-------|-------|--------|-----------
GET      GET /api/v1/reservas                                                            7067     1(0.01%) |     14       6     204     11 |   24.60        0.00
POST     POST /api/v1/auth/login                                                           50     0(0.00%) |   4232    1799    6830   4500 |    0.00        0.00
--------|----------------------------------------------------------------------------|-------|-------------|-------|-------|-------|-------|--------|-----------
         Aggregated                                                                      7117     1(0.01%) |     43       6    6830     11 |   24.60        0.00

Type     Name                                                                          # reqs      # fails |    Avg     Min     Max    Med |   req/s  failures/s
--------|----------------------------------------------------------------------------|-------|-------------|-------|-------|-------|-------|--------|-----------
GET      GET /api/v1/reservas                                                            7117     1(0.01%) |     14       6     204     11 |   25.10        0.00
POST     POST /api/v1/auth/login                                                           50     0(0.00%) |   4232    1799    6830   4500 |    0.00        0.00
--------|----------------------------------------------------------------------------|-------|-------------|-------|-------|-------|-------|--------|-----------
         Aggregated                                                                      7167     1(0.01%) |     43       6    6830     11 |   25.10        0.00

Type     Name                                                                          # reqs      # fails |    Avg     Min     Max    Med |   req/s  failures/s
--------|----------------------------------------------------------------------------|-------|-------------|-------|-------|-------|-------|--------|-----------
GET      GET /api/v1/reservas                                                            7168     1(0.01%) |     14       6     204     11 |   25.20        0.00
POST     POST /api/v1/auth/login                                                           50     0(0.00%) |   4232    1799    6830   4500 |    0.00        0.00
--------|----------------------------------------------------------------------------|-------|-------------|-------|-------|-------|-------|--------|-----------
         Aggregated                                                                      7218     1(0.01%) |     43       6    6830     11 |   25.20        0.00

Type     Name                                                                          # reqs      # fails |    Avg     Min     Max    Med |   req/s  failures/s
--------|----------------------------------------------------------------------------|-------|-------------|-------|-------|-------|-------|--------|-----------
GET      GET /api/v1/reservas                                                            7218     1(0.01%) |     14       6     204     11 |   24.50        0.00
POST     POST /api/v1/auth/login                                                           50     0(0.00%) |   4232    1799    6830   4500 |    0.00        0.00
--------|----------------------------------------------------------------------------|-------|-------------|-------|-------|-------|-------|--------|-----------
         Aggregated                                                                      7268     1(0.01%) |     43       6    6830     11 |   24.50        0.00

[2026-09-05 02:28:20,354] servidor-proyectos/INFO/locust.main: --run-time limit reached, shutting down
[2026-09-05 02:28:20,465] servidor-proyectos/INFO/locust.main: Shutting down (exit code 1)
Type     Name                                                                          # reqs      # fails |    Avg     Min     Max    Med |   req/s  failures/s
--------|----------------------------------------------------------------------------|-------|-------------|-------|-------|-------|-------|--------|-----------
GET      GET /api/v1/reservas                                                            7255     1(0.01%) |     13       6     204     11 |   24.21        0.00
POST     POST /api/v1/auth/login                                                           50     0(0.00%) |   4232    1799    6830   4500 |    0.17        0.00
--------|----------------------------------------------------------------------------|-------|-------------|-------|-------|-------|-------|--------|-----------
         Aggregated                                                                      7305     1(0.01%) |     42       6    6830     11 |   24.38        0.00

Response time percentiles (approximated)
Type     Name                                                                                  50%    66%    75%    80%    90%    95%    98%    99%  99.9% 99.99%   100% # reqs
--------|--------------------------------------------------------------------------------|--------|------|------|------|------|------|------|------|------|------|------|------
GET      GET /api/v1/reservas                                                                   11     12     14     15     19     25     41     64    140    200    200   7255
POST     POST /api/v1/auth/login                                                              4500   5100   5400   5500   5900   6000   6800   6800   6800   6800   6800     50
--------|--------------------------------------------------------------------------------|--------|------|------|------|------|------|------|------|------|------|------|------
         Aggregated                                                                             11     12     14     15     19     27     54     96   5600   6800   6800   7305

Error report
# occurrences      Error                                                                                               
------------------|---------------------------------------------------------------------------------------------------------------------------------------------
1                  GET GET /api/v1/reservas: HTTP esperado 200, recibido 500                                           
------------------|---------------------------------------------------------------------------------------------------------------------------------------------

