[2026-09-05 02:18:20,143] servidor-proyectos/INFO/locust.main: Starting Locust 2.46.4
[2026-09-05 02:18:20,143] servidor-proyectos/INFO/locust.main: Run time limit set to 300 seconds
Type     Name                                                                          # reqs      # fails |    Avg     Min     Max    Med |   req/s  failures/s
--------|----------------------------------------------------------------------------|-------|-------------|-------|-------|-------|-------|--------|-----------
--------|----------------------------------------------------------------------------|-------|-------------|-------|-------|-------|-------|--------|-----------
         Aggregated                                                                         0     0(0.00%) |      0       0       0      0 |    0.00        0.00

[2026-09-05 02:18:20,145] servidor-proyectos/INFO/locust.runners: Ramping to 50 users at a rate of 10.00 per second
Type     Name                                                                          # reqs      # fails |    Avg     Min     Max    Med |   req/s  failures/s
--------|----------------------------------------------------------------------------|-------|-------------|-------|-------|-------|-------|--------|-----------
GET      GET /api/v1/reservas                                                               1     0(0.00%) |     12      12      12     12 |    0.00        0.00
POST     POST /api/v1/auth/login                                                            1     0(0.00%) |    835     835     835    835 |    0.00        0.00
--------|----------------------------------------------------------------------------|-------|-------------|-------|-------|-------|-------|--------|-----------
         Aggregated                                                                         2     0(0.00%) |    424      12     835     13 |    0.00        0.00

Type     Name                                                                          # reqs      # fails |    Avg     Min     Max    Med |   req/s  failures/s
--------|----------------------------------------------------------------------------|-------|-------------|-------|-------|-------|-------|--------|-----------
GET      GET /api/v1/reservas                                                              10     0(0.00%) |     15       8      38     13 |    0.50        0.00
POST     POST /api/v1/auth/login                                                           10     0(0.00%) |   2955     835    3967   2900 |    0.50        0.00
--------|----------------------------------------------------------------------------|-------|-------------|-------|-------|-------|-------|--------|-----------
         Aggregated                                                                        20     0(0.00%) |   1485       8    3967     39 |    1.00        0.00

[2026-09-05 02:18:24,154] servidor-proyectos/INFO/locust.runners: All users spawned: {"ReservasUser": 50} (50 total users)
Type     Name                                                                          # reqs      # fails |    Avg     Min     Max    Med |   req/s  failures/s
--------|----------------------------------------------------------------------------|-------|-------------|-------|-------|-------|-------|--------|-----------
GET      GET /api/v1/reservas                                                              27     0(0.00%) |     18       8     107     13 |    2.50        0.00
POST     POST /api/v1/auth/login                                                           16     0(0.00%) |   3401     835    4854   3300 |    2.25        0.00
--------|----------------------------------------------------------------------------|-------|-------------|-------|-------|-------|-------|--------|-----------
         Aggregated                                                                        43     0(0.00%) |   1277       8    4854     18 |    4.75        0.00

Type     Name                                                                          # reqs      # fails |    Avg     Min     Max    Med |   req/s  failures/s
--------|----------------------------------------------------------------------------|-------|-------------|-------|-------|-------|-------|--------|-----------
GET      GET /api/v1/reservas                                                              60     0(0.00%) |     17       8     107     13 |    4.33        0.00
POST     POST /api/v1/auth/login                                                           32     0(0.00%) |   4208     835    6207   4200 |    2.50        0.00
--------|----------------------------------------------------------------------------|-------|-------------|-------|-------|-------|-------|--------|-----------
         Aggregated                                                                        92     0(0.00%) |   1475       8    6207     16 |    6.83        0.00

Type     Name                                                                          # reqs      # fails |    Avg     Min     Max    Med |   req/s  failures/s
--------|----------------------------------------------------------------------------|-------|-------------|-------|-------|-------|-------|--------|-----------
GET      GET /api/v1/reservas                                                             113     0(0.00%) |     20       8     107     13 |    7.00        0.00
POST     POST /api/v1/auth/login                                                           50     0(0.00%) |   4513     835    6324   4500 |    4.00        0.00
--------|----------------------------------------------------------------------------|-------|-------------|-------|-------|-------|-------|--------|-----------
         Aggregated                                                                       163     0(0.00%) |   1398       8    6324     18 |   11.00        0.00

Type     Name                                                                          # reqs      # fails |    Avg     Min     Max    Med |   req/s  failures/s
--------|----------------------------------------------------------------------------|-------|-------------|-------|-------|-------|-------|--------|-----------
GET      GET /api/v1/reservas                                                             165     0(0.00%) |     17       7     107     12 |   10.80        0.00
POST     POST /api/v1/auth/login                                                           50     0(0.00%) |   4513     835    6324   4500 |    5.00        0.00
--------|----------------------------------------------------------------------------|-------|-------------|-------|-------|-------|-------|--------|-----------
         Aggregated                                                                       215     0(0.00%) |   1062       7    6324     13 |   15.80        0.00

Type     Name                                                                          # reqs      # fails |    Avg     Min     Max    Med |   req/s  failures/s
--------|----------------------------------------------------------------------------|-------|-------------|-------|-------|-------|-------|--------|-----------
GET      GET /api/v1/reservas                                                             211     0(0.00%) |     16       7     107     11 |   15.70        0.00
POST     POST /api/v1/auth/login                                                           50     0(0.00%) |   4513     835    6324   4500 |    4.90        0.00
--------|----------------------------------------------------------------------------|-------|-------------|-------|-------|-------|-------|--------|-----------
         Aggregated                                                                       261     0(0.00%) |    877       7    6324     12 |   20.60        0.00

Type     Name                                                                          # reqs      # fails |    Avg     Min     Max    Med |   req/s  failures/s
--------|----------------------------------------------------------------------------|-------|-------------|-------|-------|-------|-------|--------|-----------
GET      GET /api/v1/reservas                                                             260     0(0.00%) |     15       7     107     11 |   19.50        0.00
POST     POST /api/v1/auth/login                                                           50     0(0.00%) |   4513     835    6324   4500 |    4.10        0.00
--------|----------------------------------------------------------------------------|-------|-------------|-------|-------|-------|-------|--------|-----------
         Aggregated                                                                       310     0(0.00%) |    740       7    6324     12 |   23.60        0.00

Type     Name                                                                          # reqs      # fails |    Avg     Min     Max    Med |   req/s  failures/s
--------|----------------------------------------------------------------------------|-------|-------------|-------|-------|-------|-------|--------|-----------
GET      GET /api/v1/reservas                                                             307     0(0.00%) |     14       7     107     11 |   23.30        0.00
POST     POST /api/v1/auth/login                                                           50     0(0.00%) |   4513     835    6324   4500 |    3.50        0.00
--------|----------------------------------------------------------------------------|-------|-------------|-------|-------|-------|-------|--------|-----------
         Aggregated                                                                       357     0(0.00%) |    644       7    6324     12 |   26.80        0.00

Type     Name                                                                          # reqs      # fails |    Avg     Min     Max    Med |   req/s  failures/s
--------|----------------------------------------------------------------------------|-------|-------------|-------|-------|-------|-------|--------|-----------
GET      GET /api/v1/reservas                                                             353     0(0.00%) |     14       7     107     11 |   24.30        0.00
POST     POST /api/v1/auth/login                                                           50     0(0.00%) |   4513     835    6324   4500 |    1.80        0.00
--------|----------------------------------------------------------------------------|-------|-------------|-------|-------|-------|-------|--------|-----------
         Aggregated                                                                       403     0(0.00%) |    572       7    6324     12 |   26.10        0.00

Type     Name                                                                          # reqs      # fails |    Avg     Min     Max    Med |   req/s  failures/s
--------|----------------------------------------------------------------------------|-------|-------------|-------|-------|-------|-------|--------|-----------
GET      GET /api/v1/reservas                                                             401     0(0.00%) |     14       7     107     11 |   24.10        0.00
POST     POST /api/v1/auth/login                                                           50     0(0.00%) |   4513     835    6324   4500 |    0.00        0.00
--------|----------------------------------------------------------------------------|-------|-------------|-------|-------|-------|-------|--------|-----------
         Aggregated                                                                       451     0(0.00%) |    513       7    6324     12 |   24.10        0.00

Type     Name                                                                          # reqs      # fails |    Avg     Min     Max    Med |   req/s  failures/s
--------|----------------------------------------------------------------------------|-------|-------------|-------|-------|-------|-------|--------|-----------
GET      GET /api/v1/reservas                                                             452     0(0.00%) |     18       7     214     12 |   24.00        0.00
POST     POST /api/v1/auth/login                                                           50     0(0.00%) |   4513     835    6324   4500 |    0.00        0.00
--------|----------------------------------------------------------------------------|-------|-------------|-------|-------|-------|-------|--------|-----------
         Aggregated                                                                       502     0(0.00%) |    465       7    6324     12 |   24.00        0.00

Type     Name                                                                          # reqs      # fails |    Avg     Min     Max    Med |   req/s  failures/s
--------|----------------------------------------------------------------------------|-------|-------------|-------|-------|-------|-------|--------|-----------
GET      GET /api/v1/reservas                                                             494     0(0.00%) |     17       7     214     12 |   24.30        0.00
POST     POST /api/v1/auth/login                                                           50     0(0.00%) |   4513     835    6324   4500 |    0.00        0.00
--------|----------------------------------------------------------------------------|-------|-------------|-------|-------|-------|-------|--------|-----------
         Aggregated                                                                       544     0(0.00%) |    431       7    6324     12 |   24.30        0.00

Type     Name                                                                          # reqs      # fails |    Avg     Min     Max    Med |   req/s  failures/s
--------|----------------------------------------------------------------------------|-------|-------------|-------|-------|-------|-------|--------|-----------
GET      GET /api/v1/reservas                                                             542     0(0.00%) |     17       7     214     12 |   22.70        0.00
POST     POST /api/v1/auth/login                                                           50     0(0.00%) |   4513     835    6324   4500 |    0.00        0.00
--------|----------------------------------------------------------------------------|-------|-------------|-------|-------|-------|-------|--------|-----------
         Aggregated                                                                       592     0(0.00%) |    397       7    6324     12 |   22.70        0.00

Type     Name                                                                          # reqs      # fails |    Avg     Min     Max    Med |   req/s  failures/s
--------|----------------------------------------------------------------------------|-------|-------------|-------|-------|-------|-------|--------|-----------
GET      GET /api/v1/reservas                                                             592     0(0.00%) |     16       7     214     12 |   24.00        0.00
POST     POST /api/v1/auth/login                                                           50     0(0.00%) |   4513     835    6324   4500 |    0.00        0.00
--------|----------------------------------------------------------------------------|-------|-------------|-------|-------|-------|-------|--------|-----------
         Aggregated                                                                       642     0(0.00%) |    367       7    6324     12 |   24.00        0.00

Type     Name                                                                          # reqs      # fails |    Avg     Min     Max    Med |   req/s  failures/s
--------|----------------------------------------------------------------------------|-------|-------------|-------|-------|-------|-------|--------|-----------
GET      GET /api/v1/reservas                                                             645     0(0.00%) |     16       7     214     12 |   24.00        0.00
POST     POST /api/v1/auth/login                                                           50     0(0.00%) |   4513     835    6324   4500 |    0.00        0.00
--------|----------------------------------------------------------------------------|-------|-------------|-------|-------|-------|-------|--------|-----------
         Aggregated                                                                       695     0(0.00%) |    340       7    6324     12 |   24.00        0.00

Type     Name                                                                          # reqs      # fails |    Avg     Min     Max    Med |   req/s  failures/s
--------|----------------------------------------------------------------------------|-------|-------------|-------|-------|-------|-------|--------|-----------
GET      GET /api/v1/reservas                                                             688     0(0.00%) |     16       7     214     12 |   23.90        0.00
POST     POST /api/v1/auth/login                                                           50     0(0.00%) |   4513     835    6324   4500 |    0.00        0.00
--------|----------------------------------------------------------------------------|-------|-------------|-------|-------|-------|-------|--------|-----------
         Aggregated                                                                       738     0(0.00%) |    321       7    6324     12 |   23.90        0.00

Type     Name                                                                          # reqs      # fails |    Avg     Min     Max    Med |   req/s  failures/s
--------|----------------------------------------------------------------------------|-------|-------------|-------|-------|-------|-------|--------|-----------
GET      GET /api/v1/reservas                                                             745     0(0.00%) |     16       7     214     12 |   23.90        0.00
POST     POST /api/v1/auth/login                                                           50     0(0.00%) |   4513     835    6324   4500 |    0.00        0.00
--------|----------------------------------------------------------------------------|-------|-------------|-------|-------|-------|-------|--------|-----------
         Aggregated                                                                       795     0(0.00%) |    299       7    6324     12 |   23.90        0.00

Type     Name                                                                          # reqs      # fails |    Avg     Min     Max    Med |   req/s  failures/s
--------|----------------------------------------------------------------------------|-------|-------------|-------|-------|-------|-------|--------|-----------
GET      GET /api/v1/reservas                                                             796     0(0.00%) |     15       7     214     12 |   25.50        0.00
POST     POST /api/v1/auth/login                                                           50     0(0.00%) |   4513     835    6324   4500 |    0.00        0.00
--------|----------------------------------------------------------------------------|-------|-------------|-------|-------|-------|-------|--------|-----------
         Aggregated                                                                       846     0(0.00%) |    281       7    6324     12 |   25.50        0.00

Type     Name                                                                          # reqs      # fails |    Avg     Min     Max    Med |   req/s  failures/s
--------|----------------------------------------------------------------------------|-------|-------------|-------|-------|-------|-------|--------|-----------
GET      GET /api/v1/reservas                                                             847     0(0.00%) |     15       7     214     12 |   25.50        0.00
POST     POST /api/v1/auth/login                                                           50     0(0.00%) |   4513     835    6324   4500 |    0.00        0.00
--------|----------------------------------------------------------------------------|-------|-------------|-------|-------|-------|-------|--------|-----------
         Aggregated                                                                       897     0(0.00%) |    266       7    6324     12 |   25.50        0.00

Type     Name                                                                          # reqs      # fails |    Avg     Min     Max    Med |   req/s  failures/s
--------|----------------------------------------------------------------------------|-------|-------------|-------|-------|-------|-------|--------|-----------
GET      GET /api/v1/reservas                                                             901     0(0.00%) |     15       7     214     12 |   25.10        0.00
POST     POST /api/v1/auth/login                                                           50     0(0.00%) |   4513     835    6324   4500 |    0.00        0.00
--------|----------------------------------------------------------------------------|-------|-------------|-------|-------|-------|-------|--------|-----------
         Aggregated                                                                       951     0(0.00%) |    252       7    6324     12 |   25.10        0.00

Type     Name                                                                          # reqs      # fails |    Avg     Min     Max    Med |   req/s  failures/s
--------|----------------------------------------------------------------------------|-------|-------------|-------|-------|-------|-------|--------|-----------
GET      GET /api/v1/reservas                                                             939     0(0.00%) |     15       7     214     12 |   25.40        0.00
POST     POST /api/v1/auth/login                                                           50     0(0.00%) |   4513     835    6324   4500 |    0.00        0.00
--------|----------------------------------------------------------------------------|-------|-------------|-------|-------|-------|-------|--------|-----------
         Aggregated                                                                       989     0(0.00%) |    242       7    6324     12 |   25.40        0.00

Type     Name                                                                          # reqs      # fails |    Avg     Min     Max    Med |   req/s  failures/s
--------|----------------------------------------------------------------------------|-------|-------------|-------|-------|-------|-------|--------|-----------
GET      GET /api/v1/reservas                                                             988     0(0.00%) |     15       7     214     12 |   24.90        0.00
POST     POST /api/v1/auth/login                                                           50     0(0.00%) |   4513     835    6324   4500 |    0.00        0.00
--------|----------------------------------------------------------------------------|-------|-------------|-------|-------|-------|-------|--------|-----------
         Aggregated                                                                      1038     0(0.00%) |    232       7    6324     12 |   24.90        0.00

Type     Name                                                                          # reqs      # fails |    Avg     Min     Max    Med |   req/s  failures/s
--------|----------------------------------------------------------------------------|-------|-------------|-------|-------|-------|-------|--------|-----------
GET      GET /api/v1/reservas                                                            1039     0(0.00%) |     15       7     214     11 |   24.30        0.00
POST     POST /api/v1/auth/login                                                           50     0(0.00%) |   4513     835    6324   4500 |    0.00        0.00
--------|----------------------------------------------------------------------------|-------|-------------|-------|-------|-------|-------|--------|-----------
         Aggregated                                                                      1089     0(0.00%) |    221       7    6324     12 |   24.30        0.00

Type     Name                                                                          # reqs      # fails |    Avg     Min     Max    Med |   req/s  failures/s
--------|----------------------------------------------------------------------------|-------|-------------|-------|-------|-------|-------|--------|-----------
GET      GET /api/v1/reservas                                                            1091     0(0.00%) |     14       7     214     11 |   24.00        0.00
POST     POST /api/v1/auth/login                                                           50     0(0.00%) |   4513     835    6324   4500 |    0.00        0.00
--------|----------------------------------------------------------------------------|-------|-------------|-------|-------|-------|-------|--------|-----------
         Aggregated                                                                      1141     0(0.00%) |    212       7    6324     12 |   24.00        0.00

Type     Name                                                                          # reqs      # fails |    Avg     Min     Max    Med |   req/s  failures/s
--------|----------------------------------------------------------------------------|-------|-------------|-------|-------|-------|-------|--------|-----------
GET      GET /api/v1/reservas                                                            1138     0(0.00%) |     14       7     214     11 |   24.60        0.00
POST     POST /api/v1/auth/login                                                           50     0(0.00%) |   4513     835    6324   4500 |    0.00        0.00
--------|----------------------------------------------------------------------------|-------|-------------|-------|-------|-------|-------|--------|-----------
         Aggregated                                                                      1188     0(0.00%) |    204       7    6324     11 |   24.60        0.00

Type     Name                                                                          # reqs      # fails |    Avg     Min     Max    Med |   req/s  failures/s
--------|----------------------------------------------------------------------------|-------|-------------|-------|-------|-------|-------|--------|-----------
GET      GET /api/v1/reservas                                                            1194     0(0.00%) |     14       7     214     11 |   24.30        0.00
POST     POST /api/v1/auth/login                                                           50     0(0.00%) |   4513     835    6324   4500 |    0.00        0.00
--------|----------------------------------------------------------------------------|-------|-------------|-------|-------|-------|-------|--------|-----------
         Aggregated                                                                      1244     0(0.00%) |    195       7    6324     11 |   24.30        0.00

Type     Name                                                                          # reqs      # fails |    Avg     Min     Max    Med |   req/s  failures/s
--------|----------------------------------------------------------------------------|-------|-------------|-------|-------|-------|-------|--------|-----------
GET      GET /api/v1/reservas                                                            1244     0(0.00%) |     14       7     214     11 |   25.00        0.00
POST     POST /api/v1/auth/login                                                           50     0(0.00%) |   4513     835    6324   4500 |    0.00        0.00
--------|----------------------------------------------------------------------------|-------|-------------|-------|-------|-------|-------|--------|-----------
         Aggregated                                                                      1294     0(0.00%) |    188       7    6324     12 |   25.00        0.00

Type     Name                                                                          # reqs      # fails |    Avg     Min     Max    Med |   req/s  failures/s
--------|----------------------------------------------------------------------------|-------|-------------|-------|-------|-------|-------|--------|-----------
GET      GET /api/v1/reservas                                                            1285     0(0.00%) |     14       7     214     11 |   25.10        0.00
POST     POST /api/v1/auth/login                                                           50     0(0.00%) |   4513     835    6324   4500 |    0.00        0.00
--------|----------------------------------------------------------------------------|-------|-------------|-------|-------|-------|-------|--------|-----------
         Aggregated                                                                      1335     0(0.00%) |    183       7    6324     12 |   25.10        0.00

Type     Name                                                                          # reqs      # fails |    Avg     Min     Max    Med |   req/s  failures/s
--------|----------------------------------------------------------------------------|-------|-------------|-------|-------|-------|-------|--------|-----------
GET      GET /api/v1/reservas                                                            1338     0(0.00%) |     14       7     214     11 |   24.70        0.00
POST     POST /api/v1/auth/login                                                           50     0(0.00%) |   4513     835    6324   4500 |    0.00        0.00
--------|----------------------------------------------------------------------------|-------|-------------|-------|-------|-------|-------|--------|-----------
         Aggregated                                                                      1388     0(0.00%) |    176       7    6324     11 |   24.70        0.00

Type     Name                                                                          # reqs      # fails |    Avg     Min     Max    Med |   req/s  failures/s
--------|----------------------------------------------------------------------------|-------|-------------|-------|-------|-------|-------|--------|-----------
GET      GET /api/v1/reservas                                                            1391     0(0.00%) |     14       7     214     11 |   24.50        0.00
POST     POST /api/v1/auth/login                                                           50     0(0.00%) |   4513     835    6324   4500 |    0.00        0.00
--------|----------------------------------------------------------------------------|-------|-------------|-------|-------|-------|-------|--------|-----------
         Aggregated                                                                      1441     0(0.00%) |    170       7    6324     11 |   24.50        0.00

Type     Name                                                                          # reqs      # fails |    Avg     Min     Max    Med |   req/s  failures/s
--------|----------------------------------------------------------------------------|-------|-------------|-------|-------|-------|-------|--------|-----------
GET      GET /api/v1/reservas                                                            1440     0(0.00%) |     14       7     214     11 |   25.10        0.00
POST     POST /api/v1/auth/login                                                           50     0(0.00%) |   4513     835    6324   4500 |    0.00        0.00
--------|----------------------------------------------------------------------------|-------|-------------|-------|-------|-------|-------|--------|-----------
         Aggregated                                                                      1490     0(0.00%) |    165       7    6324     11 |   25.10        0.00

Type     Name                                                                          # reqs      # fails |    Avg     Min     Max    Med |   req/s  failures/s
--------|----------------------------------------------------------------------------|-------|-------------|-------|-------|-------|-------|--------|-----------
GET      GET /api/v1/reservas                                                            1490     0(0.00%) |     14       7     214     11 |   24.90        0.00
POST     POST /api/v1/auth/login                                                           50     0(0.00%) |   4513     835    6324   4500 |    0.00        0.00
--------|----------------------------------------------------------------------------|-------|-------------|-------|-------|-------|-------|--------|-----------
         Aggregated                                                                      1540     0(0.00%) |    160       7    6324     11 |   24.90        0.00

Type     Name                                                                          # reqs      # fails |    Avg     Min     Max    Med |   req/s  failures/s
--------|----------------------------------------------------------------------------|-------|-------------|-------|-------|-------|-------|--------|-----------
GET      GET /api/v1/reservas                                                            1533     0(0.00%) |     14       7     214     11 |   25.20        0.00
POST     POST /api/v1/auth/login                                                           50     0(0.00%) |   4513     835    6324   4500 |    0.00        0.00
--------|----------------------------------------------------------------------------|-------|-------------|-------|-------|-------|-------|--------|-----------
         Aggregated                                                                      1583     0(0.00%) |    156       7    6324     11 |   25.20        0.00

Type     Name                                                                          # reqs      # fails |    Avg     Min     Max    Med |   req/s  failures/s
--------|----------------------------------------------------------------------------|-------|-------------|-------|-------|-------|-------|--------|-----------
GET      GET /api/v1/reservas                                                            1581     0(0.00%) |     14       7     214     11 |   24.60        0.00
POST     POST /api/v1/auth/login                                                           50     0(0.00%) |   4513     835    6324   4500 |    0.00        0.00
--------|----------------------------------------------------------------------------|-------|-------------|-------|-------|-------|-------|--------|-----------
         Aggregated                                                                      1631     0(0.00%) |    151       7    6324     11 |   24.60        0.00

Type     Name                                                                          # reqs      # fails |    Avg     Min     Max    Med |   req/s  failures/s
--------|----------------------------------------------------------------------------|-------|-------------|-------|-------|-------|-------|--------|-----------
GET      GET /api/v1/reservas                                                            1630     0(0.00%) |     13       7     214     11 |   24.60        0.00
POST     POST /api/v1/auth/login                                                           50     0(0.00%) |   4513     835    6324   4500 |    0.00        0.00
--------|----------------------------------------------------------------------------|-------|-------------|-------|-------|-------|-------|--------|-----------
         Aggregated                                                                      1680     0(0.00%) |    147       7    6324     11 |   24.60        0.00

Type     Name                                                                          # reqs      # fails |    Avg     Min     Max    Med |   req/s  failures/s
--------|----------------------------------------------------------------------------|-------|-------------|-------|-------|-------|-------|--------|-----------
GET      GET /api/v1/reservas                                                            1685     0(0.00%) |     13       7     214     11 |   24.20        0.00
POST     POST /api/v1/auth/login                                                           50     0(0.00%) |   4513     835    6324   4500 |    0.00        0.00
--------|----------------------------------------------------------------------------|-------|-------------|-------|-------|-------|-------|--------|-----------
         Aggregated                                                                      1735     0(0.00%) |    143       7    6324     11 |   24.20        0.00

Type     Name                                                                          # reqs      # fails |    Avg     Min     Max    Med |   req/s  failures/s
--------|----------------------------------------------------------------------------|-------|-------------|-------|-------|-------|-------|--------|-----------
GET      GET /api/v1/reservas                                                            1733     0(0.00%) |     13       7     214     11 |   24.30        0.00
POST     POST /api/v1/auth/login                                                           50     0(0.00%) |   4513     835    6324   4500 |    0.00        0.00
--------|----------------------------------------------------------------------------|-------|-------------|-------|-------|-------|-------|--------|-----------
         Aggregated                                                                      1783     0(0.00%) |    140       7    6324     11 |   24.30        0.00

Type     Name                                                                          # reqs      # fails |    Avg     Min     Max    Med |   req/s  failures/s
--------|----------------------------------------------------------------------------|-------|-------------|-------|-------|-------|-------|--------|-----------
GET      GET /api/v1/reservas                                                            1780     0(0.00%) |     13       7     214     11 |   24.50        0.00
POST     POST /api/v1/auth/login                                                           50     0(0.00%) |   4513     835    6324   4500 |    0.00        0.00
--------|----------------------------------------------------------------------------|-------|-------------|-------|-------|-------|-------|--------|-----------
         Aggregated                                                                      1830     0(0.00%) |    136       7    6324     11 |   24.50        0.00

Type     Name                                                                          # reqs      # fails |    Avg     Min     Max    Med |   req/s  failures/s
--------|----------------------------------------------------------------------------|-------|-------------|-------|-------|-------|-------|--------|-----------
GET      GET /api/v1/reservas                                                            1834     0(0.00%) |     13       7     214     11 |   24.90        0.00
POST     POST /api/v1/auth/login                                                           50     0(0.00%) |   4513     835    6324   4500 |    0.00        0.00
--------|----------------------------------------------------------------------------|-------|-------------|-------|-------|-------|-------|--------|-----------
         Aggregated                                                                      1884     0(0.00%) |    133       7    6324     11 |   24.90        0.00

Type     Name                                                                          # reqs      # fails |    Avg     Min     Max    Med |   req/s  failures/s
--------|----------------------------------------------------------------------------|-------|-------------|-------|-------|-------|-------|--------|-----------
GET      GET /api/v1/reservas                                                            1884     0(0.00%) |     13       7     214     11 |   24.90        0.00
POST     POST /api/v1/auth/login                                                           50     0(0.00%) |   4513     835    6324   4500 |    0.00        0.00
--------|----------------------------------------------------------------------------|-------|-------------|-------|-------|-------|-------|--------|-----------
         Aggregated                                                                      1934     0(0.00%) |    130       7    6324     11 |   24.90        0.00

Type     Name                                                                          # reqs      # fails |    Avg     Min     Max    Med |   req/s  failures/s
--------|----------------------------------------------------------------------------|-------|-------------|-------|-------|-------|-------|--------|-----------
GET      GET /api/v1/reservas                                                            1938     0(0.00%) |     13       7     214     11 |   25.30        0.00
POST     POST /api/v1/auth/login                                                           50     0(0.00%) |   4513     835    6324   4500 |    0.00        0.00
--------|----------------------------------------------------------------------------|-------|-------------|-------|-------|-------|-------|--------|-----------
         Aggregated                                                                      1988     0(0.00%) |    126       7    6324     11 |   25.30        0.00

Type     Name                                                                          # reqs      # fails |    Avg     Min     Max    Med |   req/s  failures/s
--------|----------------------------------------------------------------------------|-------|-------------|-------|-------|-------|-------|--------|-----------
GET      GET /api/v1/reservas                                                            1987     0(0.00%) |     13       7     214     11 |   25.50        0.00
POST     POST /api/v1/auth/login                                                           50     0(0.00%) |   4513     835    6324   4500 |    0.00        0.00
--------|----------------------------------------------------------------------------|-------|-------------|-------|-------|-------|-------|--------|-----------
         Aggregated                                                                      2037     0(0.00%) |    124       7    6324     11 |   25.50        0.00

Type     Name                                                                          # reqs      # fails |    Avg     Min     Max    Med |   req/s  failures/s
--------|----------------------------------------------------------------------------|-------|-------------|-------|-------|-------|-------|--------|-----------
GET      GET /api/v1/reservas                                                            2032     0(0.00%) |     13       7     214     11 |   24.70        0.00
POST     POST /api/v1/auth/login                                                           50     0(0.00%) |   4513     835    6324   4500 |    0.00        0.00
--------|----------------------------------------------------------------------------|-------|-------------|-------|-------|-------|-------|--------|-----------
         Aggregated                                                                      2082     0(0.00%) |    121       7    6324     11 |   24.70        0.00

Type     Name                                                                          # reqs      # fails |    Avg     Min     Max    Med |   req/s  failures/s
--------|----------------------------------------------------------------------------|-------|-------------|-------|-------|-------|-------|--------|-----------
GET      GET /api/v1/reservas                                                            2079     0(0.00%) |     13       7     214     11 |   25.30        0.00
POST     POST /api/v1/auth/login                                                           50     0(0.00%) |   4513     835    6324   4500 |    0.00        0.00
--------|----------------------------------------------------------------------------|-------|-------------|-------|-------|-------|-------|--------|-----------
         Aggregated                                                                      2129     0(0.00%) |    119       7    6324     11 |   25.30        0.00

Type     Name                                                                          # reqs      # fails |    Avg     Min     Max    Med |   req/s  failures/s
--------|----------------------------------------------------------------------------|-------|-------------|-------|-------|-------|-------|--------|-----------
GET      GET /api/v1/reservas                                                            2129     0(0.00%) |     13       6     214     11 |   24.80        0.00
POST     POST /api/v1/auth/login                                                           50     0(0.00%) |   4513     835    6324   4500 |    0.00        0.00
--------|----------------------------------------------------------------------------|-------|-------------|-------|-------|-------|-------|--------|-----------
         Aggregated                                                                      2179     0(0.00%) |    116       6    6324     11 |   24.80        0.00

Type     Name                                                                          # reqs      # fails |    Avg     Min     Max    Med |   req/s  failures/s
--------|----------------------------------------------------------------------------|-------|-------------|-------|-------|-------|-------|--------|-----------
GET      GET /api/v1/reservas                                                            2178     0(0.00%) |     13       6     214     11 |   24.30        0.00
POST     POST /api/v1/auth/login                                                           50     0(0.00%) |   4513     835    6324   4500 |    0.00        0.00
--------|----------------------------------------------------------------------------|-------|-------------|-------|-------|-------|-------|--------|-----------
         Aggregated                                                                      2228     0(0.00%) |    114       6    6324     11 |   24.30        0.00

Type     Name                                                                          # reqs      # fails |    Avg     Min     Max    Med |   req/s  failures/s
--------|----------------------------------------------------------------------------|-------|-------------|-------|-------|-------|-------|--------|-----------
GET      GET /api/v1/reservas                                                            2226     0(0.00%) |     15       6     270     11 |   23.90        0.00
POST     POST /api/v1/auth/login                                                           50     0(0.00%) |   4513     835    6324   4500 |    0.00        0.00
--------|----------------------------------------------------------------------------|-------|-------------|-------|-------|-------|-------|--------|-----------
         Aggregated                                                                      2276     0(0.00%) |    113       6    6324     11 |   23.90        0.00

Type     Name                                                                          # reqs      # fails |    Avg     Min     Max    Med |   req/s  failures/s
--------|----------------------------------------------------------------------------|-------|-------------|-------|-------|-------|-------|--------|-----------
GET      GET /api/v1/reservas                                                            2279     0(0.00%) |     16       6     270     11 |   24.20        0.00
POST     POST /api/v1/auth/login                                                           50     0(0.00%) |   4513     835    6324   4500 |    0.00        0.00
--------|----------------------------------------------------------------------------|-------|-------------|-------|-------|-------|-------|--------|-----------
         Aggregated                                                                      2329     0(0.00%) |    112       6    6324     11 |   24.20        0.00

Type     Name                                                                          # reqs      # fails |    Avg     Min     Max    Med |   req/s  failures/s
--------|----------------------------------------------------------------------------|-------|-------------|-------|-------|-------|-------|--------|-----------
GET      GET /api/v1/reservas                                                            2334     0(0.00%) |     15       6     270     11 |   24.40        0.00
POST     POST /api/v1/auth/login                                                           50     0(0.00%) |   4513     835    6324   4500 |    0.00        0.00
--------|----------------------------------------------------------------------------|-------|-------------|-------|-------|-------|-------|--------|-----------
         Aggregated                                                                      2384     0(0.00%) |    110       6    6324     11 |   24.40        0.00

Type     Name                                                                          # reqs      # fails |    Avg     Min     Max    Med |   req/s  failures/s
--------|----------------------------------------------------------------------------|-------|-------------|-------|-------|-------|-------|--------|-----------
GET      GET /api/v1/reservas                                                            2379     0(0.00%) |     15       6     270     11 |   25.10        0.00
POST     POST /api/v1/auth/login                                                           50     0(0.00%) |   4513     835    6324   4500 |    0.00        0.00
--------|----------------------------------------------------------------------------|-------|-------------|-------|-------|-------|-------|--------|-----------
         Aggregated                                                                      2429     0(0.00%) |    108       6    6324     11 |   25.10        0.00

Type     Name                                                                          # reqs      # fails |    Avg     Min     Max    Med |   req/s  failures/s
--------|----------------------------------------------------------------------------|-------|-------------|-------|-------|-------|-------|--------|-----------
GET      GET /api/v1/reservas                                                            2433     0(0.00%) |     15       6     270     11 |   25.30        0.00
POST     POST /api/v1/auth/login                                                           50     0(0.00%) |   4513     835    6324   4500 |    0.00        0.00
--------|----------------------------------------------------------------------------|-------|-------------|-------|-------|-------|-------|--------|-----------
         Aggregated                                                                      2483     0(0.00%) |    106       6    6324     11 |   25.30        0.00

Type     Name                                                                          # reqs      # fails |    Avg     Min     Max    Med |   req/s  failures/s
--------|----------------------------------------------------------------------------|-------|-------------|-------|-------|-------|-------|--------|-----------
GET      GET /api/v1/reservas                                                            2486     0(0.00%) |     15       6     270     11 |   25.50        0.00
POST     POST /api/v1/auth/login                                                           50     0(0.00%) |   4513     835    6324   4500 |    0.00        0.00
--------|----------------------------------------------------------------------------|-------|-------------|-------|-------|-------|-------|--------|-----------
         Aggregated                                                                      2536     0(0.00%) |    104       6    6324     11 |   25.50        0.00

Type     Name                                                                          # reqs      # fails |    Avg     Min     Max    Med |   req/s  failures/s
--------|----------------------------------------------------------------------------|-------|-------------|-------|-------|-------|-------|--------|-----------
GET      GET /api/v1/reservas                                                            2532     0(0.00%) |     15       6     270     11 |   25.70        0.00
POST     POST /api/v1/auth/login                                                           50     0(0.00%) |   4513     835    6324   4500 |    0.00        0.00
--------|----------------------------------------------------------------------------|-------|-------------|-------|-------|-------|-------|--------|-----------
         Aggregated                                                                      2582     0(0.00%) |    102       6    6324     11 |   25.70        0.00

Type     Name                                                                          # reqs      # fails |    Avg     Min     Max    Med |   req/s  failures/s
--------|----------------------------------------------------------------------------|-------|-------------|-------|-------|-------|-------|--------|-----------
GET      GET /api/v1/reservas                                                            2584     0(0.00%) |     15       6     270     11 |   25.70        0.00
POST     POST /api/v1/auth/login                                                           50     0(0.00%) |   4513     835    6324   4500 |    0.00        0.00
--------|----------------------------------------------------------------------------|-------|-------------|-------|-------|-------|-------|--------|-----------
         Aggregated                                                                      2634     0(0.00%) |    101       6    6324     11 |   25.70        0.00

Type     Name                                                                          # reqs      # fails |    Avg     Min     Max    Med |   req/s  failures/s
--------|----------------------------------------------------------------------------|-------|-------------|-------|-------|-------|-------|--------|-----------
GET      GET /api/v1/reservas                                                            2634     0(0.00%) |     15       6     270     11 |   25.20        0.00
POST     POST /api/v1/auth/login                                                           50     0(0.00%) |   4513     835    6324   4500 |    0.00        0.00
--------|----------------------------------------------------------------------------|-------|-------------|-------|-------|-------|-------|--------|-----------
         Aggregated                                                                      2684     0(0.00%) |     99       6    6324     11 |   25.20        0.00

Type     Name                                                                          # reqs      # fails |    Avg     Min     Max    Med |   req/s  failures/s
--------|----------------------------------------------------------------------------|-------|-------------|-------|-------|-------|-------|--------|-----------
GET      GET /api/v1/reservas                                                            2679     0(0.00%) |     15       6     270     11 |   25.20        0.00
POST     POST /api/v1/auth/login                                                           50     0(0.00%) |   4513     835    6324   4500 |    0.00        0.00
--------|----------------------------------------------------------------------------|-------|-------------|-------|-------|-------|-------|--------|-----------
         Aggregated                                                                      2729     0(0.00%) |     97       6    6324     11 |   25.20        0.00

Type     Name                                                                          # reqs      # fails |    Avg     Min     Max    Med |   req/s  failures/s
--------|----------------------------------------------------------------------------|-------|-------------|-------|-------|-------|-------|--------|-----------
GET      GET /api/v1/reservas                                                            2732     0(0.00%) |     15       6     270     11 |   24.60        0.00
POST     POST /api/v1/auth/login                                                           50     0(0.00%) |   4513     835    6324   4500 |    0.00        0.00
--------|----------------------------------------------------------------------------|-------|-------------|-------|-------|-------|-------|--------|-----------
         Aggregated                                                                      2782     0(0.00%) |     96       6    6324     11 |   24.60        0.00

Type     Name                                                                          # reqs      # fails |    Avg     Min     Max    Med |   req/s  failures/s
--------|----------------------------------------------------------------------------|-------|-------------|-------|-------|-------|-------|--------|-----------
GET      GET /api/v1/reservas                                                            2779     0(0.00%) |     15       6     270     11 |   24.70        0.00
POST     POST /api/v1/auth/login                                                           50     0(0.00%) |   4513     835    6324   4500 |    0.00        0.00
--------|----------------------------------------------------------------------------|-------|-------------|-------|-------|-------|-------|--------|-----------
         Aggregated                                                                      2829     0(0.00%) |     94       6    6324     11 |   24.70        0.00

Type     Name                                                                          # reqs      # fails |    Avg     Min     Max    Med |   req/s  failures/s
--------|----------------------------------------------------------------------------|-------|-------------|-------|-------|-------|-------|--------|-----------
GET      GET /api/v1/reservas                                                            2832     0(0.00%) |     15       6     270     11 |   24.40        0.00
POST     POST /api/v1/auth/login                                                           50     0(0.00%) |   4513     835    6324   4500 |    0.00        0.00
--------|----------------------------------------------------------------------------|-------|-------------|-------|-------|-------|-------|--------|-----------
         Aggregated                                                                      2882     0(0.00%) |     93       6    6324     11 |   24.40        0.00

Type     Name                                                                          # reqs      # fails |    Avg     Min     Max    Med |   req/s  failures/s
--------|----------------------------------------------------------------------------|-------|-------------|-------|-------|-------|-------|--------|-----------
GET      GET /api/v1/reservas                                                            2879     0(0.00%) |     15       6     270     11 |   24.60        0.00
POST     POST /api/v1/auth/login                                                           50     0(0.00%) |   4513     835    6324   4500 |    0.00        0.00
--------|----------------------------------------------------------------------------|-------|-------------|-------|-------|-------|-------|--------|-----------
         Aggregated                                                                      2929     0(0.00%) |     92       6    6324     11 |   24.60        0.00

Type     Name                                                                          # reqs      # fails |    Avg     Min     Max    Med |   req/s  failures/s
--------|----------------------------------------------------------------------------|-------|-------------|-------|-------|-------|-------|--------|-----------
GET      GET /api/v1/reservas                                                            2930     0(0.00%) |     15       6     270     11 |   24.20        0.00
POST     POST /api/v1/auth/login                                                           50     0(0.00%) |   4513     835    6324   4500 |    0.00        0.00
--------|----------------------------------------------------------------------------|-------|-------------|-------|-------|-------|-------|--------|-----------
         Aggregated                                                                      2980     0(0.00%) |     90       6    6324     11 |   24.20        0.00

Type     Name                                                                          # reqs      # fails |    Avg     Min     Max    Med |   req/s  failures/s
--------|----------------------------------------------------------------------------|-------|-------------|-------|-------|-------|-------|--------|-----------
GET      GET /api/v1/reservas                                                            2985     0(0.00%) |     15       6     270     11 |   25.00        0.00
POST     POST /api/v1/auth/login                                                           50     0(0.00%) |   4513     835    6324   4500 |    0.00        0.00
--------|----------------------------------------------------------------------------|-------|-------------|-------|-------|-------|-------|--------|-----------
         Aggregated                                                                      3035     0(0.00%) |     89       6    6324     11 |   25.00        0.00

Type     Name                                                                          # reqs      # fails |    Avg     Min     Max    Med |   req/s  failures/s
--------|----------------------------------------------------------------------------|-------|-------------|-------|-------|-------|-------|--------|-----------
GET      GET /api/v1/reservas                                                            3033     0(0.00%) |     15       6     270     11 |   24.90        0.00
POST     POST /api/v1/auth/login                                                           50     0(0.00%) |   4513     835    6324   4500 |    0.00        0.00
--------|----------------------------------------------------------------------------|-------|-------------|-------|-------|-------|-------|--------|-----------
         Aggregated                                                                      3083     0(0.00%) |     88       6    6324     11 |   24.90        0.00

Type     Name                                                                          # reqs      # fails |    Avg     Min     Max    Med |   req/s  failures/s
--------|----------------------------------------------------------------------------|-------|-------------|-------|-------|-------|-------|--------|-----------
GET      GET /api/v1/reservas                                                            3088     0(0.00%) |     15       6     270     11 |   25.40        0.00
POST     POST /api/v1/auth/login                                                           50     0(0.00%) |   4513     835    6324   4500 |    0.00        0.00
--------|----------------------------------------------------------------------------|-------|-------------|-------|-------|-------|-------|--------|-----------
         Aggregated                                                                      3138     0(0.00%) |     86       6    6324     11 |   25.40        0.00

Type     Name                                                                          # reqs      # fails |    Avg     Min     Max    Med |   req/s  failures/s
--------|----------------------------------------------------------------------------|-------|-------------|-------|-------|-------|-------|--------|-----------
GET      GET /api/v1/reservas                                                            3138     0(0.00%) |     15       6     270     11 |   25.90        0.00
POST     POST /api/v1/auth/login                                                           50     0(0.00%) |   4513     835    6324   4500 |    0.00        0.00
--------|----------------------------------------------------------------------------|-------|-------------|-------|-------|-------|-------|--------|-----------
         Aggregated                                                                      3188     0(0.00%) |     85       6    6324     11 |   25.90        0.00

Type     Name                                                                          # reqs      # fails |    Avg     Min     Max    Med |   req/s  failures/s
--------|----------------------------------------------------------------------------|-------|-------------|-------|-------|-------|-------|--------|-----------
GET      GET /api/v1/reservas                                                            3185     0(0.00%) |     14       6     270     11 |   26.40        0.00
POST     POST /api/v1/auth/login                                                           50     0(0.00%) |   4513     835    6324   4500 |    0.00        0.00
--------|----------------------------------------------------------------------------|-------|-------------|-------|-------|-------|-------|--------|-----------
         Aggregated                                                                      3235     0(0.00%) |     84       6    6324     11 |   26.40        0.00

Type     Name                                                                          # reqs      # fails |    Avg     Min     Max    Med |   req/s  failures/s
--------|----------------------------------------------------------------------------|-------|-------------|-------|-------|-------|-------|--------|-----------
GET      GET /api/v1/reservas                                                            3235     0(0.00%) |     14       6     270     11 |   25.80        0.00
POST     POST /api/v1/auth/login                                                           50     0(0.00%) |   4513     835    6324   4500 |    0.00        0.00
--------|----------------------------------------------------------------------------|-------|-------------|-------|-------|-------|-------|--------|-----------
         Aggregated                                                                      3285     0(0.00%) |     83       6    6324     11 |   25.80        0.00

Type     Name                                                                          # reqs      # fails |    Avg     Min     Max    Med |   req/s  failures/s
--------|----------------------------------------------------------------------------|-------|-------------|-------|-------|-------|-------|--------|-----------
GET      GET /api/v1/reservas                                                            3282     0(0.00%) |     14       6     270     11 |   25.70        0.00
POST     POST /api/v1/auth/login                                                           50     0(0.00%) |   4513     835    6324   4500 |    0.00        0.00
--------|----------------------------------------------------------------------------|-------|-------------|-------|-------|-------|-------|--------|-----------
         Aggregated                                                                      3332     0(0.00%) |     82       6    6324     11 |   25.70        0.00

Type     Name                                                                          # reqs      # fails |    Avg     Min     Max    Med |   req/s  failures/s
--------|----------------------------------------------------------------------------|-------|-------------|-------|-------|-------|-------|--------|-----------
GET      GET /api/v1/reservas                                                            3333     0(0.00%) |     14       6     270     11 |   25.20        0.00
POST     POST /api/v1/auth/login                                                           50     0(0.00%) |   4513     835    6324   4500 |    0.00        0.00
--------|----------------------------------------------------------------------------|-------|-------------|-------|-------|-------|-------|--------|-----------
         Aggregated                                                                      3383     0(0.00%) |     81       6    6324     11 |   25.20        0.00

Type     Name                                                                          # reqs      # fails |    Avg     Min     Max    Med |   req/s  failures/s
--------|----------------------------------------------------------------------------|-------|-------------|-------|-------|-------|-------|--------|-----------
GET      GET /api/v1/reservas                                                            3381     0(0.00%) |     14       6     270     11 |   24.20        0.00
POST     POST /api/v1/auth/login                                                           50     0(0.00%) |   4513     835    6324   4500 |    0.00        0.00
--------|----------------------------------------------------------------------------|-------|-------------|-------|-------|-------|-------|--------|-----------
         Aggregated                                                                      3431     0(0.00%) |     80       6    6324     11 |   24.30        0.00

Type     Name                                                                          # reqs      # fails |    Avg     Min     Max    Med |   req/s  failures/s
--------|----------------------------------------------------------------------------|-------|-------------|-------|-------|-------|-------|--------|-----------
GET      GET /api/v1/reservas                                                            3431     0(0.00%) |     15       6     270     11 |   24.00        0.00
POST     POST /api/v1/auth/login                                                           50     0(0.00%) |   4513     835    6324   4500 |    0.00        0.00
--------|----------------------------------------------------------------------------|-------|-------------|-------|-------|-------|-------|--------|-----------
         Aggregated                                                                      3481     0(0.00%) |     79       6    6324     11 |   24.00        0.00

Type     Name                                                                          # reqs      # fails |    Avg     Min     Max    Med |   req/s  failures/s
--------|----------------------------------------------------------------------------|-------|-------------|-------|-------|-------|-------|--------|-----------
GET      GET /api/v1/reservas                                                            3483     0(0.00%) |     15       6     270     11 |   24.00        0.00
POST     POST /api/v1/auth/login                                                           50     0(0.00%) |   4513     835    6324   4500 |    0.00        0.00
--------|----------------------------------------------------------------------------|-------|-------------|-------|-------|-------|-------|--------|-----------
         Aggregated                                                                      3533     0(0.00%) |     78       6    6324     11 |   24.00        0.00

Type     Name                                                                          # reqs      # fails |    Avg     Min     Max    Med |   req/s  failures/s
--------|----------------------------------------------------------------------------|-------|-------------|-------|-------|-------|-------|--------|-----------
GET      GET /api/v1/reservas                                                            3531     0(0.00%) |     15       6     270     11 |   24.50        0.00
POST     POST /api/v1/auth/login                                                           50     0(0.00%) |   4513     835    6324   4500 |    0.00        0.00
--------|----------------------------------------------------------------------------|-------|-------------|-------|-------|-------|-------|--------|-----------
         Aggregated                                                                      3581     0(0.00%) |     77       6    6324     11 |   24.50        0.00

Type     Name                                                                          # reqs      # fails |    Avg     Min     Max    Med |   req/s  failures/s
--------|----------------------------------------------------------------------------|-------|-------------|-------|-------|-------|-------|--------|-----------
GET      GET /api/v1/reservas                                                            3580     0(0.00%) |     15       6     270     11 |   24.40        0.00
POST     POST /api/v1/auth/login                                                           50     0(0.00%) |   4513     835    6324   4500 |    0.00        0.00
--------|----------------------------------------------------------------------------|-------|-------------|-------|-------|-------|-------|--------|-----------
         Aggregated                                                                      3630     0(0.00%) |     76       6    6324     11 |   24.40        0.00

Type     Name                                                                          # reqs      # fails |    Avg     Min     Max    Med |   req/s  failures/s
--------|----------------------------------------------------------------------------|-------|-------------|-------|-------|-------|-------|--------|-----------
GET      GET /api/v1/reservas                                                            3632     0(0.00%) |     14       6     270     11 |   25.20        0.00
POST     POST /api/v1/auth/login                                                           50     0(0.00%) |   4513     835    6324   4500 |    0.00        0.00
--------|----------------------------------------------------------------------------|-------|-------------|-------|-------|-------|-------|--------|-----------
         Aggregated                                                                      3682     0(0.00%) |     76       6    6324     11 |   25.10        0.00

Type     Name                                                                          # reqs      # fails |    Avg     Min     Max    Med |   req/s  failures/s
--------|----------------------------------------------------------------------------|-------|-------------|-------|-------|-------|-------|--------|-----------
GET      GET /api/v1/reservas                                                            3685     0(0.00%) |     14       6     270     11 |   25.30        0.00
POST     POST /api/v1/auth/login                                                           50     0(0.00%) |   4513     835    6324   4500 |    0.00        0.00
--------|----------------------------------------------------------------------------|-------|-------------|-------|-------|-------|-------|--------|-----------
         Aggregated                                                                      3735     0(0.00%) |     75       6    6324     11 |   25.30        0.00

Type     Name                                                                          # reqs      # fails |    Avg     Min     Max    Med |   req/s  failures/s
--------|----------------------------------------------------------------------------|-------|-------------|-------|-------|-------|-------|--------|-----------
GET      GET /api/v1/reservas                                                            3730     0(0.00%) |     14       6     270     11 |   25.40        0.00
POST     POST /api/v1/auth/login                                                           50     0(0.00%) |   4513     835    6324   4500 |    0.00        0.00
--------|----------------------------------------------------------------------------|-------|-------------|-------|-------|-------|-------|--------|-----------
         Aggregated                                                                      3780     0(0.00%) |     74       6    6324     11 |   25.40        0.00

Type     Name                                                                          # reqs      # fails |    Avg     Min     Max    Med |   req/s  failures/s
--------|----------------------------------------------------------------------------|-------|-------------|-------|-------|-------|-------|--------|-----------
GET      GET /api/v1/reservas                                                            3780     0(0.00%) |     14       6     270     11 |   24.50        0.00
POST     POST /api/v1/auth/login                                                           50     0(0.00%) |   4513     835    6324   4500 |    0.00        0.00
--------|----------------------------------------------------------------------------|-------|-------------|-------|-------|-------|-------|--------|-----------
         Aggregated                                                                      3830     0(0.00%) |     73       6    6324     11 |   24.50        0.00

Type     Name                                                                          # reqs      # fails |    Avg     Min     Max    Med |   req/s  failures/s
--------|----------------------------------------------------------------------------|-------|-------------|-------|-------|-------|-------|--------|-----------
GET      GET /api/v1/reservas                                                            3831     0(0.00%) |     14       6     270     11 |   24.80        0.00
POST     POST /api/v1/auth/login                                                           50     0(0.00%) |   4513     835    6324   4500 |    0.00        0.00
--------|----------------------------------------------------------------------------|-------|-------------|-------|-------|-------|-------|--------|-----------
         Aggregated                                                                      3881     0(0.00%) |     72       6    6324     11 |   24.80        0.00

Type     Name                                                                          # reqs      # fails |    Avg     Min     Max    Med |   req/s  failures/s
--------|----------------------------------------------------------------------------|-------|-------------|-------|-------|-------|-------|--------|-----------
GET      GET /api/v1/reservas                                                            3879     0(0.00%) |     14       6     270     11 |   24.70        0.00
POST     POST /api/v1/auth/login                                                           50     0(0.00%) |   4513     835    6324   4500 |    0.00        0.00
--------|----------------------------------------------------------------------------|-------|-------------|-------|-------|-------|-------|--------|-----------
         Aggregated                                                                      3929     0(0.00%) |     72       6    6324     11 |   24.70        0.00

Type     Name                                                                          # reqs      # fails |    Avg     Min     Max    Med |   req/s  failures/s
--------|----------------------------------------------------------------------------|-------|-------------|-------|-------|-------|-------|--------|-----------
GET      GET /api/v1/reservas                                                            3924     0(0.00%) |     14       6     270     11 |   24.80        0.00
POST     POST /api/v1/auth/login                                                           50     0(0.00%) |   4513     835    6324   4500 |    0.00        0.00
--------|----------------------------------------------------------------------------|-------|-------------|-------|-------|-------|-------|--------|-----------
         Aggregated                                                                      3974     0(0.00%) |     71       6    6324     11 |   24.80        0.00

Type     Name                                                                          # reqs      # fails |    Avg     Min     Max    Med |   req/s  failures/s
--------|----------------------------------------------------------------------------|-------|-------------|-------|-------|-------|-------|--------|-----------
GET      GET /api/v1/reservas                                                            3976     0(0.00%) |     14       6     270     11 |   24.10        0.00
POST     POST /api/v1/auth/login                                                           50     0(0.00%) |   4513     835    6324   4500 |    0.00        0.00
--------|----------------------------------------------------------------------------|-------|-------------|-------|-------|-------|-------|--------|-----------
         Aggregated                                                                      4026     0(0.00%) |     70       6    6324     11 |   24.10        0.00

Type     Name                                                                          # reqs      # fails |    Avg     Min     Max    Med |   req/s  failures/s
--------|----------------------------------------------------------------------------|-------|-------------|-------|-------|-------|-------|--------|-----------
GET      GET /api/v1/reservas                                                            4023     0(0.00%) |     14       6     270     11 |   24.70        0.00
POST     POST /api/v1/auth/login                                                           50     0(0.00%) |   4513     835    6324   4500 |    0.00        0.00
--------|----------------------------------------------------------------------------|-------|-------------|-------|-------|-------|-------|--------|-----------
         Aggregated                                                                      4073     0(0.00%) |     69       6    6324     11 |   24.70        0.00

Type     Name                                                                          # reqs      # fails |    Avg     Min     Max    Med |   req/s  failures/s
--------|----------------------------------------------------------------------------|-------|-------------|-------|-------|-------|-------|--------|-----------
GET      GET /api/v1/reservas                                                            4077     0(0.00%) |     14       6     270     11 |   24.50        0.00
POST     POST /api/v1/auth/login                                                           50     0(0.00%) |   4513     835    6324   4500 |    0.00        0.00
--------|----------------------------------------------------------------------------|-------|-------------|-------|-------|-------|-------|--------|-----------
         Aggregated                                                                      4127     0(0.00%) |     69       6    6324     11 |   24.50        0.00

Type     Name                                                                          # reqs      # fails |    Avg     Min     Max    Med |   req/s  failures/s
--------|----------------------------------------------------------------------------|-------|-------------|-------|-------|-------|-------|--------|-----------
GET      GET /api/v1/reservas                                                            4127     0(0.00%) |     14       6     270     11 |   24.30        0.00
POST     POST /api/v1/auth/login                                                           50     0(0.00%) |   4513     835    6324   4500 |    0.00        0.00
--------|----------------------------------------------------------------------------|-------|-------------|-------|-------|-------|-------|--------|-----------
         Aggregated                                                                      4177     0(0.00%) |     68       6    6324     11 |   24.30        0.00

Type     Name                                                                          # reqs      # fails |    Avg     Min     Max    Med |   req/s  failures/s
--------|----------------------------------------------------------------------------|-------|-------------|-------|-------|-------|-------|--------|-----------
GET      GET /api/v1/reservas                                                            4174     0(0.00%) |     14       6     270     11 |   24.30        0.00
POST     POST /api/v1/auth/login                                                           50     0(0.00%) |   4513     835    6324   4500 |    0.00        0.00
--------|----------------------------------------------------------------------------|-------|-------------|-------|-------|-------|-------|--------|-----------
         Aggregated                                                                      4224     0(0.00%) |     67       6    6324     11 |   24.30        0.00

Type     Name                                                                          # reqs      # fails |    Avg     Min     Max    Med |   req/s  failures/s
--------|----------------------------------------------------------------------------|-------|-------------|-------|-------|-------|-------|--------|-----------
GET      GET /api/v1/reservas                                                            4230     0(0.00%) |     14       6     270     11 |   25.50        0.00
POST     POST /api/v1/auth/login                                                           50     0(0.00%) |   4513     835    6324   4500 |    0.00        0.00
--------|----------------------------------------------------------------------------|-------|-------------|-------|-------|-------|-------|--------|-----------
         Aggregated                                                                      4280     0(0.00%) |     67       6    6324     11 |   25.50        0.00

Type     Name                                                                          # reqs      # fails |    Avg     Min     Max    Med |   req/s  failures/s
--------|----------------------------------------------------------------------------|-------|-------------|-------|-------|-------|-------|--------|-----------
GET      GET /api/v1/reservas                                                            4277     0(0.00%) |     14       6     270     11 |   25.40        0.00
POST     POST /api/v1/auth/login                                                           50     0(0.00%) |   4513     835    6324   4500 |    0.00        0.00
--------|----------------------------------------------------------------------------|-------|-------------|-------|-------|-------|-------|--------|-----------
         Aggregated                                                                      4327     0(0.00%) |     66       6    6324     11 |   25.40        0.00

Type     Name                                                                          # reqs      # fails |    Avg     Min     Max    Med |   req/s  failures/s
--------|----------------------------------------------------------------------------|-------|-------------|-------|-------|-------|-------|--------|-----------
GET      GET /api/v1/reservas                                                            4325     0(0.00%) |     14       6     270     11 |   25.00        0.00
POST     POST /api/v1/auth/login                                                           50     0(0.00%) |   4513     835    6324   4500 |    0.00        0.00
--------|----------------------------------------------------------------------------|-------|-------------|-------|-------|-------|-------|--------|-----------
         Aggregated                                                                      4375     0(0.00%) |     65       6    6324     11 |   25.00        0.00

Type     Name                                                                          # reqs      # fails |    Avg     Min     Max    Med |   req/s  failures/s
--------|----------------------------------------------------------------------------|-------|-------------|-------|-------|-------|-------|--------|-----------
GET      GET /api/v1/reservas                                                            4374     0(0.00%) |     14       6     270     11 |   25.30        0.00
POST     POST /api/v1/auth/login                                                           50     0(0.00%) |   4513     835    6324   4500 |    0.00        0.00
--------|----------------------------------------------------------------------------|-------|-------------|-------|-------|-------|-------|--------|-----------
         Aggregated                                                                      4424     0(0.00%) |     65       6    6324     11 |   25.30        0.00

Type     Name                                                                          # reqs      # fails |    Avg     Min     Max    Med |   req/s  failures/s
--------|----------------------------------------------------------------------------|-------|-------------|-------|-------|-------|-------|--------|-----------
GET      GET /api/v1/reservas                                                            4421     0(0.00%) |     14       6     270     11 |   25.10        0.00
POST     POST /api/v1/auth/login                                                           50     0(0.00%) |   4513     835    6324   4500 |    0.00        0.00
--------|----------------------------------------------------------------------------|-------|-------------|-------|-------|-------|-------|--------|-----------
         Aggregated                                                                      4471     0(0.00%) |     64       6    6324     11 |   25.10        0.00

Type     Name                                                                          # reqs      # fails |    Avg     Min     Max    Med |   req/s  failures/s
--------|----------------------------------------------------------------------------|-------|-------------|-------|-------|-------|-------|--------|-----------
GET      GET /api/v1/reservas                                                            4473     0(0.00%) |     14       6     270     11 |   24.50        0.00
POST     POST /api/v1/auth/login                                                           50     0(0.00%) |   4513     835    6324   4500 |    0.00        0.00
--------|----------------------------------------------------------------------------|-------|-------------|-------|-------|-------|-------|--------|-----------
         Aggregated                                                                      4523     0(0.00%) |     64       6    6324     11 |   24.50        0.00

Type     Name                                                                          # reqs      # fails |    Avg     Min     Max    Med |   req/s  failures/s
--------|----------------------------------------------------------------------------|-------|-------------|-------|-------|-------|-------|--------|-----------
GET      GET /api/v1/reservas                                                            4518     0(0.00%) |     14       6     270     11 |   24.00        0.00
POST     POST /api/v1/auth/login                                                           50     0(0.00%) |   4513     835    6324   4500 |    0.00        0.00
--------|----------------------------------------------------------------------------|-------|-------------|-------|-------|-------|-------|--------|-----------
         Aggregated                                                                      4568     0(0.00%) |     63       6    6324     11 |   24.00        0.00

Type     Name                                                                          # reqs      # fails |    Avg     Min     Max    Med |   req/s  failures/s
--------|----------------------------------------------------------------------------|-------|-------------|-------|-------|-------|-------|--------|-----------
GET      GET /api/v1/reservas                                                            4568     0(0.00%) |     14       6     270     11 |   24.50        0.00
POST     POST /api/v1/auth/login                                                           50     0(0.00%) |   4513     835    6324   4500 |    0.00        0.00
--------|----------------------------------------------------------------------------|-------|-------------|-------|-------|-------|-------|--------|-----------
         Aggregated                                                                      4618     0(0.00%) |     63       6    6324     11 |   24.50        0.00

Type     Name                                                                          # reqs      # fails |    Avg     Min     Max    Med |   req/s  failures/s
--------|----------------------------------------------------------------------------|-------|-------------|-------|-------|-------|-------|--------|-----------
GET      GET /api/v1/reservas                                                            4614     0(0.00%) |     14       6     270     11 |   24.00        0.00
POST     POST /api/v1/auth/login                                                           50     0(0.00%) |   4513     835    6324   4500 |    0.00        0.00
--------|----------------------------------------------------------------------------|-------|-------------|-------|-------|-------|-------|--------|-----------
         Aggregated                                                                      4664     0(0.00%) |     62       6    6324     11 |   24.00        0.00

Type     Name                                                                          # reqs      # fails |    Avg     Min     Max    Med |   req/s  failures/s
--------|----------------------------------------------------------------------------|-------|-------------|-------|-------|-------|-------|--------|-----------
GET      GET /api/v1/reservas                                                            4665     0(0.00%) |     14       6     270     11 |   23.60        0.00
POST     POST /api/v1/auth/login                                                           50     0(0.00%) |   4513     835    6324   4500 |    0.00        0.00
--------|----------------------------------------------------------------------------|-------|-------------|-------|-------|-------|-------|--------|-----------
         Aggregated                                                                      4715     0(0.00%) |     62       6    6324     11 |   23.60        0.00

Type     Name                                                                          # reqs      # fails |    Avg     Min     Max    Med |   req/s  failures/s
--------|----------------------------------------------------------------------------|-------|-------------|-------|-------|-------|-------|--------|-----------
GET      GET /api/v1/reservas                                                            4713     0(0.00%) |     14       6     270     11 |   24.00        0.00
POST     POST /api/v1/auth/login                                                           50     0(0.00%) |   4513     835    6324   4500 |    0.00        0.00
--------|----------------------------------------------------------------------------|-------|-------------|-------|-------|-------|-------|--------|-----------
         Aggregated                                                                      4763     0(0.00%) |     61       6    6324     11 |   24.00        0.00

Type     Name                                                                          # reqs      # fails |    Avg     Min     Max    Med |   req/s  failures/s
--------|----------------------------------------------------------------------------|-------|-------------|-------|-------|-------|-------|--------|-----------
GET      GET /api/v1/reservas                                                            4770     0(0.00%) |     14       6     270     11 |   24.70        0.00
POST     POST /api/v1/auth/login                                                           50     0(0.00%) |   4513     835    6324   4500 |    0.00        0.00
--------|----------------------------------------------------------------------------|-------|-------------|-------|-------|-------|-------|--------|-----------
         Aggregated                                                                      4820     0(0.00%) |     60       6    6324     11 |   24.70        0.00

Type     Name                                                                          # reqs      # fails |    Avg     Min     Max    Med |   req/s  failures/s
--------|----------------------------------------------------------------------------|-------|-------------|-------|-------|-------|-------|--------|-----------
GET      GET /api/v1/reservas                                                            4821     0(0.00%) |     14       6     270     11 |   24.80        0.00
POST     POST /api/v1/auth/login                                                           50     0(0.00%) |   4513     835    6324   4500 |    0.00        0.00
--------|----------------------------------------------------------------------------|-------|-------------|-------|-------|-------|-------|--------|-----------
         Aggregated                                                                      4871     0(0.00%) |     60       6    6324     11 |   24.80        0.00

Type     Name                                                                          # reqs      # fails |    Avg     Min     Max    Med |   req/s  failures/s
--------|----------------------------------------------------------------------------|-------|-------------|-------|-------|-------|-------|--------|-----------
GET      GET /api/v1/reservas                                                            4859     0(0.00%) |     14       6     270     11 |   25.10        0.00
POST     POST /api/v1/auth/login                                                           50     0(0.00%) |   4513     835    6324   4500 |    0.00        0.00
--------|----------------------------------------------------------------------------|-------|-------------|-------|-------|-------|-------|--------|-----------
         Aggregated                                                                      4909     0(0.00%) |     60       6    6324     11 |   25.10        0.00

Type     Name                                                                          # reqs      # fails |    Avg     Min     Max    Med |   req/s  failures/s
--------|----------------------------------------------------------------------------|-------|-------------|-------|-------|-------|-------|--------|-----------
GET      GET /api/v1/reservas                                                            4913     0(0.00%) |     14       6     270     11 |   24.70        0.00
POST     POST /api/v1/auth/login                                                           50     0(0.00%) |   4513     835    6324   4500 |    0.00        0.00
--------|----------------------------------------------------------------------------|-------|-------------|-------|-------|-------|-------|--------|-----------
         Aggregated                                                                      4963     0(0.00%) |     59       6    6324     11 |   24.70        0.00

Type     Name                                                                          # reqs      # fails |    Avg     Min     Max    Med |   req/s  failures/s
--------|----------------------------------------------------------------------------|-------|-------------|-------|-------|-------|-------|--------|-----------
GET      GET /api/v1/reservas                                                            4966     0(0.00%) |     14       6     270     11 |   25.30        0.00
POST     POST /api/v1/auth/login                                                           50     0(0.00%) |   4513     835    6324   4500 |    0.00        0.00
--------|----------------------------------------------------------------------------|-------|-------------|-------|-------|-------|-------|--------|-----------
         Aggregated                                                                      5016     0(0.00%) |     59       6    6324     11 |   25.30        0.00

Type     Name                                                                          # reqs      # fails |    Avg     Min     Max    Med |   req/s  failures/s
--------|----------------------------------------------------------------------------|-------|-------------|-------|-------|-------|-------|--------|-----------
GET      GET /api/v1/reservas                                                            5016     0(0.00%) |     14       6     270     11 |   24.90        0.00
POST     POST /api/v1/auth/login                                                           50     0(0.00%) |   4513     835    6324   4500 |    0.00        0.00
--------|----------------------------------------------------------------------------|-------|-------------|-------|-------|-------|-------|--------|-----------
         Aggregated                                                                      5066     0(0.00%) |     58       6    6324     11 |   24.90        0.00

Type     Name                                                                          # reqs      # fails |    Avg     Min     Max    Med |   req/s  failures/s
--------|----------------------------------------------------------------------------|-------|-------------|-------|-------|-------|-------|--------|-----------
GET      GET /api/v1/reservas                                                            5065     0(0.00%) |     14       6     270     11 |   25.00        0.00
POST     POST /api/v1/auth/login                                                           50     0(0.00%) |   4513     835    6324   4500 |    0.00        0.00
--------|----------------------------------------------------------------------------|-------|-------------|-------|-------|-------|-------|--------|-----------
         Aggregated                                                                      5115     0(0.00%) |     58       6    6324     11 |   25.00        0.00

Type     Name                                                                          # reqs      # fails |    Avg     Min     Max    Med |   req/s  failures/s
--------|----------------------------------------------------------------------------|-------|-------------|-------|-------|-------|-------|--------|-----------
GET      GET /api/v1/reservas                                                            5114     0(0.00%) |     14       6     270     11 |   24.20        0.00
POST     POST /api/v1/auth/login                                                           50     0(0.00%) |   4513     835    6324   4500 |    0.00        0.00
--------|----------------------------------------------------------------------------|-------|-------------|-------|-------|-------|-------|--------|-----------
         Aggregated                                                                      5164     0(0.00%) |     57       6    6324     11 |   24.20        0.00

Type     Name                                                                          # reqs      # fails |    Avg     Min     Max    Med |   req/s  failures/s
--------|----------------------------------------------------------------------------|-------|-------------|-------|-------|-------|-------|--------|-----------
GET      GET /api/v1/reservas                                                            5164     0(0.00%) |     14       6     270     11 |   25.50        0.00
POST     POST /api/v1/auth/login                                                           50     0(0.00%) |   4513     835    6324   4500 |    0.00        0.00
--------|----------------------------------------------------------------------------|-------|-------------|-------|-------|-------|-------|--------|-----------
         Aggregated                                                                      5214     0(0.00%) |     57       6    6324     11 |   25.50        0.00

Type     Name                                                                          # reqs      # fails |    Avg     Min     Max    Med |   req/s  failures/s
--------|----------------------------------------------------------------------------|-------|-------------|-------|-------|-------|-------|--------|-----------
GET      GET /api/v1/reservas                                                            5208     0(0.00%) |     14       6     270     11 |   24.50        0.00
POST     POST /api/v1/auth/login                                                           50     0(0.00%) |   4513     835    6324   4500 |    0.00        0.00
--------|----------------------------------------------------------------------------|-------|-------------|-------|-------|-------|-------|--------|-----------
         Aggregated                                                                      5258     0(0.00%) |     56       6    6324     11 |   24.50        0.00

Type     Name                                                                          # reqs      # fails |    Avg     Min     Max    Med |   req/s  failures/s
--------|----------------------------------------------------------------------------|-------|-------------|-------|-------|-------|-------|--------|-----------
GET      GET /api/v1/reservas                                                            5261     0(0.00%) |     14       6     270     11 |   24.10        0.00
POST     POST /api/v1/auth/login                                                           50     0(0.00%) |   4513     835    6324   4500 |    0.00        0.00
--------|----------------------------------------------------------------------------|-------|-------------|-------|-------|-------|-------|--------|-----------
         Aggregated                                                                      5311     0(0.00%) |     56       6    6324     11 |   24.10        0.00

Type     Name                                                                          # reqs      # fails |    Avg     Min     Max    Med |   req/s  failures/s
--------|----------------------------------------------------------------------------|-------|-------------|-------|-------|-------|-------|--------|-----------
GET      GET /api/v1/reservas                                                            5316     0(0.00%) |     14       6     270     11 |   24.20        0.00
POST     POST /api/v1/auth/login                                                           50     0(0.00%) |   4513     835    6324   4500 |    0.00        0.00
--------|----------------------------------------------------------------------------|-------|-------------|-------|-------|-------|-------|--------|-----------
         Aggregated                                                                      5366     0(0.00%) |     55       6    6324     11 |   24.20        0.00

Type     Name                                                                          # reqs      # fails |    Avg     Min     Max    Med |   req/s  failures/s
--------|----------------------------------------------------------------------------|-------|-------------|-------|-------|-------|-------|--------|-----------
GET      GET /api/v1/reservas                                                            5360     0(0.00%) |     14       6     270     11 |   25.10        0.00
POST     POST /api/v1/auth/login                                                           50     0(0.00%) |   4513     835    6324   4500 |    0.00        0.00
--------|----------------------------------------------------------------------------|-------|-------------|-------|-------|-------|-------|--------|-----------
         Aggregated                                                                      5410     0(0.00%) |     55       6    6324     11 |   25.10        0.00

Type     Name                                                                          # reqs      # fails |    Avg     Min     Max    Med |   req/s  failures/s
--------|----------------------------------------------------------------------------|-------|-------------|-------|-------|-------|-------|--------|-----------
GET      GET /api/v1/reservas                                                            5413     0(0.00%) |     14       6     270     11 |   24.30        0.00
POST     POST /api/v1/auth/login                                                           50     0(0.00%) |   4513     835    6324   4500 |    0.00        0.00
--------|----------------------------------------------------------------------------|-------|-------------|-------|-------|-------|-------|--------|-----------
         Aggregated                                                                      5463     0(0.00%) |     55       6    6324     11 |   24.30        0.00

Type     Name                                                                          # reqs      # fails |    Avg     Min     Max    Med |   req/s  failures/s
--------|----------------------------------------------------------------------------|-------|-------------|-------|-------|-------|-------|--------|-----------
GET      GET /api/v1/reservas                                                            5454     0(0.00%) |     15       6     396     11 |   24.40        0.00
POST     POST /api/v1/auth/login                                                           50     0(0.00%) |   4513     835    6324   4500 |    0.00        0.00
--------|----------------------------------------------------------------------------|-------|-------------|-------|-------|-------|-------|--------|-----------
         Aggregated                                                                      5504     0(0.00%) |     56       6    6324     11 |   24.40        0.00

Type     Name                                                                          # reqs      # fails |    Avg     Min     Max    Med |   req/s  failures/s
--------|----------------------------------------------------------------------------|-------|-------------|-------|-------|-------|-------|--------|-----------
GET      GET /api/v1/reservas                                                            5510     0(0.00%) |     15       6     396     11 |   24.70        0.00
POST     POST /api/v1/auth/login                                                           50     0(0.00%) |   4513     835    6324   4500 |    0.00        0.00
--------|----------------------------------------------------------------------------|-------|-------------|-------|-------|-------|-------|--------|-----------
         Aggregated                                                                      5560     0(0.00%) |     56       6    6324     11 |   24.70        0.00

Type     Name                                                                          # reqs      # fails |    Avg     Min     Max    Med |   req/s  failures/s
--------|----------------------------------------------------------------------------|-------|-------------|-------|-------|-------|-------|--------|-----------
GET      GET /api/v1/reservas                                                            5554     0(0.00%) |     15       6     396     11 |   24.90        0.00
POST     POST /api/v1/auth/login                                                           50     0(0.00%) |   4513     835    6324   4500 |    0.00        0.00
--------|----------------------------------------------------------------------------|-------|-------------|-------|-------|-------|-------|--------|-----------
         Aggregated                                                                      5604     0(0.00%) |     55       6    6324     11 |   24.90        0.00

Type     Name                                                                          # reqs      # fails |    Avg     Min     Max    Med |   req/s  failures/s
--------|----------------------------------------------------------------------------|-------|-------------|-------|-------|-------|-------|--------|-----------
GET      GET /api/v1/reservas                                                            5608     0(0.00%) |     15       6     396     11 |   24.20        0.00
POST     POST /api/v1/auth/login                                                           50     0(0.00%) |   4513     835    6324   4500 |    0.00        0.00
--------|----------------------------------------------------------------------------|-------|-------------|-------|-------|-------|-------|--------|-----------
         Aggregated                                                                      5658     0(0.00%) |     55       6    6324     11 |   24.20        0.00

Type     Name                                                                          # reqs      # fails |    Avg     Min     Max    Med |   req/s  failures/s
--------|----------------------------------------------------------------------------|-------|-------------|-------|-------|-------|-------|--------|-----------
GET      GET /api/v1/reservas                                                            5656     0(0.00%) |     15       6     396     11 |   24.60        0.00
POST     POST /api/v1/auth/login                                                           50     0(0.00%) |   4513     835    6324   4500 |    0.00        0.00
--------|----------------------------------------------------------------------------|-------|-------------|-------|-------|-------|-------|--------|-----------
         Aggregated                                                                      5706     0(0.00%) |     55       6    6324     11 |   24.60        0.00

Type     Name                                                                          # reqs      # fails |    Avg     Min     Max    Med |   req/s  failures/s
--------|----------------------------------------------------------------------------|-------|-------------|-------|-------|-------|-------|--------|-----------
GET      GET /api/v1/reservas                                                            5703     0(0.00%) |     15       6     396     11 |   25.00        0.00
POST     POST /api/v1/auth/login                                                           50     0(0.00%) |   4513     835    6324   4500 |    0.00        0.00
--------|----------------------------------------------------------------------------|-------|-------------|-------|-------|-------|-------|--------|-----------
         Aggregated                                                                      5753     0(0.00%) |     54       6    6324     11 |   25.00        0.00

Type     Name                                                                          # reqs      # fails |    Avg     Min     Max    Med |   req/s  failures/s
--------|----------------------------------------------------------------------------|-------|-------------|-------|-------|-------|-------|--------|-----------
GET      GET /api/v1/reservas                                                            5753     0(0.00%) |     15       6     396     11 |   24.40        0.00
POST     POST /api/v1/auth/login                                                           50     0(0.00%) |   4513     835    6324   4500 |    0.00        0.00
--------|----------------------------------------------------------------------------|-------|-------------|-------|-------|-------|-------|--------|-----------
         Aggregated                                                                      5803     0(0.00%) |     54       6    6324     11 |   24.40        0.00

Type     Name                                                                          # reqs      # fails |    Avg     Min     Max    Med |   req/s  failures/s
--------|----------------------------------------------------------------------------|-------|-------------|-------|-------|-------|-------|--------|-----------
GET      GET /api/v1/reservas                                                            5800     0(0.00%) |     15       6     396     11 |   24.40        0.00
POST     POST /api/v1/auth/login                                                           50     0(0.00%) |   4513     835    6324   4500 |    0.00        0.00
--------|----------------------------------------------------------------------------|-------|-------------|-------|-------|-------|-------|--------|-----------
         Aggregated                                                                      5850     0(0.00%) |     53       6    6324     11 |   24.40        0.00

Type     Name                                                                          # reqs      # fails |    Avg     Min     Max    Med |   req/s  failures/s
--------|----------------------------------------------------------------------------|-------|-------------|-------|-------|-------|-------|--------|-----------
GET      GET /api/v1/reservas                                                            5852     0(0.00%) |     15       6     396     11 |   24.60        0.00
POST     POST /api/v1/auth/login                                                           50     0(0.00%) |   4513     835    6324   4500 |    0.00        0.00
--------|----------------------------------------------------------------------------|-------|-------------|-------|-------|-------|-------|--------|-----------
         Aggregated                                                                      5902     0(0.00%) |     53       6    6324     11 |   24.60        0.00

Type     Name                                                                          # reqs      # fails |    Avg     Min     Max    Med |   req/s  failures/s
--------|----------------------------------------------------------------------------|-------|-------------|-------|-------|-------|-------|--------|-----------
GET      GET /api/v1/reservas                                                            5904     0(0.00%) |     15       6     396     11 |   24.00        0.00
POST     POST /api/v1/auth/login                                                           50     0(0.00%) |   4513     835    6324   4500 |    0.00        0.00
--------|----------------------------------------------------------------------------|-------|-------------|-------|-------|-------|-------|--------|-----------
         Aggregated                                                                      5954     0(0.00%) |     53       6    6324     11 |   24.00        0.00

Type     Name                                                                          # reqs      # fails |    Avg     Min     Max    Med |   req/s  failures/s
--------|----------------------------------------------------------------------------|-------|-------------|-------|-------|-------|-------|--------|-----------
GET      GET /api/v1/reservas                                                            5951     0(0.00%) |     15       6     396     11 |   24.80        0.00
POST     POST /api/v1/auth/login                                                           50     0(0.00%) |   4513     835    6324   4500 |    0.00        0.00
--------|----------------------------------------------------------------------------|-------|-------------|-------|-------|-------|-------|--------|-----------
         Aggregated                                                                      6001     0(0.00%) |     52       6    6324     11 |   24.80        0.00

Type     Name                                                                          # reqs      # fails |    Avg     Min     Max    Med |   req/s  failures/s
--------|----------------------------------------------------------------------------|-------|-------------|-------|-------|-------|-------|--------|-----------
GET      GET /api/v1/reservas                                                            6000     0(0.00%) |     15       6     396     11 |   25.30        0.00
POST     POST /api/v1/auth/login                                                           50     0(0.00%) |   4513     835    6324   4500 |    0.00        0.00
--------|----------------------------------------------------------------------------|-------|-------------|-------|-------|-------|-------|--------|-----------
         Aggregated                                                                      6050     0(0.00%) |     52       6    6324     11 |   25.30        0.00

Type     Name                                                                          # reqs      # fails |    Avg     Min     Max    Med |   req/s  failures/s
--------|----------------------------------------------------------------------------|-------|-------------|-------|-------|-------|-------|--------|-----------
GET      GET /api/v1/reservas                                                            6049     0(0.00%) |     15       6     396     11 |   24.60        0.00
POST     POST /api/v1/auth/login                                                           50     0(0.00%) |   4513     835    6324   4500 |    0.00        0.00
--------|----------------------------------------------------------------------------|-------|-------------|-------|-------|-------|-------|--------|-----------
         Aggregated                                                                      6099     0(0.00%) |     52       6    6324     11 |   24.60        0.00

Type     Name                                                                          # reqs      # fails |    Avg     Min     Max    Med |   req/s  failures/s
--------|----------------------------------------------------------------------------|-------|-------------|-------|-------|-------|-------|--------|-----------
GET      GET /api/v1/reservas                                                            6098     0(0.00%) |     15       6     396     11 |   24.80        0.00
POST     POST /api/v1/auth/login                                                           50     0(0.00%) |   4513     835    6324   4500 |    0.00        0.00
--------|----------------------------------------------------------------------------|-------|-------------|-------|-------|-------|-------|--------|-----------
         Aggregated                                                                      6148     0(0.00%) |     51       6    6324     11 |   24.80        0.00

Type     Name                                                                          # reqs      # fails |    Avg     Min     Max    Med |   req/s  failures/s
--------|----------------------------------------------------------------------------|-------|-------------|-------|-------|-------|-------|--------|-----------
GET      GET /api/v1/reservas                                                            6146     0(0.00%) |     15       6     396     11 |   25.10        0.00
POST     POST /api/v1/auth/login                                                           50     0(0.00%) |   4513     835    6324   4500 |    0.00        0.00
--------|----------------------------------------------------------------------------|-------|-------------|-------|-------|-------|-------|--------|-----------
         Aggregated                                                                      6196     0(0.00%) |     51       6    6324     11 |   25.10        0.00

Type     Name                                                                          # reqs      # fails |    Avg     Min     Max    Med |   req/s  failures/s
--------|----------------------------------------------------------------------------|-------|-------------|-------|-------|-------|-------|--------|-----------
GET      GET /api/v1/reservas                                                            6190     0(0.00%) |     15       6     396     11 |   23.70        0.00
POST     POST /api/v1/auth/login                                                           50     0(0.00%) |   4513     835    6324   4500 |    0.00        0.00
--------|----------------------------------------------------------------------------|-------|-------------|-------|-------|-------|-------|--------|-----------
         Aggregated                                                                      6240     0(0.00%) |     51       6    6324     11 |   23.70        0.00

Type     Name                                                                          # reqs      # fails |    Avg     Min     Max    Med |   req/s  failures/s
--------|----------------------------------------------------------------------------|-------|-------------|-------|-------|-------|-------|--------|-----------
GET      GET /api/v1/reservas                                                            6245     0(0.00%) |     15       6     396     11 |   24.10        0.00
POST     POST /api/v1/auth/login                                                           50     0(0.00%) |   4513     835    6324   4500 |    0.00        0.00
--------|----------------------------------------------------------------------------|-------|-------------|-------|-------|-------|-------|--------|-----------
         Aggregated                                                                      6295     0(0.00%) |     50       6    6324     11 |   24.10        0.00

Type     Name                                                                          # reqs      # fails |    Avg     Min     Max    Med |   req/s  failures/s
--------|----------------------------------------------------------------------------|-------|-------------|-------|-------|-------|-------|--------|-----------
GET      GET /api/v1/reservas                                                            6295     0(0.00%) |     15       6     396     11 |   24.70        0.00
POST     POST /api/v1/auth/login                                                           50     0(0.00%) |   4513     835    6324   4500 |    0.00        0.00
--------|----------------------------------------------------------------------------|-------|-------------|-------|-------|-------|-------|--------|-----------
         Aggregated                                                                      6345     0(0.00%) |     50       6    6324     11 |   24.70        0.00

Type     Name                                                                          # reqs      # fails |    Avg     Min     Max    Med |   req/s  failures/s
--------|----------------------------------------------------------------------------|-------|-------------|-------|-------|-------|-------|--------|-----------
GET      GET /api/v1/reservas                                                            6342     0(0.00%) |     15       6     396     11 |   24.70        0.00
POST     POST /api/v1/auth/login                                                           50     0(0.00%) |   4513     835    6324   4500 |    0.00        0.00
--------|----------------------------------------------------------------------------|-------|-------------|-------|-------|-------|-------|--------|-----------
         Aggregated                                                                      6392     0(0.00%) |     50       6    6324     11 |   24.70        0.00

Type     Name                                                                          # reqs      # fails |    Avg     Min     Max    Med |   req/s  failures/s
--------|----------------------------------------------------------------------------|-------|-------------|-------|-------|-------|-------|--------|-----------
GET      GET /api/v1/reservas                                                            6400     0(0.00%) |     15       6     396     11 |   24.70        0.00
POST     POST /api/v1/auth/login                                                           50     0(0.00%) |   4513     835    6324   4500 |    0.00        0.00
--------|----------------------------------------------------------------------------|-------|-------------|-------|-------|-------|-------|--------|-----------
         Aggregated                                                                      6450     0(0.00%) |     50       6    6324     11 |   24.70        0.00

Type     Name                                                                          # reqs      # fails |    Avg     Min     Max    Med |   req/s  failures/s
--------|----------------------------------------------------------------------------|-------|-------------|-------|-------|-------|-------|--------|-----------
GET      GET /api/v1/reservas                                                            6447     0(0.00%) |     15       6     396     11 |   25.70        0.00
POST     POST /api/v1/auth/login                                                           50     0(0.00%) |   4513     835    6324   4500 |    0.00        0.00
--------|----------------------------------------------------------------------------|-------|-------------|-------|-------|-------|-------|--------|-----------
         Aggregated                                                                      6497     0(0.00%) |     49       6    6324     11 |   25.70        0.00

Type     Name                                                                          # reqs      # fails |    Avg     Min     Max    Med |   req/s  failures/s
--------|----------------------------------------------------------------------------|-------|-------------|-------|-------|-------|-------|--------|-----------
GET      GET /api/v1/reservas                                                            6498     0(0.00%) |     15       6     396     11 |   25.70        0.00
POST     POST /api/v1/auth/login                                                           50     0(0.00%) |   4513     835    6324   4500 |    0.00        0.00
--------|----------------------------------------------------------------------------|-------|-------------|-------|-------|-------|-------|--------|-----------
         Aggregated                                                                      6548     0(0.00%) |     49       6    6324     11 |   25.70        0.00

Type     Name                                                                          # reqs      # fails |    Avg     Min     Max    Med |   req/s  failures/s
--------|----------------------------------------------------------------------------|-------|-------------|-------|-------|-------|-------|--------|-----------
GET      GET /api/v1/reservas                                                            6548     0(0.00%) |     15       6     396     11 |   25.30        0.00
POST     POST /api/v1/auth/login                                                           50     0(0.00%) |   4513     835    6324   4500 |    0.00        0.00
--------|----------------------------------------------------------------------------|-------|-------------|-------|-------|-------|-------|--------|-----------
         Aggregated                                                                      6598     0(0.00%) |     49       6    6324     11 |   25.30        0.00

Type     Name                                                                          # reqs      # fails |    Avg     Min     Max    Med |   req/s  failures/s
--------|----------------------------------------------------------------------------|-------|-------------|-------|-------|-------|-------|--------|-----------
GET      GET /api/v1/reservas                                                            6598     0(0.00%) |     15       6     396     11 |   25.70        0.00
POST     POST /api/v1/auth/login                                                           50     0(0.00%) |   4513     835    6324   4500 |    0.00        0.00
--------|----------------------------------------------------------------------------|-------|-------------|-------|-------|-------|-------|--------|-----------
         Aggregated                                                                      6648     0(0.00%) |     48       6    6324     11 |   25.70        0.00

Type     Name                                                                          # reqs      # fails |    Avg     Min     Max    Med |   req/s  failures/s
--------|----------------------------------------------------------------------------|-------|-------------|-------|-------|-------|-------|--------|-----------
GET      GET /api/v1/reservas                                                            6644     0(0.00%) |     15       6     396     11 |   25.70        0.00
POST     POST /api/v1/auth/login                                                           50     0(0.00%) |   4513     835    6324   4500 |    0.00        0.00
--------|----------------------------------------------------------------------------|-------|-------------|-------|-------|-------|-------|--------|-----------
         Aggregated                                                                      6694     0(0.00%) |     48       6    6324     11 |   25.70        0.00

Type     Name                                                                          # reqs      # fails |    Avg     Min     Max    Med |   req/s  failures/s
--------|----------------------------------------------------------------------------|-------|-------------|-------|-------|-------|-------|--------|-----------
GET      GET /api/v1/reservas                                                            6702     0(0.00%) |     15       6     396     11 |   24.90        0.00
POST     POST /api/v1/auth/login                                                           50     0(0.00%) |   4513     835    6324   4500 |    0.00        0.00
--------|----------------------------------------------------------------------------|-------|-------------|-------|-------|-------|-------|--------|-----------
         Aggregated                                                                      6752     0(0.00%) |     48       6    6324     11 |   24.90        0.00

Type     Name                                                                          # reqs      # fails |    Avg     Min     Max    Med |   req/s  failures/s
--------|----------------------------------------------------------------------------|-------|-------------|-------|-------|-------|-------|--------|-----------
GET      GET /api/v1/reservas                                                            6750     0(0.00%) |     15       6     396     11 |   25.00        0.00
POST     POST /api/v1/auth/login                                                           50     0(0.00%) |   4513     835    6324   4500 |    0.00        0.00
--------|----------------------------------------------------------------------------|-------|-------------|-------|-------|-------|-------|--------|-----------
         Aggregated                                                                      6800     0(0.00%) |     48       6    6324     11 |   25.00        0.00

Type     Name                                                                          # reqs      # fails |    Avg     Min     Max    Med |   req/s  failures/s
--------|----------------------------------------------------------------------------|-------|-------------|-------|-------|-------|-------|--------|-----------
GET      GET /api/v1/reservas                                                            6801     0(0.00%) |     15       6     396     11 |   25.00        0.00
POST     POST /api/v1/auth/login                                                           50     0(0.00%) |   4513     835    6324   4500 |    0.00        0.00
--------|----------------------------------------------------------------------------|-------|-------------|-------|-------|-------|-------|--------|-----------
         Aggregated                                                                      6851     0(0.00%) |     47       6    6324     11 |   25.00        0.00

Type     Name                                                                          # reqs      # fails |    Avg     Min     Max    Med |   req/s  failures/s
--------|----------------------------------------------------------------------------|-------|-------------|-------|-------|-------|-------|--------|-----------
GET      GET /api/v1/reservas                                                            6854     0(0.00%) |     14       6     396     11 |   25.00        0.00
POST     POST /api/v1/auth/login                                                           50     0(0.00%) |   4513     835    6324   4500 |    0.00        0.00
--------|----------------------------------------------------------------------------|-------|-------------|-------|-------|-------|-------|--------|-----------
         Aggregated                                                                      6904     0(0.00%) |     47       6    6324     11 |   25.00        0.00

Type     Name                                                                          # reqs      # fails |    Avg     Min     Max    Med |   req/s  failures/s
--------|----------------------------------------------------------------------------|-------|-------------|-------|-------|-------|-------|--------|-----------
GET      GET /api/v1/reservas                                                            6897     0(0.00%) |     14       6     396     11 |   25.10        0.00
POST     POST /api/v1/auth/login                                                           50     0(0.00%) |   4513     835    6324   4500 |    0.00        0.00
--------|----------------------------------------------------------------------------|-------|-------------|-------|-------|-------|-------|--------|-----------
         Aggregated                                                                      6947     0(0.00%) |     47       6    6324     11 |   25.10        0.00

Type     Name                                                                          # reqs      # fails |    Avg     Min     Max    Med |   req/s  failures/s
--------|----------------------------------------------------------------------------|-------|-------------|-------|-------|-------|-------|--------|-----------
GET      GET /api/v1/reservas                                                            6948     0(0.00%) |     14       6     396     11 |   24.90        0.00
POST     POST /api/v1/auth/login                                                           50     0(0.00%) |   4513     835    6324   4500 |    0.00        0.00
--------|----------------------------------------------------------------------------|-------|-------------|-------|-------|-------|-------|--------|-----------
         Aggregated                                                                      6998     0(0.00%) |     47       6    6324     11 |   24.90        0.00

Type     Name                                                                          # reqs      # fails |    Avg     Min     Max    Med |   req/s  failures/s
--------|----------------------------------------------------------------------------|-------|-------------|-------|-------|-------|-------|--------|-----------
GET      GET /api/v1/reservas                                                            6998     0(0.00%) |     14       6     396     11 |   24.70        0.00
POST     POST /api/v1/auth/login                                                           50     0(0.00%) |   4513     835    6324   4500 |    0.00        0.00
--------|----------------------------------------------------------------------------|-------|-------------|-------|-------|-------|-------|--------|-----------
         Aggregated                                                                      7048     0(0.00%) |     46       6    6324     11 |   24.70        0.00

Type     Name                                                                          # reqs      # fails |    Avg     Min     Max    Med |   req/s  failures/s
--------|----------------------------------------------------------------------------|-------|-------------|-------|-------|-------|-------|--------|-----------
GET      GET /api/v1/reservas                                                            7049     0(0.00%) |     14       6     396     11 |   24.50        0.00
POST     POST /api/v1/auth/login                                                           50     0(0.00%) |   4513     835    6324   4500 |    0.00        0.00
--------|----------------------------------------------------------------------------|-------|-------------|-------|-------|-------|-------|--------|-----------
         Aggregated                                                                      7099     0(0.00%) |     46       6    6324     11 |   24.50        0.00

Type     Name                                                                          # reqs      # fails |    Avg     Min     Max    Med |   req/s  failures/s
--------|----------------------------------------------------------------------------|-------|-------------|-------|-------|-------|-------|--------|-----------
GET      GET /api/v1/reservas                                                            7097     0(0.00%) |     14       6     396     11 |   24.90        0.00
POST     POST /api/v1/auth/login                                                           50     0(0.00%) |   4513     835    6324   4500 |    0.00        0.00
--------|----------------------------------------------------------------------------|-------|-------------|-------|-------|-------|-------|--------|-----------
         Aggregated                                                                      7147     0(0.00%) |     46       6    6324     11 |   24.90        0.00

Type     Name                                                                          # reqs      # fails |    Avg     Min     Max    Med |   req/s  failures/s
--------|----------------------------------------------------------------------------|-------|-------------|-------|-------|-------|-------|--------|-----------
GET      GET /api/v1/reservas                                                            7147     0(0.00%) |     14       6     396     11 |   24.80        0.00
POST     POST /api/v1/auth/login                                                           50     0(0.00%) |   4513     835    6324   4500 |    0.00        0.00
--------|----------------------------------------------------------------------------|-------|-------------|-------|-------|-------|-------|--------|-----------
         Aggregated                                                                      7197     0(0.00%) |     46       6    6324     11 |   24.80        0.00

Type     Name                                                                          # reqs      # fails |    Avg     Min     Max    Med |   req/s  failures/s
--------|----------------------------------------------------------------------------|-------|-------------|-------|-------|-------|-------|--------|-----------
GET      GET /api/v1/reservas                                                            7198     0(0.00%) |     14       6     396     11 |   24.80        0.00
POST     POST /api/v1/auth/login                                                           50     0(0.00%) |   4513     835    6324   4500 |    0.00        0.00
--------|----------------------------------------------------------------------------|-------|-------------|-------|-------|-------|-------|--------|-----------
         Aggregated                                                                      7248     0(0.00%) |     45       6    6324     11 |   24.80        0.00

Type     Name                                                                          # reqs      # fails |    Avg     Min     Max    Med |   req/s  failures/s
--------|----------------------------------------------------------------------------|-------|-------------|-------|-------|-------|-------|--------|-----------
GET      GET /api/v1/reservas                                                            7250     0(0.00%) |     14       6     396     11 |   25.50        0.00
POST     POST /api/v1/auth/login                                                           50     0(0.00%) |   4513     835    6324   4500 |    0.00        0.00
--------|----------------------------------------------------------------------------|-------|-------------|-------|-------|-------|-------|--------|-----------
         Aggregated                                                                      7300     0(0.00%) |     45       6    6324     11 |   25.50        0.00

[2026-09-05 02:23:19,902] servidor-proyectos/INFO/locust.main: --run-time limit reached, shutting down
[2026-09-05 02:23:20,012] servidor-proyectos/INFO/locust.main: Shutting down (exit code 0)
Type     Name                                                                          # reqs      # fails |    Avg     Min     Max    Med |   req/s  failures/s
--------|----------------------------------------------------------------------------|-------|-------------|-------|-------|-------|-------|--------|-----------
GET      GET /api/v1/reservas                                                            7285     0(0.00%) |     14       6     396     11 |   24.30        0.00
POST     POST /api/v1/auth/login                                                           50     0(0.00%) |   4513     835    6324   4500 |    0.17        0.00
--------|----------------------------------------------------------------------------|-------|-------------|-------|-------|-------|-------|--------|-----------
         Aggregated                                                                      7335     0(0.00%) |     45       6    6324     11 |   24.47        0.00

Response time percentiles (approximated)
Type     Name                                                                                  50%    66%    75%    80%    90%    95%    98%    99%  99.9% 99.99%   100% # reqs
--------|--------------------------------------------------------------------------------|--------|------|------|------|------|------|------|------|------|------|------|------
GET      GET /api/v1/reservas                                                                   11     12     13     14     17     23     49     99    330    400    400   7285
POST     POST /api/v1/auth/login                                                              4600   5300   5500   5600   6000   6200   6300   6300   6300   6300   6300     50
--------|--------------------------------------------------------------------------------|--------|------|------|------|------|------|------|------|------|------|------|------
         Aggregated                                                                             11     12     13     14     18     25     75    210   5700   6300   6300   7335

